geoid,name,type,wkt,wave
14,Albany Park,community area,"MULTIPOLYGON (((-87.70404 41.97356, -87.70382 41.97306, -87.70376 41.97269, -87.70357 41.97196, -87.70322 41.97125, -87.70306 41.97099, -87.70256 41.97024, -87.70202 41.96963, -87.70188 41.96955, -87.70154 41.96921, -87.70144 41.96895, -87.70108 41.96853, -87.70073 41.96826, -87.70011 41.96766, -87.69987 41.96748, -87.69949 41.96709, -87.69911 41.96674, -87.69902 41.96663, -87.69847 41.96609, -87.69831 41.9659, -87.69793 41.96554, -87.69729 41.96492, -87.69704 41.96473, -87.69667 41.9643, -87.69605 41.96369, -87.69597 41.96357, -87.69562 41.96319, -87.69548 41.96294, -87.69516 41.96218, -87.69493 41.96174, -87.69475 41.96128, -87.70069 41.96124, -87.70496 41.96122, -87.70651 41.96121, -87.70846 41.9612, -87.71341 41.96114, -87.71517 41.96111, -87.7184 41.96108, -87.72239 41.96103, -87.72389 41.96101, -87.726 41.96098, -87.72861 41.96095, -87.72969 41.96094, -87.73383 41.96378, -87.73673 41.96577, -87.73785 41.96655, -87.7379 41.96814, -87.74016 41.96812, -87.74352 41.96809, -87.7459 41.96806, -87.74772 41.96804, -87.74763 41.96814, -87.74751 41.96855, -87.74751 41.96865, -87.7477 41.96912, -87.74785 41.96973, -87.74787 41.97022, -87.7479 41.97126, -87.74792 41.97246, -87.7479 41.97278, -87.74793 41.97311, -87.74798 41.97469, -87.74799 41.97535, -87.74611 41.97538, -87.74485 41.97539, -87.74418 41.97538, -87.74105 41.97541, -87.73848 41.97544, -87.73317 41.97549, -87.73312 41.97366, -87.73204 41.97367, -87.73188 41.9736, -87.73183 41.97185, -87.72813 41.97189, -87.72818 41.97364, -87.72823 41.97554, -87.72731 41.97555, -87.72712 41.97573, -87.72691 41.97586, -87.72656 41.97602, -87.72623 41.9761, -87.72597 41.97613, -87.72568 41.97611, -87.72505 41.97599, -87.72444 41.97582, -87.72421 41.9757, -87.72393 41.97545, -87.72379 41.97525, -87.72355 41.97505, -87.7228 41.97458, -87.72243 41.97442, -87.72177 41.97422, -87.72109 41.97412, -87.72056 41.97409, -87.72013 41.97397, -87.71972 41.97383, -87.71915 41.97359, -87.71871 41.97336, -87.71807 41.97311, -87.71774 41.97292, -87.71696 41.97253, -87.7162 41.9721, -87.71596 41.97199, -87.71567 41.97193, -87.71462 41.97194, -87.71403 41.97198, -87.71365 41.97204, -87.71325 41.97214, -87.71232 41.97245, -87.71202 41.97267, -87.71164 41.97308, -87.7113 41.9737, -87.71115 41.97387, -87.71083 41.97407, -87.71035 41.97426, -87.70936 41.97456, -87.70874 41.97469, -87.70809 41.97471, -87.70779 41.97468, -87.70722 41.97456, -87.70587 41.97423, -87.70553 41.97413, -87.70478 41.97397, -87.70404 41.97356)))",1
1701010,"Alsip, IL",municipality,"MULTIPOLYGON (((-87.7591819015401 41.6832571680456, -87.7590849587244 41.6833964444595, -87.7589233873649 41.6833964444595, -87.7541085608535 41.6834892954021, -87.7541085608535 41.6852998887834, -87.7525897900747 41.6852998887834, -87.7493906771577 41.6859962708531, -87.7494876199734 41.6878068642344, -87.7505216766738 41.688781799132, -87.752202018812 41.690406690628, -87.7492614200701 41.6906852434559, -87.7490998487107 41.6907084561915, -87.7445758506462 41.6908013071341, -87.7442850221992 41.6908013071342, -87.7434125368582 41.6908013071341, -87.7397286753375 41.6908933520586, -87.7396640813191 41.6893853302591, -87.7395994527753 41.6876443750848, -87.7395025099596 41.6836053590804, -87.7394378814159 41.6836053590804, -87.7253488588722 41.6838839119083, -87.723668516734 41.683907124644, -87.72308685984 41.683907124644, -87.7228283456649 41.6839303373796, -87.7200493182824 41.6839767628509, -87.7188536902225 41.6839767628509, -87.7175934336189 41.6836053590804, -87.7174964908032 41.6804020015598, -87.7186921188631 41.6803091506171, -87.7184982332317 41.6767111765903, -87.7149113490521 41.6768040275329, -87.7142973778862 41.6775004096026, -87.7110013221535 41.6775004096026, -87.7099026369093 41.6768040275329, -87.709967265453 41.6764790492337, -87.7101934653563 41.6751094978299, -87.7101611510844 41.6743899030246, -87.7098703226374 41.6704437379628, -87.7098056940936 41.6695152285365, -87.7098056940936 41.6694920158009, -87.7097733798217 41.6694920158009, -87.7048939247665 41.6696080794792, -87.7047969819508 41.6674028695918, -87.6998852126237 41.6674957205344, -87.7000144697112 41.6697009304218, -87.6951027003841 41.6697937813644, -87.6949088147527 41.6664975729011, -87.6949088147527 41.6638977465075, -87.6949088147527 41.6634102790587, -87.699788269808 41.6634102790587, -87.699788269808 41.6623889186898, -87.7017917546651 41.6622960677472, -87.7046030963195 41.6629924498169, -87.7095148656466 41.6657083398888, -87.7095148656466 41.6634102790587, -87.7095148656466 41.6628995988743, -87.7094825513747 41.6628995988743, -87.7080930376835 41.6622960677472, -87.7045061535038 41.6606943889869, -87.7045061535038 41.6603926234233, -87.7045061535038 41.6595105394683, -87.7044738392319 41.6595105394683, -87.7023087830153 41.6596962413536, -87.6995943841766 41.6586052427777, -87.699497441361 41.6551001196935, -87.7043122678725 41.6550072687509, -87.7042799536006 41.6545430140377, -87.7042153250568 41.6519896131154, -87.7187890616787 41.6517110602875, -87.7247025734344 41.6521056767937, -87.7263506013008 41.652291378679, -87.7279986291671 41.6525002932999, -87.7300344282961 41.6530109734843, -87.7331042841256 41.6538002064967, -87.7343645407293 41.6541948230029, -87.7383715104435 41.6554947361997, -87.7384038247154 41.6554947361996, -87.7471609923973 41.6599980069171, -87.7482919919134 41.6606015380442, -87.7486474489043 41.6608104526651, -87.7497138198766 41.6615068347348, -87.7563705598857 41.6614139837922, -87.7581155305677 41.6613907710566, -87.7581155305677 41.6621103658619, -87.7582124733834 41.6649887450834, -87.762413328729 41.6674957205344, -87.7631888712543 41.6662886582802, -87.762994985623 41.6612979201139, -87.7679067549501 41.6612050691713, -87.7679067549501 41.661228281907, -87.7680036977658 41.6645012776346, -87.76619409854 41.6645941285772, -87.7662910413557 41.6662886582802, -87.7681006405814 41.666102956395, -87.7685853546598 41.6684938681677, -87.7780857505952 41.6717900766309, -87.7780857505952 41.6740649247253, -87.7780857505952 41.6741113501967, -87.7782150076827 41.6768968784755, -87.7735940668026 41.6768968784755, -87.7764054084569 41.6794967048691, -87.7783765790422 41.6794967048691, -87.778408893314 41.6794967048691, -87.7784735218578 41.6810055326868, -87.7785381504016 41.6817483402279, -87.7786027789454 41.6830018279533, -87.7764377227288 41.6830018279533, -87.7732062955399 41.6830018279533, -87.759214215812 41.6832107425743, -87.7591819015401 41.6832571680456)), ((-87.739696395591 41.6908941580768, -87.7397286753375 41.6908933520586, -87.7397287098629 41.6908941580768, -87.739696395591 41.6908941580768)))",1
57,Archer Heights,community area,"MULTIPOLYGON (((-87.71437 41.82604, -87.71436 41.82563, -87.71437 41.82451, -87.71432 41.82419, -87.71426 41.82242, -87.71433 41.82223, -87.71433 41.82206, -87.71425 41.81898, -87.71418 41.81672, -87.71401 41.81063, -87.71399 41.81004, -87.71392 41.8095, -87.71387 41.80799, -87.71379 41.80602, -87.714 41.80522, -87.71423 41.80478, -87.71442 41.80452, -87.71474 41.80419, -87.71523 41.80376, -87.71568 41.8036, -87.71773 41.8028, -87.71902 41.80228, -87.71969 41.80201, -87.72297 41.80055, -87.72337 41.80055, -87.72337 41.80022, -87.72821 41.79831, -87.72817 41.79683, -87.73102 41.7968, -87.73197 41.79679, -87.73205 41.79676, -87.73239 41.79679, -87.73551 41.79676, -87.73548 41.79562, -87.73541 41.79546, -87.73607 41.79535, -87.73645 41.79531, -87.73791 41.79529, -87.738 41.79862, -87.73804 41.79962, -87.73816 41.80392, -87.73827 41.80735, -87.73831 41.80873, -87.7385 41.81497, -87.73845 41.81497, -87.73848 41.81602, -87.73853 41.81863, -87.73856 41.81871, -87.73681 41.81926, -87.73011 41.82137, -87.72748 41.8222, -87.72725 41.82225, -87.72674 41.82243, -87.72453 41.82312, -87.71959 41.82468, -87.71858 41.82499, -87.71776 41.82524, -87.71764 41.82529, -87.71437 41.82632, -87.71437 41.82604)))",1
1702154,"Arlington Heights, IL",municipality,"MULTIPOLYGON (((-88.0134952213069 42.097488435847, -88.0097144514959 42.0959099698223, -88.0057074817816 42.0941922273837, -88.0047057393531 42.0953064386952, -88.0046411108093 42.1039415763597, -88.0046087965374 42.104730809372, -88.0046087965374 42.1070985084091, -88.0046087965374 42.10730742303, -88.0046087965374 42.1073770612369, -88.0044472251779 42.1101625895158, -88.004414910906 42.1113928645056, -88.0043825966342 42.1114392899769, -88.0032839113899 42.1128088413807, -88.0038009397402 42.1158032842805, -88.0043825966342 42.1158032842805, -88.004414910906 42.1158032842805, -88.004414910906 42.1187513017089, -88.004414910906 42.124299145531, -88.0049965678 42.124299145531, -88.0049965678 42.1249026766581, -88.0049965678 42.1297077129391, -88.0046734250812 42.1294755855825, -88.0046087965374 42.1294059473756, -88.0031869685743 42.1284077997423, -88.00208828333 42.1285006506849, -88.0018943976987 42.1273400139021, -88.0018943976987 42.1272935884308, -87.9997939700259 42.1256919096704, -87.9995677701227 42.1255758459921, -87.9974996567218 42.1243919964736, -87.9974996567218 42.1281988851214, -87.995108400602 42.1281988851214, -87.995108400602 42.1317040082056, -88.0046734250812 42.1317040082056, -88.0047057393531 42.1317040082056, -88.0046087965374 42.1362072789231, -88.0045441679936 42.1391320836159, -88.0045118537217 42.1409891024685, -88.0045118537217 42.1410123152041, -88.0062891386756 42.14210331378, -88.0073231953761 42.143728205276, -88.0074847667355 42.1440067581039, -88.0097144514959 42.1464905208192, -88.0098113943115 42.1466065844975, -88.00910048033 42.1483011142005, -88.0045118537217 42.1480921995796, -88.0045118537217 42.1509937915367, -88.0080987379014 42.151109855215, -88.009391308777 42.1509009405941, -88.009391308777 42.1536632561373, -88.0044795394498 42.1536400434016, -87.9947852578831 42.1536400434016, -87.9849940335007 42.1535936179303, -87.9850909763164 42.1499956439034, -87.985511061851 42.1463976698766, -87.9890979460306 42.1463976698766, -87.9947852578831 42.1463976698766, -87.9950114577863 42.1440996090465, -87.985511061851 42.1441924599891, -87.9851232905883 42.1418943991591, -87.9850909763164 42.1418015482165, -87.9851232905883 42.1418015482165, -87.9900027456435 42.1418015482165, -87.9900027456435 42.1391088708802, -87.9900027456435 42.1350002166689, -87.9850909763164 42.1350002166689, -87.9851879191321 42.1391088708802, -87.9822473203902 42.1391088708802, -87.9802115212612 42.1391088708802, -87.9802115212612 42.1390856581446, -87.9803084640768 42.1295916492608, -87.9707111253258 42.1294987983182, -87.9707111253258 42.1318897100909, -87.9735870955239 42.1318897100909, -87.9738132954271 42.1342109836566, -87.9738132954271 42.138992807202, -87.9706141825101 42.138992807202, -87.9707111253258 42.1359055133596, -87.9665102699802 42.1357894496813, -87.965702413183 42.1363001298657, -87.9645067851231 42.1363001298657, -87.9645067851231 42.1340020690357, -87.9610168437591 42.133909218093, -87.9609845294872 42.133909218093, -87.9609845294872 42.1324003902753, -87.9609845294872 42.1281524596501, -87.9609845294872 42.1244384219449, -87.9609845294872 42.1243919964736, -87.9562020172476 42.1243919964736, -87.9550063891877 42.1243919964736, -87.9550063891877 42.1207940224468, -87.9562020172476 42.1207940224468, -87.9562020172476 42.1190066418012, -87.9561697029757 42.1190066418012, -87.9513871907361 42.1188905781229, -87.9512902479205 42.1164996663502, -87.9465077356809 42.1164996663502, -87.9465077356809 42.1098376112166, -87.9465077356809 42.10960548386, -87.9499007342292 42.10960548386, -87.9499007342292 42.1070985084091, -87.9512902479205 42.1068895937881, -87.9512902479205 42.1044058310728, -87.9519042190863 42.1025952376916, -87.9611137865747 42.1027113013699, -87.9615015578374 42.1015042391157, -87.9625356145378 42.1005757296894, -87.9632142142475 42.099995411298, -87.9647976135701 42.1009007079886, -87.9639897567728 42.1015042391157, -87.9677058980401 42.1040112145667, -87.9690954117313 42.1027113013699, -87.9668980412429 42.1027113013699, -87.9670919268742 42.1011096226095, -87.9658962988143 42.1011096226095, -87.9658962988143 42.0990901146074, -87.965411584736 42.098300881595, -87.965411584736 42.096002820765, -87.9588841018144 42.0959099698223, -87.9572037596762 42.0961885226502, -87.9606937010402 42.0983937325376, -87.9600151013305 42.0988811999864, -87.9600151013305 42.0989044127221, -87.9582055021047 42.0976509249966, -87.9562020172476 42.0963045863285, -87.9562020172476 42.0963277990642, -87.9561050744319 42.0989972636647, -87.9512902479205 42.0989972636647, -87.9512902479205 42.0953992896379, -87.9548125035564 42.0953992896379, -87.9545539893813 42.0952368004883, -87.9503208197638 42.0922655703242, -87.9498037914136 42.0918941665536, -87.9472509639343 42.0897121694019, -87.9453444218929 42.0880640651702, -87.9447950792707 42.0875998104571, -87.9464107928652 42.0875998104571, -87.9464107928652 42.0807984789095, -87.946475421409 42.0807984789095, -87.9514841335518 42.0807984789095, -87.9513871907361 42.0736025308559, -87.9529059615149 42.0736025308558, -87.9562989600633 42.0736025308558, -87.9562989600633 42.0722329794521, -87.9562989600633 42.0722097667164, -87.9576884737545 42.0717919374746, -87.962794128713 42.0717919374746, -87.9636989283259 42.0723954686017, -87.9660901844456 42.0723954686017, -87.9660901844456 42.0694242384375, -87.9660901844456 42.0664297955378, -87.9660901844456 42.0664065828021, -87.9604998154088 42.0664065828021, -87.9618893291001 42.065803051675, -87.9617923862844 42.062692545097, -87.9677058980401 42.0628086087753, -87.9677058980401 42.0664530082734, -87.9677058980401 42.0664994337447, -87.9701940969755 42.0664994337447, -87.9701940969755 42.0664762210091, -87.9701940969755 42.0625068432117, -87.9738132954271 42.0625068432117, -87.975008923487 42.061810461142, -87.9750735520308 42.057887508816, -87.9751058663027 42.0563090427913, -87.9742980095055 42.0551948314797, -87.9729084958142 42.0551948314797, -87.9730054386299 42.0514111555676, -87.9697093828972 42.0502969442561, -87.9700002113442 42.0477899688051, -87.9700002113442 42.0441919947782, -87.969192354547 42.0441919947782, -87.9690954117313 42.0389459165197, -87.9690954117313 42.0388994910484, -87.9669949840585 42.0381102580361, -87.9669949840585 42.0369031957819, -87.9699032685285 42.0368103448393, -87.9698063257129 42.0330963071341, -87.9706788110539 42.0331427326055, -87.9716159249387 42.0331891580768, -87.971518982123 42.0337694764682, -87.9714866678511 42.0337926892039, -87.972100639017 42.0342105184457, -87.9738132954271 42.0353943679642, -87.9790158932013 42.0382031089787, -87.9791774645607 42.0383423853926, -87.9809870637865 42.0398047877391, -87.981407149321 42.0414064664994, -87.9836045198095 42.0421028485691, -87.9838953482565 42.0405475952801, -87.9838953482565 42.0405011698088, -87.9861250330168 42.0415457429133, -87.995690057496 42.0460954391021, -87.9935896298232 42.050505858877, -87.9931049157449 42.0509004753832, -87.9938804582702 42.0514575810389, -87.9987922275973 42.0550091295945, -87.99917999886 42.0552180442154, -88.0008926552701 42.0561697663773, -88.0013127408047 42.0564018937339, -88.00208828333 42.0566108083548, -88.0070969954728 42.0579107215516, -88.0070646812009 42.0605337606809, -88.0070000526572 42.0666387101587, -88.0070000526572 42.0667083483657, -88.0052227677033 42.0666387101587, -88.0039948253715 42.0665922846874, -88.0039948253715 42.0666387101587, -88.0039948253715 42.0677993469416, -88.0031869685743 42.0701902587142, -88.0031869685743 42.072302617659, -88.0048026821687 42.0743917638682, -88.0048349964406 42.0746238912247, -88.0048673107125 42.0752970605588, -88.0048996249844 42.0755059751797, -88.0047703678968 42.083003688797, -88.0047057393531 42.0883194052624, -88.0047057393531 42.0885051071477, -88.0047380536249 42.0885051071477, -88.0266148156938 42.0885051071477, -88.0267117585095 42.0954921405805, -88.0241912453021 42.095793906144, -88.0241912453021 42.0976044995253, -88.022187760445 42.0986954981012, -88.0195056758782 42.0996936457344, -88.0144000209198 42.0973955849044, -88.0134952213069 42.097488435847)))",1
34,Armour Square,community area,"MULTIPOLYGON (((-87.62917 41.84557, -87.62997 41.84555, -87.62984 41.84134, -87.62976 41.83828, -87.62969 41.83582, -87.62961 41.83277, -87.62956 41.83097, -87.629 41.83097, -87.629 41.83083, -87.62895 41.82884, -87.62894 41.82764, -87.62905 41.82751, -87.62909 41.82733, -87.62904 41.82569, -87.62897 41.82368, -87.62936 41.82368, -87.63162 41.82364, -87.63396 41.82361, -87.63606 41.82521, -87.63607 41.8254, -87.63616 41.82541, -87.6362 41.82723, -87.6364 41.82723, -87.63642 41.82742, -87.63654 41.83225, -87.63658 41.83416, -87.63653 41.83454, -87.63589 41.83454, -87.63593 41.83637, -87.63643 41.83636, -87.63648 41.83818, -87.63638 41.83818, -87.63643 41.84055, -87.63651 41.84365, -87.63829 41.84363, -87.6383 41.84419, -87.63836 41.84619, -87.63953 41.84638, -87.63998 41.84633, -87.6416 41.84631, -87.6416 41.84648, -87.64185 41.84712, -87.64173 41.84729, -87.64243 41.84812, -87.64163 41.84813, -87.64162 41.8482, -87.64225 41.84894, -87.64276 41.8487, -87.64323 41.84853, -87.64347 41.84876, -87.64368 41.84902, -87.644 41.84952, -87.64332 41.8497, -87.64264 41.85003, -87.64218 41.85046, -87.64115 41.8518, -87.64034 41.853, -87.63987 41.8536, -87.63965 41.85396, -87.63939 41.85429, -87.63904 41.85458, -87.63844 41.85489, -87.63748 41.85534, -87.63698 41.85568, -87.63616 41.8563, -87.63549 41.85695, -87.63532 41.85724, -87.63516 41.85773, -87.6341 41.85773, -87.63221 41.85776, -87.63107 41.85777, -87.63023 41.85779, -87.63019 41.85634, -87.63016 41.85551, -87.63016 41.85497, -87.6301 41.85331, -87.63006 41.85289, -87.62935 41.85289, -87.62932 41.85172, -87.62925 41.8489, -87.62923 41.84872, -87.62922 41.84797, -87.6292 41.84751, -87.6292 41.84714, -87.62919 41.84614, -87.62917 41.84557)))",1
70,Ashburn,community area,"MULTIPOLYGON (((-87.71255 41.75734, -87.71184 41.75723, -87.71101 41.75717, -87.70964 41.75719, -87.70902 41.75723, -87.70743 41.75726, -87.70745 41.75713, -87.70695 41.75714, -87.70612 41.7572, -87.70423 41.75723, -87.70278 41.75725, -87.70262 41.7572, -87.70213 41.75721, -87.70118 41.75726, -87.69934 41.7573, -87.69605 41.75735, -87.69191 41.75741, -87.69018 41.75744, -87.68954 41.75749, -87.68877 41.75748, -87.68817 41.75744, -87.68675 41.75745, -87.6867 41.75753, -87.68481 41.75757, -87.6841 41.75756, -87.68325 41.7576, -87.682 41.75761, -87.68154 41.75764, -87.6812 41.75762, -87.67859 41.75765, -87.67853 41.75746, -87.67851 41.75682, -87.67841 41.75532, -87.67837 41.75404, -87.67821 41.74818, -87.67824 41.74745, -87.67814 41.74745, -87.67812 41.7468, -87.67816 41.74656, -87.67814 41.74588, -87.67815 41.74571, -87.67812 41.74449, -87.67808 41.7437, -87.67802 41.74322, -87.67789 41.74254, -87.67764 41.74172, -87.67742 41.74116, -87.67719 41.74066, -87.67689 41.74011, -87.67609 41.7393, -87.6753 41.73868, -87.67436 41.73755, -87.67353 41.73655, -87.67302 41.73594, -87.67279 41.7359, -87.67279 41.73565, -87.67308 41.73566, -87.67337 41.73566, -87.67513 41.73563, -87.67756 41.73559, -87.67818 41.73559, -87.68251 41.73553, -87.68861 41.73542, -87.69233 41.73536, -87.69401 41.73533, -87.69547 41.7353, -87.70124 41.73521, -87.70147 41.73522, -87.70215 41.73519, -87.70769 41.7351, -87.70916 41.73508, -87.71278 41.73502, -87.71399 41.73499, -87.7197 41.73489, -87.72234 41.73484, -87.72359 41.73482, -87.72596 41.73478, -87.72716 41.73473, -87.72791 41.73472, -87.73111 41.73467, -87.73826 41.73455, -87.73861 41.73457, -87.73953 41.73456, -87.74107 41.73452, -87.74095 41.73556, -87.74093 41.73604, -87.74093 41.73687, -87.74098 41.73842, -87.74109 41.74164, -87.7412 41.74433, -87.74123 41.74544, -87.7413 41.74765, -87.74132 41.74872, -87.74139 41.74952, -87.74141 41.75067, -87.74144 41.75149, -87.74147 41.75178, -87.74147 41.75228, -87.7415 41.75267, -87.7415 41.75329, -87.74121 41.75328, -87.7394 41.75314, -87.73912 41.75312, -87.73731 41.75315, -87.73658 41.75316, -87.73658 41.75304, -87.73233 41.75332, -87.73227 41.7532, -87.73201 41.75317, -87.73108 41.75319, -87.7292 41.75322, -87.72725 41.75326, -87.72651 41.75326, -87.72494 41.75329, -87.72428 41.75333, -87.72204 41.75337, -87.7221 41.75413, -87.72215 41.75433, -87.72217 41.75486, -87.72215 41.75552, -87.72218 41.7566, -87.72218 41.7575, -87.72219 41.7578, -87.72229 41.76147, -87.72207 41.76141, -87.7213 41.76111, -87.72062 41.76079, -87.71848 41.75969, -87.71801 41.75949, -87.71723 41.75922, -87.7171 41.7592, -87.71623 41.75878, -87.71622 41.75889, -87.71554 41.75853, -87.71461 41.75811, -87.71392 41.75777, -87.71328 41.75752, -87.71297 41.75743, -87.71255 41.75734)))",1
71,Auburn Gresham,community area,"MULTIPOLYGON (((-87.6399 41.75615, -87.63984 41.75354, -87.63981 41.75272, -87.63976 41.7507, -87.63937 41.75071, -87.63945 41.75049, -87.63949 41.74886, -87.6391 41.74887, -87.63907 41.74794, -87.63906 41.74705, -87.63909 41.74517, -87.63919 41.74343, -87.63729 41.74348, -87.63648 41.74352, -87.63608 41.74398, -87.63595 41.74416, -87.63464 41.74365, -87.63423 41.74351, -87.63411 41.7435, -87.63401 41.73956, -87.63396 41.73947, -87.63404 41.73918, -87.63408 41.73914, -87.63394 41.73861, -87.63388 41.73821, -87.63385 41.73738, -87.63381 41.73595, -87.63413 41.73594, -87.63407 41.7352, -87.63396 41.73289, -87.63391 41.73171, -87.63382 41.73041, -87.6338 41.72998, -87.63374 41.72992, -87.63373 41.72885, -87.63497 41.72886, -87.63535 41.72888, -87.6375 41.72885, -87.64313 41.72877, -87.64374 41.72877, -87.64452 41.72875, -87.64465 41.7288, -87.64467 41.72934, -87.64468 41.72984, -87.64544 41.72982, -87.64582 41.72974, -87.6461 41.72965, -87.64643 41.72951, -87.64671 41.72934, -87.64724 41.72893, -87.64749 41.72863, -87.64795 41.7287, -87.64696 41.73139, -87.64656 41.73244, -87.64651 41.73253, -87.64782 41.73253, -87.64827 41.73244, -87.64862 41.73246, -87.64993 41.73245, -87.65118 41.73243, -87.65567 41.73237, -87.6581 41.73233, -87.65818 41.7323, -87.6594 41.73229, -87.66045 41.73228, -87.6608 41.73226, -87.66168 41.73225, -87.6624 41.73223, -87.66296 41.73219, -87.66333 41.73212, -87.66373 41.73211, -87.66539 41.73209, -87.66533 41.73024, -87.66789 41.73021, -87.66812 41.7302, -87.66915 41.73123, -87.67308 41.73566, -87.67279 41.73565, -87.67279 41.7359, -87.67302 41.73594, -87.67353 41.73655, -87.67436 41.73755, -87.6753 41.73868, -87.67609 41.7393, -87.67689 41.74011, -87.67719 41.74066, -87.67742 41.74116, -87.67764 41.74172, -87.67789 41.74254, -87.67802 41.74322, -87.67808 41.7437, -87.67812 41.74449, -87.67815 41.74571, -87.67814 41.74588, -87.67816 41.74656, -87.67812 41.7468, -87.67814 41.74745, -87.67824 41.74745, -87.67821 41.74818, -87.67837 41.75404, -87.67841 41.75532, -87.67851 41.75682, -87.67853 41.75746, -87.67859 41.75765, -87.67815 41.75766, -87.67713 41.75767, -87.67546 41.75771, -87.67234 41.75776, -87.66969 41.75778, -87.6697 41.75763, -87.66636 41.75767, -87.66547 41.75767, -87.6645 41.7577, -87.66361 41.75774, -87.66361 41.75777, -87.66199 41.75777, -87.65718 41.75784, -87.65664 41.75785, -87.65401 41.75789, -87.65393 41.758, -87.65103 41.75804, -87.64666 41.75811, -87.64653 41.75807, -87.64433 41.75811, -87.64424 41.75814, -87.64418 41.75609, -87.64408 41.75608, -87.6399 41.75615)))",1
25,Austin,community area,"MULTIPOLYGON (((-87.78942 41.91752, -87.78896 41.91731, -87.78816 41.91702, -87.78742 41.91678, -87.78703 41.91668, -87.78644 41.91657, -87.78561 41.91648, -87.7849 41.91646, -87.78175 41.9165, -87.7784 41.91656, -87.7664 41.91673, -87.76523 41.91672, -87.76462 41.91669, -87.76381 41.91664, -87.76289 41.91654, -87.75925 41.9161, -87.75751 41.91577, -87.75588 41.91541, -87.75589 41.9155, -87.75509 41.91548, -87.7483 41.91465, -87.74772 41.91458, -87.74702 41.91453, -87.74601 41.9144, -87.74601 41.91448, -87.74134 41.91391, -87.7413 41.91284, -87.74128 41.91206, -87.74134 41.91108, -87.74132 41.91064, -87.74137 41.91001, -87.74138 41.90944, -87.74137 41.90905, -87.74141 41.90867, -87.74135 41.90858, -87.74134 41.90793, -87.74116 41.90064, -87.74134 41.90064, -87.74134 41.90007, -87.74133 41.89951, -87.74121 41.89879, -87.74112 41.89879, -87.74107 41.89694, -87.74102 41.89652, -87.7411 41.89645, -87.74117 41.89606, -87.74115 41.89579, -87.74104 41.895, -87.74076 41.89283, -87.74058 41.89147, -87.74075 41.89147, -87.74069 41.89072, -87.7406 41.88783, -87.74033 41.88037, -87.74021 41.87692, -87.73951 41.87692, -87.73949 41.87619, -87.73945 41.87531, -87.73939 41.87328, -87.74008 41.87326, -87.74003 41.87169, -87.73997 41.86969, -87.73989 41.86897, -87.73977 41.86597, -87.73998 41.86597, -87.74317 41.86592, -87.74508 41.8659, -87.75305 41.86578, -87.76258 41.86564, -87.76399 41.86562, -87.76457 41.8656, -87.7726 41.86549, -87.77414 41.86547, -87.77414 41.86572, -87.77427 41.86926, -87.77429 41.87003, -87.77428 41.87074, -87.77434 41.87137, -87.77442 41.87301, -87.77444 41.87379, -87.7745 41.8756, -87.77463 41.87944, -87.77471 41.88177, -87.77498 41.89026, -87.77516 41.8955, -87.77524 41.89778, -87.77525 41.89858, -87.77536 41.90184, -87.77559 41.90889, -87.7756 41.90926, -87.78194 41.90918, -87.78305 41.90918, -87.78697 41.90913, -87.7899 41.9091, -87.79745 41.909, -87.80011 41.90896, -87.80257 41.90894, -87.80575 41.90885, -87.80577 41.9096, -87.80582 41.91056, -87.80589 41.91238, -87.80611 41.9196, -87.80623 41.92309, -87.80623 41.92338, -87.80559 41.92322, -87.80473 41.92299, -87.80402 41.92277, -87.80327 41.92251, -87.80253 41.92225, -87.80073 41.92159, -87.79512 41.91955, -87.79511 41.91945, -87.79152 41.91814, -87.78942 41.91752)))",1
45,Avalon Park,community area,"MULTIPOLYGON (((-87.58566 41.7515, -87.58475 41.7509, -87.58263 41.74938, -87.58103 41.74823, -87.57675 41.74515, -87.57228 41.74193, -87.56998 41.74027, -87.56694 41.73809, -87.5657 41.7372, -87.57014 41.73714, -87.57404 41.73708, -87.58184 41.73697, -87.58729 41.73689, -87.5898 41.73686, -87.59535 41.73678, -87.59722 41.73993, -87.59749 41.74043, -87.5977 41.74098, -87.59778 41.74128, -87.59787 41.74184, -87.59788 41.74226, -87.59783 41.74333, -87.59787 41.74405, -87.59761 41.74406, -87.59745 41.74534, -87.59728 41.7468, -87.59783 41.74679, -87.59768 41.74747, -87.59762 41.74796, -87.59722 41.74969, -87.59718 41.75008, -87.59708 41.75053, -87.59738 41.7506, -87.59721 41.75137, -87.59549 41.75139, -87.59553 41.75315, -87.5956 41.75503, -87.59622 41.75503, -87.5958 41.75686, -87.59306 41.75688, -87.59109 41.75547, -87.58582 41.75167, -87.58582 41.75151, -87.58566 41.7515)))",1
21,Avondale,community area,"MULTIPOLYGON (((-87.68799 41.93611, -87.68797 41.93552, -87.68792 41.93259, -87.68788 41.93219, -87.68886 41.93217, -87.69014 41.93216, -87.69119 41.93215, -87.69319 41.93214, -87.69376 41.93214, -87.69428 41.93213, -87.69636 41.93211, -87.69662 41.93211, -87.69853 41.9321, -87.70352 41.93206, -87.70464 41.93205, -87.70706 41.93204, -87.70784 41.93204, -87.71127 41.93199, -87.71225 41.93199, -87.71273 41.93197, -87.71415 41.93196, -87.715 41.93194, -87.71664 41.93193, -87.71888 41.9319, -87.72289 41.93185, -87.72534 41.93182, -87.72665 41.93181, -87.72898 41.93177, -87.73146 41.93174, -87.73256 41.93387, -87.73498 41.93855, -87.73522 41.939, -87.73142 41.93905, -87.72719 41.93911, -87.72721 41.94015, -87.72726 41.94146, -87.72733 41.94418, -87.7274 41.94638, -87.72459 41.94642, -87.72215 41.94646, -87.72088 41.94647, -87.71593 41.94653, -87.71463 41.94654, -87.71419 41.94656, -87.71234 41.94658, -87.71034 41.94661, -87.70884 41.94663, -87.70738 41.94665, -87.70343 41.94666, -87.70197 41.94666, -87.70088 41.94666, -87.70028 41.94668, -87.6962 41.94671, -87.69619 41.94658, -87.69548 41.94359, -87.69545 41.94332, -87.69528 41.94278, -87.695 41.94235, -87.69491 41.94219, -87.69446 41.94152, -87.69408 41.94103, -87.69387 41.9407, -87.69363 41.94027, -87.69331 41.93994, -87.69306 41.93979, -87.69279 41.93953, -87.69244 41.93939, -87.69234 41.93923, -87.6919 41.93901, -87.69167 41.93893, -87.69149 41.9388, -87.69106 41.93825, -87.69087 41.93786, -87.69072 41.93741, -87.69041 41.93691, -87.69007 41.93666, -87.68993 41.93662, -87.68925 41.93653, -87.68878 41.9365, -87.68849 41.93644, -87.68799 41.93611)))",1
1703883,"Barrington Hills, IL",municipality,"MULTIPOLYGON (((-88.1553871891717 42.1542435745287, -88.1553871891717 42.1541971490574, -88.1506046769321 42.1541971490574, -88.1507016197478 42.1518062372847, -88.1503138484851 42.1424979302862, -88.1485042492593 42.1437049925403, -88.1477933352778 42.1424050793436, -88.1463068787709 42.1415926335956, -88.1410073381811 42.1417086972738, -88.1409103953654 42.1411051661468, -88.1369034256511 42.1427068449071, -88.1361278831258 42.1414069317103, -88.1359986260383 42.1411980170894, -88.1361278831258 42.1411980170894, -88.138389882158 42.1409891024685, -88.138389882158 42.1401998694561, -88.1361278831258 42.1402927203988, -88.1359986260383 42.1402927203988, -88.1359986260383 42.1376000430625, -88.1361601973977 42.1376000430625, -88.138389882158 42.1375071921199, -88.138389882158 42.1366018954293, -88.1384868249737 42.1317968591482, -88.1411042809967 42.1317968591482, -88.1412981666281 42.1281988851214, -88.1413951094437 42.125111591279, -88.1507985625634 42.1252044422216, -88.1507985625634 42.1175906649261, -88.1460160503239 42.1174049630408, -88.1458867932363 42.1138998399566, -88.1411042809967 42.1138998399566, -88.1379051680797 42.1138998399566, -88.1392946817709 42.1119963956327, -88.1381959965267 42.1120892465753, -88.1381959965267 42.1103947168724, -88.1411042809967 42.1103947168724, -88.1466300214898 42.1103250786654, -88.1485042492593 42.1103018659298, -88.1606867297615 42.1103018659297, -88.1606867297615 42.1103482914011, -88.160815986849 42.1210029370677, -88.1649845279227 42.1211886389529, -88.1651137850103 42.1223028502645, -88.1775547796876 42.1140391163705, -88.1775870939595 42.1139926908992, -88.175971380365 42.1135284361861, -88.1759067518212 42.1135052234504, -88.1758421232774 42.1134587979791, -88.1719967249226 42.1111375244134, -88.1706072112314 42.1103018659298, -88.1749050093927 42.1103018659298, -88.1763914658996 42.1100001003662, -88.1796552073604 42.1100001003662, -88.1813032352267 42.1100001003662, -88.1854071477566 42.1034076834396, -88.1899957743649 42.1032916197613, -88.1898988315492 42.0976973504679, -88.1916114879593 42.0980919669741, -88.1945844009731 42.0980919669741, -88.1945844009731 42.0973027339618, -88.1972987998118 42.0973027339618, -88.1973957426274 42.096002820765, -88.1943905153418 42.096002820765, -88.1942935725261 42.0925905486234, -88.2091904518669 42.0924976976807, -88.2091904518669 42.0888068727113, -88.2043109968117 42.088690809033, -88.2043109968117 42.0849999840635, -88.1972987998118 42.0849071331209, -88.1997869987472 42.0808913298522, -88.2090935090513 42.0810073935304, -88.2090935090513 42.0849999840635, -88.2148131351756 42.0850928350061, -88.215007020807 42.0891086382748, -88.2186908478023 42.0892014892174, -88.218787790618 42.0922887830598, -88.2289021577193 42.0922887830598, -88.2300977857792 42.0927994632443, -88.2382732965671 42.0925905486234, -88.2382409822952 42.0960260335006, -88.238305610839 42.1002739641259, -88.238305610839 42.1066110409603, -88.238305610839 42.1089091017903, -88.238305610839 42.1133891597721, -88.238305610839 42.1134355852435, -88.2383379251109 42.1188209399159, -88.2383379251109 42.1246241238302, -88.2383379251109 42.1289184799268, -88.2383379251109 42.1295916492608, -88.2383379251109 42.132284326597, -88.238305610839 42.1395267001221, -88.238305610839 42.1401534439848, -88.238305610839 42.1419640373661, -88.238305610839 42.1449352675302, -88.2384025536547 42.1508777278584, -88.2384348679265 42.1542435745287, -88.2370776685072 42.15429, -88.2356558405441 42.15429, -88.2310995282077 42.15429, -88.2279650438345 42.15429, -88.224604359558 42.15429, -88.216751991489 42.15429, -88.2154917348853 42.1542667872644, -88.2118725364337 42.1542667872643, -88.2072192812817 42.1542667872643, -88.2062821673969 42.15429, -88.2058620818624 42.1542667872643, -88.1995931131159 42.1542667872643, -88.1926455446598 42.1542435745287, -88.1901573457243 42.1542435745287, -88.1838560627059 42.1542435745287, -88.1776840367751 42.154220361793, -88.1769408085217 42.1542435745287, -88.1732246672544 42.154220361793, -88.1569382742224 42.154220361793, -88.1556133890749 42.1542435745287, -88.1553871891717 42.1542435745287)))",1
1703844,"Barrington, IL",municipality,"MULTIPOLYGON (((-88.1099856371676 42.146095904313, -88.1093070374579 42.146908350061, -88.1093070374579 42.1487885816493, -88.108111409398 42.1489046453276, -88.108111409398 42.146908350061, -88.1010022695824 42.146908350061, -88.1002913556009 42.1457941387495, -88.098804899094 42.1398981038926, -88.0974153854027 42.1363929808084, -88.0977062138497 42.1350930676116, -88.1064956958036 42.139596338329, -88.1119891220247 42.139596338329, -88.1179026337804 42.1392945727655, -88.1198091758218 42.1394106364438, -88.1201969470845 42.1425907812288, -88.1216834035914 42.1426372067001, -88.1254964876743 42.1427068449071, -88.1253995448587 42.1396891892717, -88.1217157178633 42.1394106364438, -88.1215864607757 42.1382035741896, -88.1217157178633 42.1301023294453, -88.1249148307803 42.1288024162485, -88.12559343049 42.1287095653059, -88.1362894544853 42.1284077997423, -88.1363217687571 42.1284077997423, -88.1412981666281 42.1281988851214, -88.1411042809967 42.1317968591482, -88.1384868249737 42.1317968591482, -88.138389882158 42.1366018954293, -88.1361925116696 42.1366018954293, -88.1361925116696 42.135603747796, -88.1361601973977 42.135603747796, -88.1265951729185 42.1359055133596, -88.1265951729185 42.1431014614133, -88.1313130566143 42.1430086104706, -88.1328964559369 42.1415926335956, -88.1345121695314 42.1415926335956, -88.1353846548724 42.1427996958497, -88.1361278831258 42.1427532703784, -88.1369034256511 42.1427068449071, -88.1409103953654 42.1411051661468, -88.1410073381811 42.1417086972738, -88.1463068787709 42.1415926335956, -88.1477933352778 42.1424050793436, -88.1485042492593 42.1437049925403, -88.1503138484851 42.1424979302862, -88.1507016197478 42.1518062372847, -88.1506046769321 42.1541971490574, -88.1553871891717 42.1541971490574, -88.1553871891717 42.1542435745287, -88.1527051046049 42.154220361793, -88.1507339340197 42.154220361793, -88.1485688778031 42.154220361793, -88.1478256495496 42.154220361793, -88.1415889950751 42.154220361793, -88.1364510258447 42.154220361793, -88.1360955688539 42.154220361793, -88.1339951411811 42.154220361793, -88.1272414583563 42.1541971490574, -88.1261427731121 42.1541971490574, -88.12268514602 42.1541739363217, -88.1215541465039 42.1541971490574, -88.120067689997 42.1541739363217, -88.1182580907712 42.1541739363217, -88.1127323502781 42.1541275108504, -88.111892179209 42.1541275108504, -88.1084668663888 42.1541042981147, -88.111892179209 42.1541042981147, -88.111601350762 42.1516901736064, -88.111892179209 42.146908350061, -88.1099856371676 42.146095904313), (-88.1051061821123 42.1425907812288, -88.1033935257022 42.1424979302862, -88.1023917832736 42.1431014614133, -88.1023917832736 42.1444942255527, -88.1031026972552 42.1450977566798, -88.1065926386192 42.1448888420589, -88.1072066097851 42.1456084368642, -88.1091131518266 42.1457941387495, -88.1120860648404 42.1451906076224, -88.1122153219279 42.1440996090465, -88.108693066292 42.1444013746101, -88.1083052950293 42.1447959911162, -88.1060109817252 42.143797843483, -88.1051061821123 42.1425907812288)), ((-88.1083052950293 42.1506920259732, -88.1078852094948 42.1541042981148, -88.1051061821123 42.1540810853791, -88.1023271547299 42.1540578726434, -88.1019070691953 42.1540578726434, -88.102004012011 42.1505063240879, -88.1083052950293 42.1506920259732)))",1
1704013,"Bartlett, IL",municipality,"MULTIPOLYGON (((-88.258114259507 42.0125066106063, -88.2565954887282 42.0120887813644, -88.2530086045485 42.010696017225, -88.2529116617328 42.0094889549708, -88.2491955204656 42.0093032530856, -88.2469012071615 42.008397956395, -88.2469012071615 42.0083515309236, -88.247612121143 41.9939132093449, -88.247612121143 41.9938899966093, -88.2377885824888 41.9940989112302, -88.2376916396731 41.993704294724, -88.2376916396731 41.9868101122338, -88.2413431523966 41.9867404740269, -88.2422156377376 41.9867404740269, -88.2510051196914 41.9865779848773, -88.2510051196914 41.9866011976129, -88.2528793474609 41.9865547721416, -88.2628644574747 41.9863690702564, -88.2629290860184 41.9936114437814, -88.2630260288341 41.9974879706361, -88.2630260288573 42.0000183161021, -88.2628967717465 41.9936114437814, -88.2525885190139 41.9937971456666, -88.2525885190139 41.9938435711379, -88.2526854618296 41.9990896493965, -88.2517160336729 42.0015037739048, -88.2515867765854 42.0051017479316, -88.2630906573779 42.005008896989, -88.2631552859217 42.0090014875221, -88.2630906573779 42.009001487522, -88.2631876001935 42.0112763356164, -88.2631876001935 42.0119030794792, -88.2606024584424 42.012390546928, -88.258114259507 42.0125066106063)), ((-88.263058343106 42.0016198375831, -88.2630260288341 42.0008770300421, -88.2630260288573 42.0000183161021, -88.263058343106 42.0016198375831)), ((-88.2227947603322 41.9957934409331, -88.2227947603322 41.9944006767937, -88.2181091909083 41.9944006767937, -88.2181091909083 42.0001110097654, -88.2227947603322 42.0005984772142, -88.2228917031479 42.0002967116506, -88.2306148141294 42.000203860708, -88.2308086997607 41.9941917621728, -88.2366898972445 41.9940989112302, -88.2365929544289 41.9944935277363, -88.2364960116132 41.9957934409331, -88.2349772408344 42.0038250474705, -88.2349126122906 42.004196451241, -88.2342016983091 42.0066105757494, -88.2338139270464 42.0090943384647, -88.2328121846178 42.0135047582395, -88.2289991005349 42.0133886945613, -88.2285143864566 42.0089086365794, -88.2261877588806 42.0089086365794, -88.2256061019866 42.0093961040282, -88.2254122163553 42.0150832242642, -88.2254122163553 42.0151064369999, -88.2226978175166 42.0150367987929, -88.221405246641 42.0149903733216, -88.2199187901341 42.0146421822867, -88.2196925902309 42.0145957568154, -88.2173013341111 42.0129012271124, -88.215007020807 42.0122744832497, -88.2137790784752 42.0119262922148, -88.2132943643969 42.0118102285366, -88.2131004787655 42.0126923124915, -88.2119048507056 42.0126923124915, -88.2119048507056 42.0112531228808, -88.2119048507056 42.0112066974095, -88.2112908795397 42.0109977827886, -88.2063144816688 42.0093032530856, -88.2032123115675 42.0099067842127, -88.2032123115675 42.0101389115692, -88.2032123115675 42.012251270514, -88.2032123115675 42.0128083761698, -88.2031799972956 42.0128083761698, -88.1984944278717 42.0128083761698, -88.1984944278717 42.0110906337312, -88.1939058012634 42.0112066974095, -88.1939058012634 42.0096978695918, -88.1951014293233 42.0093961040282, -88.1948106008763 42.0077015743252, -88.1945844009731 42.0060070446223, -88.1923870304846 42.0060998955649, -88.1898988315492 42.0060070446223, -88.1887032034893 42.0060070446223, -88.1866350900884 42.0057981300014, -88.1866027758165 42.0057981300014, -88.1838883769778 42.005890980944, -88.1838883769778 42.0035929201139, -88.1813032352267 42.0029893889868, -88.1813032352267 42.0029661762512, -88.1814001780424 42.0022930069171, -88.1787504077475 42.0023858578598, -88.178588836388 42.0024090705954, -88.1764884087152 42.0018751776753, -88.1741940954111 42.0012948592839, -88.1740971525954 41.9982075654415, -88.1741940954111 41.9940060602875, -88.1714150680287 41.9941917621728, -88.1722875533697 41.992009765021, -88.1740002097798 41.9911044683304, -88.1599111872361 41.9892938749491, -88.1600727585956 41.9879011108097, -88.164047414038 41.9878314726027, -88.167246526955 41.9877618343958, -88.1687652977337 41.9877386216601, -88.1696054688029 41.9877386216601, -88.1712858109411 41.9877154089245, -88.1736124385171 41.9876921961888, -88.1784595793005 41.9876689834531, -88.1835652342589 41.9875993452462, -88.1844377195999 41.9875993452462, -88.1859564903787 41.9876457707175, -88.188800146305 41.9875993452462, -88.1900280886367 41.9875761325105, -88.1920315734939 41.9875064943036, -88.1936472870883 41.9874600688322, -88.1985590564154 41.9874136433609, -88.2027922260329 41.9874600688322, -88.2034061971988 41.9874600688322, -88.2074131669131 41.9873207924183, -88.208285652254 41.9872975796826, -88.2111939367241 41.9872975796826, -88.2110000510927 41.9885046419368, -88.2078009381757 41.9885046419368, -88.2080917666227 41.9909884046521, -88.2093843374983 41.9908955537095, -88.2092873946826 41.9944935277363, -88.2112908795397 41.9944935277363, -88.2110969939084 41.9909884046521, -88.2119048507056 41.9909884046521, -88.21180790789 41.9892010240065, -88.218206133724 41.9917079994575, -88.2184000193553 41.9882028763733, -88.2186908478023 41.987135090533, -88.2229886459636 41.9871118777974, -88.228385129369 41.9870190268547, -88.2287082720879 41.9867172612912, -88.2313903566547 41.9866476230842, -88.2322628419957 41.9869493886478, -88.2344925267561 41.9869029631765, -88.2344602124842 41.9868333249695, -88.2344925267561 41.9868333249695, -88.2345894695717 41.9909884046521, -88.227803472475 41.9909884046521, -88.2279004152907 41.9943078258511, -88.2250890736364 41.9943078258511, -88.2250890736364 41.9957934409331, -88.2227947603322 41.9957934409331), (-88.2181091909083 42.0005056262715, -88.2181091909083 42.0024090705954, -88.2196925902309 42.0024090705954, -88.2196925902309 42.0015037739048, -88.2196925902309 42.0006913281568, -88.2181091909083 42.0005056262715), (-88.2033092543831 42.0021073050319, -88.201596597973 42.0028036871016, -88.2021136263233 42.0047071314255, -88.2032446258394 42.0047071314255, -88.2033092543831 42.0047071314255, -88.2033092543831 42.0035929201139, -88.2078978809914 42.0035929201139, -88.2078978809914 42.0021073050319, -88.203341568655 42.0021073050319, -88.2033092543831 42.0021073050319), (-88.2133913072125 42.0064945120711, -88.2181091909083 42.0064016611285, -88.2181091909083 42.005890980944, -88.2133913072125 42.0057052790587, -88.2133913072125 42.0064945120711), (-88.1971049141804 42.0093961040282, -88.2006917983601 42.0093961040282, -88.2012088267104 42.0074926597043, -88.2019843692357 42.0060070446223, -88.1972987998118 42.0064016611285, -88.1971049141804 42.0093961040282)))",2
1704572,"Bedford Park, IL",municipality,"MULTIPOLYGON (((-87.8306933852305 41.7839075898549, -87.8272034438665 41.783698675234, -87.8262986442536 41.7832112077852, -87.8261370728942 41.7831415695782, -87.8259108729909 41.7830022931642, -87.8259108729909 41.7829790804286, -87.8295946999863 41.7787079370677, -87.8282051862951 41.778011554998, -87.8245213592997 41.7821666346806, -87.8244890450278 41.7821898474162, -87.8244890450278 41.7821434219449, -87.8239073881338 41.7808899342195, -87.8221947317237 41.7807970832768, -87.822097788908 41.7807274450699, -87.8206759609449 41.7797525101723, -87.8202881896823 41.77949717008, -87.8202881896823 41.7794739573444, -87.8202881896823 41.7768973436864, -87.8183493333689 41.7768973436864, -87.8164104770556 41.7768973436864, -87.8163135342399 41.7768509182151, -87.8144069921984 41.7758063451105, -87.8148917062768 41.7750171120982, -87.8148917062768 41.7749938993625, -87.8120803646224 41.7744135809711, -87.8120157360787 41.7743903682355, -87.8063284242262 41.7743903682355, -87.8057144530603 41.7743903682355, -87.8057144530603 41.7743207300285, -87.8057144530603 41.7725101366472, -87.8041956822815 41.7726029875899, -87.8010253907728 41.7762605635384, -87.8009965693645 41.7761777488811, -87.8008026837332 41.7739029007867, -87.8008026837332 41.7737171989014, -87.8008026837332 41.7736939861657, -87.7816080062311 41.7739957517293, -87.7640613565953 41.7743671554998, -87.7628657285354 41.7743903682355, -87.7615731576599 41.7743903682355, -87.7602805867843 41.7744367937068, -87.7549164176507 41.7745296446494, -87.7522666473558 41.7745760701207, -87.7486151346323 41.7746457083277, -87.7443819650149 41.7747153465347, -87.7421845945264 41.7747849847416, -87.7420876517107 41.7727190512681, -87.7420553374389 41.7711405852435, -87.7419907088951 41.7705138413807, -87.7418937660794 41.7687032479995, -87.7418937660794 41.7684479079072, -87.7418614518075 41.7675658239523, -87.7417968232638 41.7671944201818, -87.7417968232638 41.7670087182965, -87.7418937660794 41.7642928282246, -87.7418614518075 41.7625982985216, -87.7417968232638 41.7615305126814, -87.7417968232638 41.7612287471179, -87.7417968232638 41.7608341306117, -87.7417645089919 41.7601609612776, -87.7416998804481 41.7591396009087, -87.7416029376324 41.7564933490438, -87.746385449872 41.7564004981012, -87.7491967915263 41.7544970537773, -87.7512972191991 41.7544970537773, -87.7513941620148 41.7566094127221, -87.7609915007658 41.7564004981012, -87.7609915007658 41.7560987325376, -87.7808001494338 41.7554023504679, -87.7803154353555 41.7521061420046, -87.7945983435305 41.7518043764411, -87.7947922291618 41.7482064024142, -87.7949861147931 41.7538935226502, -87.7951153718807 41.7557969669741, -87.7954062003277 41.762505447579, -87.7995101128576 41.7626911494643, -87.8002856553829 41.7626911494643, -87.8007057409175 41.7664051871694, -87.8012873978115 41.7664051871694, -87.8044865107285 41.7691907154483, -87.8082026519957 41.7691907154483, -87.8101091940372 41.7667069527329, -87.8101415083091 41.7675426112166, -87.8102061368529 41.7694924810118, -87.8187047903597 41.7691907154483, -87.8199004184196 41.768192567815, -87.822388617355 41.7648963593517, -87.8252969018251 41.7622036820155, -87.8379964106774 41.7619019164519, -87.8391920387373 41.7621108310728, -87.8452024933087 41.7619251291876, -87.8457841502027 41.7619019164519, -87.8462042357373 41.7619019164519, -87.8464950641843 41.761693001831, -87.8540889180782 41.7613912362675, -87.8498880627326 41.7664051871694, -87.8440068652488 41.7735082842805, -87.842197266023 41.7745992828564, -87.8417125519447 41.7756902814323, -87.8396121242719 41.7772919601926, -87.8359929258203 41.7806113813916, -87.8315981848434 41.783698675234, -87.8326968700876 41.783698675234, -87.8311134707651 41.7850914393734, -87.8306933852305 41.7839075898549)), ((-87.8009965693645 41.7762938125593, -87.8010253907728 41.7762605635384, -87.8010288836364 41.7762705998237, -87.8009965693645 41.7762938125593)))",2
1704975,"Bellwood, IL",municipality,"MULTIPOLYGON (((-87.8973900424095 41.884906202699, -87.8973577281376 41.8849294154347, -87.8962590428934 41.8853704574122, -87.8961944143496 41.8853936701478, -87.8961944143496 41.8854400956192, -87.8956127574556 41.8863918177811, -87.8956450717275 41.8872739017361, -87.8957097002713 41.889107707853, -87.8967760712436 41.889107707853, -87.8985856704694 41.889107707853, -87.8984887276537 41.8924967672589, -87.8984564133819 41.8924967672589, -87.8970022711468 41.8925896182016, -87.895806643087 41.8926824691442, -87.8955158146399 41.8927056818798, -87.8929953014326 41.8924967672589, -87.8850783048198 41.892427129052, -87.8835272197691 41.8924039163163, -87.8834949054972 41.8924039163163, -87.8784861933544 41.8927056818798, -87.8727019386863 41.8927056818798, -87.8640093995481 41.8928913837651, -87.8639124567325 41.8911968540621, -87.8601640011933 41.890732599349, -87.8598085442026 41.8907093866133, -87.8595823442993 41.8857418611827, -87.8594530872118 41.8820510362132, -87.8592592015804 41.877594190967, -87.8591945730367 41.8759925122067, -87.8589037445897 41.871303539604, -87.8594854014837 41.8712803268683, -87.8605194581841 41.8712571141327, -87.8632015427509 41.8712106886613, -87.8648818848891 41.8711410504544, -87.868113312078 41.8710017740404, -87.8778722221885 41.8707000084769, -87.8779045364604 41.8707000084769, -87.8800049641332 41.8707928594195, -87.8810067065618 41.8708160721552, -87.8826224201562 41.8708857103621, -87.8827839915157 41.8709089230978, -87.8832363913221 41.8806814848095, -87.8833010198659 41.8824920781907, -87.8874695609396 41.8814707178218, -87.8890206459903 41.8810761013156, -87.8895053600686 41.8809600376373, -87.8917996733727 41.8804029319816, -87.8978747564879 41.8808903994304, -87.8991026988196 41.8810064631086, -87.8993935272666 41.8830956093178, -87.8979716993035 41.8843723097789, -87.8974223566814 41.8848829899634, -87.8973900424095 41.884906202699)))",2
19,Belmont Cragin,community area,"MULTIPOLYGON (((-87.74134 41.91391, -87.74601 41.91448, -87.74601 41.9144, -87.74702 41.91453, -87.74772 41.91458, -87.7483 41.91465, -87.75509 41.91548, -87.75589 41.9155, -87.75588 41.91541, -87.75751 41.91577, -87.75925 41.9161, -87.76289 41.91654, -87.76381 41.91664, -87.76462 41.91669, -87.76523 41.91672, -87.7664 41.91673, -87.7784 41.91656, -87.78175 41.9165, -87.7849 41.91646, -87.78561 41.91648, -87.78644 41.91657, -87.78703 41.91668, -87.78742 41.91678, -87.78816 41.91702, -87.78896 41.91731, -87.78942 41.91752, -87.78964 41.91768, -87.78994 41.91802, -87.79008 41.91822, -87.79023 41.91868, -87.79026 41.91899, -87.7905 41.92656, -87.79069 41.93278, -87.79059 41.93278, -87.7907 41.9363, -87.79072 41.9366, -87.79077 41.93825, -87.78651 41.93832, -87.78399 41.93836, -87.77906 41.93842, -87.77621 41.93846, -87.77054 41.93853, -87.76847 41.93856, -87.766 41.93859, -87.76255 41.93864, -87.76108 41.93865, -87.75709 41.93871, -87.74664 41.93884, -87.74365 41.93888, -87.74217 41.9389, -87.74206 41.93593, -87.74193 41.93214, -87.7418 41.92881, -87.74165 41.92465, -87.74159 41.92263, -87.74141 41.91632, -87.74137 41.91519, -87.74134 41.91391)))",2
1705404,"Berkeley, IL",municipality,"MULTIPOLYGON (((-87.920559375354 41.8996927153126, -87.9192991187503 41.8998087789909, -87.9129008929163 41.8998087789909, -87.9107035224278 41.8999016299336, -87.9045961250408 41.8996927153126, -87.9034004969809 41.8998087789909, -87.9034004969809 41.8967911233555, -87.9034004969809 41.8966054214702, -87.9031096685339 41.8934252766852, -87.9031096685339 41.8934020639496, -87.9003629554233 41.8931467238573, -87.8955158146399 41.8927056818798, -87.895806643087 41.8926824691442, -87.8970022711468 41.8925896182016, -87.8984564133819 41.8924967672589, -87.8984887276537 41.8924967672589, -87.8985856704694 41.889107707853, -87.8967760712436 41.889107707853, -87.8957097002713 41.889107707853, -87.8956450717275 41.8872739017361, -87.8956127574556 41.8863918177811, -87.8961944143496 41.8854400956192, -87.8961944143496 41.8853936701478, -87.8962590428934 41.8853704574122, -87.8973577281376 41.8849294154347, -87.8973900424095 41.884906202699, -87.9009446123173 41.8848365644921, -87.9033035541652 41.8847901390208, -87.9033035541652 41.8853704574122, -87.9033035541652 41.8853936701478, -87.9078275522297 41.8853936701478, -87.910638893884 41.8853936701478, -87.9107035224278 41.8853936701478, -87.9108004652435 41.8823528017768, -87.9108004652435 41.8823063763054, -87.9114144364094 41.8822367380985, -87.9129978357319 41.8820974616845, -87.9129978357319 41.8767585324834, -87.9129978357319 41.8749943645734, -87.9182004335061 41.8736944513767, -87.9190082903033 41.8735087494914, -87.9204624325383 41.8731141329852, -87.9204947468102 41.8764103414485, -87.9204947468102 41.8806814848095, -87.9204947468102 41.8807046975451, -87.9205916896259 41.8810993140513, -87.9205916896259 41.8880167092771, -87.9205916896259 41.8895023243592, -87.9205916896259 41.8907790248203, -87.9205916896259 41.8934949148922, -87.920559375354 41.8948180408246, -87.920559375354 41.8973250162756, -87.920559375354 41.8985320785298, -87.920559375354 41.8996927153126)))",2
1705573,"Berwyn, IL",municipality,"MULTIPOLYGON (((-87.8041956822815 41.8649896755052, -87.7888464031342 41.8652450155975, -87.7871337467241 41.8652682283331, -87.7816726347748 41.8653610792757, -87.7789905502081 41.8654075047471, -87.7789905502081 41.8653842920114, -87.7786027789454 41.8508299067544, -87.7783119504984 41.8398038573172, -87.7780211220514 41.8295438281568, -87.7779888077795 41.8287545951444, -87.7779888077795 41.8281046385461, -87.7777949221481 41.8215354343551, -87.7777949221481 41.8214890088838, -87.7810909778809 41.8214890088838, -87.8026122829589 41.8210943923776, -87.8026122829589 41.8211408178489, -87.8026445972308 41.8221157527465, -87.8027092257746 41.8236942187712, -87.8031293113092 41.8353934375424, -87.8032585683967 41.839478879018, -87.8032908826686 41.840291324766, -87.8032908826686 41.8403841757087, -87.8033555112124 41.8410573450427, -87.8034201397562 41.8421483436186, -87.8034847682999 41.8431000657806, -87.8036463396594 41.8469765926353, -87.8038079110188 41.8514102251458, -87.8038079110188 41.8514798633528, -87.8040017966502 41.8577008765089, -87.8041956822815 41.864873611827, -87.8041956822815 41.8649896755052)))",2
72,Beverly,community area,"MULTIPOLYGON (((-87.67308 41.73566, -87.66915 41.73123, -87.66812 41.7302, -87.66806 41.73014, -87.66726 41.72887, -87.66731 41.72868, -87.66732 41.72844, -87.66708 41.72803, -87.66536 41.7248, -87.66345 41.7212, -87.66326 41.7212, -87.6632 41.72109, -87.66309 41.7201, -87.66107 41.71569, -87.65998 41.714, -87.65867 41.71134, -87.65636 41.70678, -87.65602 41.70679, -87.65655 41.70538, -87.65693 41.70436, -87.65726 41.70347, -87.65752 41.70276, -87.65822 41.70086, -87.65874 41.69944, -87.6617 41.69941, -87.66283 41.69939, -87.66512 41.69934, -87.66575 41.69933, -87.66922 41.69926, -87.67461 41.69915, -87.67674 41.69912, -87.67986 41.69906, -87.68124 41.69907, -87.68154 41.69909, -87.68355 41.69907, -87.68539 41.69905, -87.68863 41.69902, -87.69124 41.69898, -87.69602 41.69893, -87.69615 41.69894, -87.6963 41.70229, -87.69644 41.70626, -87.69646 41.70714, -87.69152 41.7072, -87.69153 41.70741, -87.69165 41.71104, -87.69173 41.71357, -87.68897 41.7136, -87.68616 41.71363, -87.68272 41.71367, -87.68184 41.71366, -87.68186 41.71438, -87.68196 41.71757, -87.68205 41.72058, -87.68224 41.72669, -87.68228 41.72786, -87.68247 41.73393, -87.68251 41.73553, -87.67818 41.73559, -87.67756 41.73559, -87.67513 41.73563, -87.67337 41.73566, -87.67308 41.73566)))",2
1706704,"Blue Island, IL",municipality,"MULTIPOLYGON (((-87.6949088147527 41.6638977465075, -87.6938101295085 41.6638977465075, -87.6949088147527 41.6664975729011, -87.6951027003841 41.6697937813644, -87.6952965860154 41.6769897294182, -87.6864101612459 41.6771986440391, -87.6856023044487 41.6771986440391, -87.6806905351216 41.6771986440391, -87.6794949070617 41.6771986440391, -87.6678940834535 41.67740755866, -87.6686049974351 41.6761076454632, -87.6672154837438 41.6758058798996, -87.6664076269466 41.6758058798996, -87.6663106841309 41.6722079058728, -87.662788428495 41.6722079058728, -87.6631115712139 41.6703044615489, -87.6693159114166 41.6700026959854, -87.6708023679235 41.6661958073376, -87.6706084822922 41.6628067479317, -87.6681202833567 41.662853173403, -87.6657936557807 41.6628995988743, -87.6657936557807 41.662853173403, -87.6656320844213 41.6599747941815, -87.6655997701494 41.6593016248474, -87.6631115712139 41.65939447579, -87.6631438854858 41.6586052427777, -87.6632085140296 41.6577927970297, -87.6631438854858 41.6578160097654, -87.6606880008222 41.6586052427777, -87.6605910580066 41.6551001196935, -87.6565840882923 41.6554947361997, -87.6506059479929 41.6557965017632, -87.6506705765366 41.6557732890275, -87.6513168619744 41.6555179489353, -87.6516076904214 41.655401885257, -87.6529972041127 41.6543573121525, -87.6542897749882 41.6534055899905, -87.6571011166426 41.6525002932999, -87.6577797163522 41.6523842296216, -87.6599124582969 41.6519896131154, -87.6624652857761 41.6510146782178, -87.6646303419927 41.6501558069985, -87.6647919133521 41.6501093815272, -87.6654381987899 41.6499933178489, -87.665696712965 41.6499468923776, -87.6674416836471 41.6496683395497, -87.6678940834535 41.6495987013427, -87.6680233405411 41.6494826376645, -87.6695421113198 41.6482523626746, -87.6696067398636 41.6482059372033, -87.6689927686977 41.645791812695, -87.6666015125779 41.6443061976129, -87.6649857989835 41.6423099023464, -87.662788428495 41.6408010745287, -87.665115056071 41.6411956910349, -87.6794949070617 41.6408939254713, -87.6891891886284 41.6407082235861, -87.6891568743565 41.639361884918, -87.6889629887252 41.6345104231656, -87.6888983601814 41.6330015953479, -87.6985926417481 41.632792680727, -87.6985926417481 41.6330712335549, -87.6985926417481 41.6332801481758, -87.6985926417481 41.6333033609114, -87.6986895845638 41.6371102495592, -87.6945856720339 41.6405921599078, -87.6941009579555 41.6405921599078, -87.6942948435868 41.6479041716398, -87.6936162438772 41.6479273843754, -87.6919035874671 41.6479970225824, -87.6920005302827 41.6508057635969, -87.6896092741629 41.6508986145395, -87.6899970454256 41.6525002932999, -87.6907079594072 41.6551929706361, -87.6945856720339 41.6551001196935, -87.6944887292182 41.6564000328903, -87.6995943841766 41.6586052427777, -87.7023087830153 41.6596962413536, -87.7044738392319 41.6595105394683, -87.7045061535038 41.6595105394683, -87.7045061535038 41.6603926234233, -87.7045061535038 41.6606943889869, -87.7046030963195 41.6622960677472, -87.7080930376835 41.6622960677472, -87.7094825513747 41.6628995988743, -87.7095148656466 41.6628995988743, -87.7095148656466 41.6634102790587, -87.7095148656466 41.6657083398888, -87.7046030963195 41.6629924498169, -87.7017917546651 41.6622960677472, -87.699788269808 41.6623889186898, -87.699788269808 41.6634102790587, -87.6949088147527 41.6634102790587, -87.6949088147527 41.6638977465075)))",2
60,Bridgeport,community area,"MULTIPOLYGON (((-87.63396 41.82361, -87.63612 41.82359, -87.63711 41.82358, -87.63755 41.82356, -87.63953 41.82354, -87.64401 41.82348, -87.64635 41.82345, -87.65271 41.82337, -87.65333 41.82337, -87.65611 41.82331, -87.65714 41.82404, -87.65735 41.82607, -87.65735 41.82649, -87.65753 41.8278, -87.65756 41.82823, -87.65757 41.82876, -87.65752 41.82933, -87.65741 41.83031, -87.65737 41.83088, -87.65743 41.8312, -87.65866 41.83256, -87.66035 41.83438, -87.66129 41.83487, -87.66167 41.83526, -87.66199 41.8357, -87.66249 41.83615, -87.66308 41.83683, -87.66317 41.83699, -87.66336 41.83765, -87.66344 41.83782, -87.66429 41.83908, -87.66454 41.83957, -87.66457 41.83989, -87.66453 41.84044, -87.66457 41.84077, -87.66484 41.84125, -87.66497 41.84163, -87.66495 41.84173, -87.66431 41.84281, -87.66389 41.84411, -87.66378 41.8443, -87.66345 41.84451, -87.66252 41.84492, -87.66164 41.84536, -87.66077 41.84585, -87.66072 41.84573, -87.6586 41.84727, -87.6575 41.84718, -87.65312 41.84796, -87.65258 41.84801, -87.65158 41.84819, -87.651 41.84832, -87.64964 41.84841, -87.64864 41.84862, -87.64759 41.84895, -87.6468 41.84922, -87.64585 41.84939, -87.64489 41.84943, -87.644 41.84952, -87.64368 41.84902, -87.64347 41.84876, -87.64323 41.84853, -87.64276 41.8487, -87.64225 41.84894, -87.64162 41.8482, -87.64163 41.84813, -87.64243 41.84812, -87.64173 41.84729, -87.64185 41.84712, -87.6416 41.84648, -87.6416 41.84631, -87.63998 41.84633, -87.63953 41.84638, -87.63836 41.84619, -87.6383 41.84419, -87.63829 41.84363, -87.63651 41.84365, -87.63643 41.84055, -87.63638 41.83818, -87.63648 41.83818, -87.63643 41.83636, -87.63593 41.83637, -87.63589 41.83454, -87.63653 41.83454, -87.63658 41.83416, -87.63654 41.83225, -87.63642 41.82742, -87.6364 41.82723, -87.6362 41.82723, -87.63616 41.82541, -87.63607 41.8254, -87.63606 41.82521, -87.63396 41.82361)))",2
1708225,"Bridgeview, IL",municipality,"MULTIPOLYGON (((-87.7995101128576 41.7626911494643, -87.7998009413046 41.7609037688187, -87.7996070556733 41.7558898179167, -87.7976035708161 41.7554952014105, -87.7975066280005 41.7538935226502, -87.7949861147931 41.7538935226502, -87.7947922291618 41.7482064024142, -87.7948245434337 41.7482064024142, -87.7976035708161 41.7489027844839, -87.7998009413046 41.7505044632443, -87.7997363127608 41.7481367642072, -87.7996393699452 41.7459315543198, -87.7996070556733 41.7444923647091, -87.7995747414014 41.7444923647091, -87.798799198876 41.7441905991455, -87.7988961416917 41.7411961562458, -87.7969895996502 41.7408015397396, -87.7903005453692 41.7410104543605, -87.7909145165351 41.7402908595551, -87.7964079427563 41.7401051576699, -87.7968926568346 41.7395016265428, -87.7986053132447 41.7395016265428, -87.7980882848945 41.7372035657127, -87.7991869701387 41.7366000345857, -87.7991869701387 41.7353465468602, -87.7991869701387 41.7353001213889, -87.798508370429 41.7347894412044, -87.7955031431433 41.7345108883765, -87.7945983435305 41.7336055916859, -87.7945983435305 41.7335823789502, -87.7945014007148 41.7313075308558, -87.7939197438208 41.7313075308558, -87.7919808875074 41.7313075308558, -87.7902036025535 41.7313075308558, -87.7899127741065 41.7230902224332, -87.7987668846041 41.7229973714906, -87.798799198876 41.7229973714906, -87.7986376275166 41.7195618866133, -87.798508370429 41.7171941875763, -87.798508370429 41.7169156347484, -87.798508370429 41.7166602946562, -87.798508370429 41.7135962135495, -87.798217541982 41.7069341584158, -87.7981852277101 41.7062842018174, -87.7980882848945 41.7044039702292, -87.8114987077284 41.7041022046657, -87.8114987077284 41.7041254174013, -87.8115956505441 41.7087911772684, -87.8111109364658 41.7093018574529, -87.8084934804427 41.7110892380985, -87.8086873660741 41.717008485691, -87.8080087663644 41.7174959531398, -87.8084934804427 41.7223009894209, -87.8105939081155 41.7265953455174, -87.8131144213229 41.7293112355893, -87.8181877620095 41.7330949115014, -87.8143100493828 41.7332109751797, -87.8145039350141 41.7386891807948, -87.8146978206454 41.7404997741761, -87.8188663617191 41.7404301359691, -87.8209021608481 41.7404069232334, -87.8209991036638 41.7410104543605, -87.818898675991 41.7411033053031, -87.8189956188067 41.7440048972603, -87.8210960464795 41.743888833582, -87.821516132014 41.7457922779059, -87.8201912468666 41.7457922779059, -87.8190925616224 41.7467904255391, -87.8198034756039 41.7622965329581, -87.8252969018251 41.7622036820155, -87.822388617355 41.7648963593517, -87.8199004184196 41.768192567815, -87.8187047903597 41.7691907154483, -87.8102061368529 41.7694924810118, -87.8101415083091 41.7675426112166, -87.8101091940372 41.7667069527329, -87.8082026519957 41.7691907154483, -87.8044865107285 41.7691907154483, -87.8012873978115 41.7664051871694, -87.8007057409175 41.7664051871694, -87.8002856553829 41.7626911494643, -87.7995101128576 41.7626911494643)))",2
58,Brighton Park,community area,"MULTIPOLYGON (((-87.68424 41.823, -87.68423 41.82181, -87.68419 41.82062, -87.6841 41.81685, -87.68409 41.81625, -87.68404 41.81466, -87.68402 41.81363, -87.68397 41.81243, -87.68395 41.81132, -87.68388 41.8092, -87.68387 41.80842, -87.68443 41.80843, -87.68435 41.80593, -87.68435 41.80568, -87.68437 41.80472, -87.68437 41.80455, -87.68939 41.8045, -87.69315 41.80446, -87.69409 41.80441, -87.6941 41.80464, -87.70085 41.80451, -87.70242 41.8045, -87.70387 41.80448, -87.70386 41.80422, -87.70755 41.80416, -87.70805 41.8042, -87.71087 41.80415, -87.71134 41.80413, -87.71233 41.80399, -87.71283 41.80395, -87.71378 41.80393, -87.71378 41.8043, -87.71377 41.80558, -87.71379 41.80602, -87.71387 41.80799, -87.71392 41.8095, -87.71399 41.81004, -87.71401 41.81063, -87.71418 41.81672, -87.71425 41.81898, -87.71433 41.82206, -87.71433 41.82223, -87.71426 41.82242, -87.71432 41.82419, -87.71437 41.82451, -87.71436 41.82563, -87.71437 41.82604, -87.7142 41.82609, -87.71146 41.82696, -87.70999 41.82741, -87.70748 41.8282, -87.70458 41.82912, -87.70461 41.8298, -87.70417 41.82987, -87.70301 41.8302, -87.70225 41.83039, -87.70038 41.83092, -87.69854 41.83149, -87.69781 41.83173, -87.69661 41.83219, -87.69636 41.83199, -87.69519 41.83235, -87.69036 41.83388, -87.6874 41.83481, -87.68745 41.8347, -87.68742 41.83372, -87.68737 41.83079, -87.68736 41.83024, -87.68732 41.83024, -87.68744 41.8284, -87.68736 41.82662, -87.68686 41.82665, -87.68686 41.82654, -87.6866 41.82595, -87.68611 41.82523, -87.68667 41.82489, -87.6862 41.82442, -87.68612 41.82428, -87.68607 41.82317, -87.68608 41.82296, -87.68546 41.82297, -87.68473 41.82301, -87.68424 41.823)))",2
1708446,"Broadview, IL",municipality,"MULTIPOLYGON (((-87.868113312078 41.8710017740404, -87.8648818848891 41.8711410504544, -87.8632015427509 41.8712106886613, -87.8632015427509 41.8711874759257, -87.8630399713915 41.8682858839685, -87.8630076571196 41.8676127146345, -87.8630076571196 41.8675895018988, -87.8600670583777 41.8676823528414, -87.8531841184653 41.8678912674624, -87.8532487470091 41.8693304570731, -87.8533133755529 41.871303539604, -87.8505666624423 41.8714196032822, -87.8484016062257 41.8714892414892, -87.8484016062257 41.871233901397, -87.8483692919538 41.8710714122474, -87.8481107777787 41.8642004424929, -87.8448470363179 41.8642700806999, -87.8431990084516 41.8642932934355, -87.8429081800046 41.8538939878611, -87.8427142943733 41.8506906303404, -87.8427142943733 41.8496924827072, -87.8463658070967 41.8495996317646, -87.8524732044837 41.8494603553506, -87.8548967748754 41.8493907171436, -87.855898517304 41.8493907171436, -87.8559954601196 41.8457927431168, -87.8621028575067 41.8456998921741, -87.8621028575067 41.8463962742439, -87.8643002279951 41.8463034233012, -87.8653019704237 41.8456070412315, -87.8654312275113 41.8455374030246, -87.865495856055 41.8454909775532, -87.865495856055 41.8455141902889, -87.8655927988707 41.8490889515801, -87.8658836273177 41.8490889515801, -87.8671115696495 41.8489961006375, -87.8674347123684 41.8563545378408, -87.8674347123684 41.8564473887834, -87.8676285979997 41.8605328302591, -87.8676609122716 41.8616006160993, -87.8677255408154 41.8627148274108, -87.8678547979029 41.8659413976672, -87.8679194264467 41.8670788217144, -87.8680809978061 41.8706071575343, -87.868113312078 41.8710017740404)))",2
1708576,"Brookfield, IL",municipality,"MULTIPOLYGON (((-87.8520854332211 41.8421019181473, -87.8463981213686 41.8421947690899, -87.8423265231106 41.8424965346535, -87.8422942088387 41.8424965346535, -87.8422618945668 41.8424733219178, -87.8421003232074 41.8424036837108, -87.8348619263042 41.8425429601248, -87.832599927272 41.8425893855961, -87.832309098825 41.838875347891, -87.8322121560093 41.8375057964872, -87.8322121560093 41.8353005865998, -87.8322121560093 41.8307044649397, -87.8320505846499 41.8292652753289, -87.8316951276591 41.8252958975315, -87.8316951276591 41.8243441753696, -87.8316951276591 41.8206069249288, -87.8324060416406 41.8206997758714, -87.8404846096129 41.8204908612505, -87.8404846096129 41.8204444357792, -87.8403876667972 41.8179838857995, -87.8403230382535 41.8164518452462, -87.8402584097097 41.8147573155432, -87.8400322098065 41.808675578801, -87.8399029527189 41.8056347104299, -87.8399029527189 41.8056114976943, -87.8527963472026 41.8054025830734, -87.8594530872118 41.8053097321308, -87.8594854014837 41.8053097321308, -87.859679287115 41.8109968523667, -87.8598085442026 41.8143859117727, -87.8600024298339 41.820049819273, -87.8600024298339 41.8200962447443, -87.860551772456 41.820049819273, -87.8610041722625 41.8200033938017, -87.8610041722625 41.8200266065374, -87.8615858291565 41.8346042045301, -87.8615212006127 41.83460420453, -87.8517946047741 41.8347899064153, -87.8517946047741 41.8348595446223, -87.8520854332211 41.8421019181473)))",3
1709447,"Buffalo Grove, IL",municipality,"MULTIPOLYGON (((-87.9805992925238 42.153616830666, -87.9756875231967 42.1535936179303, -87.9719390676576 42.1535704051946, -87.9703879826069 42.1535936179303, -87.9653469561922 42.1535704051946, -87.9620832147314 42.153547192459, -87.9619539576438 42.153547192459, -87.9591749302614 42.1535239797233, -87.9569129312291 42.1535007669877, -87.9573007024918 42.1524097684118, -87.9587871589987 42.153407916045, -87.9606613867683 42.1520151519056, -87.9606937010402 42.1519919391699, -87.9587871589987 42.1496010273973, -87.9585932733674 42.1471404774176, -87.9584963305517 42.1461887552557, -87.9584963305517 42.1430086104706, -87.9584963305517 42.1425907812288, -87.9584963305517 42.141290868032, -87.9573007024918 42.141290868032, -87.9573007024918 42.1396891892717, -87.9562020172476 42.1388999562593, -87.9549417606439 42.138853530788, -87.9533906755932 42.1388071053167, -87.9533906755932 42.1388303180524, -87.9533906755932 42.139596338329, -87.9492867630633 42.1395963383291, -87.9492867630633 42.1388071053167, -87.9492867630633 42.1352091312898, -87.9513871907361 42.1352091312898, -87.9513871907361 42.131611157263, -87.9591103017176 42.1317040082056, -87.9591103017176 42.1324003902753, -87.9609845294872 42.1324003902753, -87.9609845294872 42.133909218093, -87.9573976453075 42.1340949199783, -87.9573976453075 42.1366018954293, -87.9597889014273 42.1369036609928, -87.9596919586116 42.138110723247, -87.9610168437591 42.13804108504, -87.9657993559986 42.1378089576834, -87.965702413183 42.1363001298657, -87.9665102699802 42.1357894496813, -87.9707111253258 42.1359055133596, -87.9706141825101 42.138992807202, -87.9738132954271 42.138992807202, -87.9738132954271 42.1342109836566, -87.9735870955239 42.1318897100909, -87.9707111253258 42.1318897100909, -87.9707111253258 42.1294987983182, -87.9803084640768 42.1295916492608, -87.9802115212612 42.1390856581446, -87.9802115212612 42.1391088708802, -87.9822473203902 42.1391088708802, -87.9851879191321 42.1391088708802, -87.9850909763164 42.1350002166689, -87.9900027456435 42.1350002166689, -87.9900027456435 42.1391088708802, -87.9900027456435 42.1418015482165, -87.9851232905883 42.1418015482165, -87.9850909763164 42.1418015482165, -87.9851232905883 42.1418943991591, -87.985511061851 42.1441924599891, -87.9950114577863 42.1440996090465, -87.9947852578831 42.1463976698766, -87.9890979460306 42.1463976698766, -87.985511061851 42.1463976698766, -87.9850909763164 42.1499956439034, -87.9849940335007 42.1535936179303, -87.9849940335007 42.1536400434016, -87.9805992925238 42.153616830666)), ((-87.9404972811095 42.1531525759528, -87.9399156242155 42.1531525759528, -87.9391723959621 42.1531293632171, -87.9404972811095 42.1531525759528)), ((-87.9121899789347 42.1531525759528, -87.9116729505845 42.1531525759528, -87.9117052648564 42.1531061504815, -87.9121899789347 42.1531525759528)))",3
1709642,"Burbank, IL",municipality,"MULTIPOLYGON (((-87.7947922291618 41.7482064024142, -87.7945983435305 41.7518043764411, -87.7803154353555 41.7521061420046, -87.7808001494338 41.7554023504679, -87.7609915007658 41.7560987325376, -87.7609915007658 41.7564004981012, -87.7513941620148 41.7566094127221, -87.7512972191991 41.7544970537773, -87.7491967915263 41.7544970537773, -87.746385449872 41.7564004981012, -87.7416029376324 41.7564933490438, -87.7415383090886 41.7544274155703, -87.7415059948167 41.7532899915231, -87.7415059948167 41.7528489495457, -87.7414090520011 41.7509919306931, -87.7413767377292 41.7495295283467, -87.7413444234573 41.7491581245762, -87.7413121091854 41.7483688915638, -87.7413121091854 41.7476492967585, -87.7411828520979 41.7443298755595, -87.7410859092822 41.7418925383155, -87.7409566521946 41.7379927987251, -87.7409243379227 41.7368785874135, -87.7409243379227 41.7365303963787, -87.7410859092822 41.7345108883765, -87.7520081331807 41.7343019737556, -87.7605714152313 41.7341626973417, -87.7798630355491 41.7338145063068, -87.7870044896365 41.7336984426285, -87.7897188884752 41.7336752298929, -87.7945983435305 41.7336055916859, -87.7955031431433 41.7345108883765, -87.798508370429 41.7347894412044, -87.7991869701387 41.7353001213889, -87.7991869701387 41.7353465468602, -87.7991869701387 41.7366000345857, -87.7980882848945 41.7372035657127, -87.7986053132447 41.7395016265428, -87.7968926568346 41.7395016265428, -87.7964079427563 41.7401051576699, -87.7909145165351 41.7402908595551, -87.7903005453692 41.7410104543605, -87.7969895996502 41.7408015397396, -87.7988961416917 41.7411961562458, -87.798799198876 41.7441905991455, -87.7995747414014 41.7444923647091, -87.7996070556733 41.7444923647091, -87.7996393699452 41.7459315543198, -87.7997363127608 41.7481367642072, -87.7998009413046 41.7505044632443, -87.7976035708161 41.7489027844839, -87.7948245434337 41.7482064024142, -87.7947922291618 41.7482064024142)))",3
1709798,"Burnham, IL",municipality,"MULTIPOLYGON (((-87.5641006421459 41.6446079631764, -87.564068327874 41.6446079631765, -87.5592858156344 41.6444918994982, -87.5490745057175 41.6444918994982, -87.5480081347451 41.6444918994982, -87.5453260501783 41.6445383249695, -87.5440011650309 41.6445847504408, -87.542805536971 41.6446079631765, -87.5427732226991 41.6446079631764, -87.5426439656115 41.6445383249695, -87.5423854514364 41.6445383249695, -87.542223880077 41.6445151122338, -87.5421592515332 41.6444686867625, -87.5417714802705 41.6444686867625, -87.5406404807544 41.6443294103486, -87.5405112236669 41.6442829848773, -87.5399295667729 41.6443294103486, -87.5394771669664 41.6443990485555, -87.5385077388098 41.6444918994982, -87.5250003731601 41.6446079631765, -87.5250650017039 41.6392690339753, -87.5250650017039 41.6372727387088, -87.5250650017039 41.6354621453276, -87.5250650017039 41.6330015953479, -87.5250650017039 41.6312606401736, -87.5250650017039 41.630216067069, -87.5250650017039 41.6301928543334, -87.5262929440357 41.6301928543334, -87.5303322280218 41.6301232161264, -87.532594227054 41.6301000033907, -87.5331435696762 41.6304481944256, -87.5336929122983 41.6307963854605, -87.5391863385194 41.6314927675302, -87.5415452803673 41.6330480208192, -87.5423854514364 41.633605126475, -87.5443566220217 41.6335122755324, -87.5443889362936 41.6334890627967, -87.5444858791092 41.6302392798047, -87.5444858791092 41.6301928543334, -87.5479758204732 41.6299143015055, -87.5481050775608 41.6298910887698, -87.5484605345516 41.6298910887698, -87.5640036993302 41.6300071524481, -87.5640036993302 41.6300303651838, -87.5640036993302 41.6352068052353, -87.5640036993302 41.6352532307066, -87.5637451851551 41.6374352278584, -87.5637128708832 41.6378994825716, -87.5640036993302 41.6430062844161, -87.5641006421459 41.6446079631764)))",3
47,Burnside,community area,"MULTIPOLYGON (((-87.58737 41.72326, -87.58711 41.72282, -87.5867 41.72232, -87.58971 41.72227, -87.5918 41.72225, -87.59282 41.72222, -87.59448 41.72219, -87.5951 41.7222, -87.59656 41.72217, -87.59699 41.72216, -87.59905 41.72214, -87.60118 41.72211, -87.60318 41.72205, -87.60366 41.72204, -87.60448 41.72204, -87.60449 41.72255, -87.60452 41.72313, -87.60451 41.72361, -87.60407 41.72352, -87.60359 41.72343, -87.60306 41.72573, -87.60335 41.72572, -87.60293 41.72756, -87.60327 41.72755, -87.60294 41.72898, -87.60202 41.73303, -87.60185 41.73303, -87.60116 41.73313, -87.60049 41.73608, -87.60039 41.73671, -87.59535 41.73678, -87.59506 41.73631, -87.59453 41.73549, -87.59413 41.73494, -87.59338 41.73397, -87.59296 41.73337, -87.592 41.73177, -87.58878 41.72633, -87.58858 41.72595, -87.58835 41.7254, -87.58806 41.72465, -87.58781 41.72405, -87.58766 41.72375, -87.58737 41.72326)))",3
1709980,"Burr Ridge, IL",municipality,"MULTIPOLYGON (((-87.9146781778702 41.7252257941137, -87.9146951424044 41.7256949774131, -87.9146458635983 41.7250400922284, -87.9146781778702 41.7252257941137)), ((-87.9146951424044 41.7256949774131, -87.914710492142 41.7258989634477, -87.9147025181183 41.7258989635349, -87.9146951424044 41.7256949774131)), ((-87.9129978357319 41.7895018591482, -87.91296552146 41.7895018591482, -87.9099926084462 41.7895947100909, -87.9099279799025 41.7895714973552, -87.908603094755 41.7891072426421, -87.9090878088334 41.7875984148244, -87.908893923202 41.7847896738098, -87.9094109515523 41.7830022931642, -87.9084092091237 41.7820969964736, -87.908312266308 41.7745064319137, -87.9070843239762 41.7714887762783, -87.9069873811606 41.7700031611963, -87.9041114109624 41.766498038112, -87.9038852110592 41.764199977282, -87.9053070390223 41.7634107442696, -87.905113153391 41.7622036820155, -87.9065026670822 41.7610894707039, -87.9065026670822 41.7610662579683, -87.9064057242666 41.759998472128, -87.9033035541652 41.7605091523125, -87.8972930995939 41.7603930886342, -87.8966144998842 41.7596038556219, -87.8964852427966 41.7580021768615, -87.9013970121238 41.7579093259189, -87.9013970121238 41.7570040292283, -87.8964852427966 41.7570968801709, -87.8964852427966 41.7563076471586, -87.8927044729856 41.7563076471586, -87.8927044729856 41.7511079943714, -87.8962913571653 41.7511079943714, -87.8961944143496 41.7502026976807, -87.8943848151238 41.7502026976807, -87.8946110150271 41.7473939566662, -87.8948049006584 41.74699934016, -87.8959682144464 41.7461868944121, -87.896097471534 41.7460940434694, -87.8959035859026 41.7424960694426, -87.9055978674693 41.7423103675573, -87.9055009246537 41.739896243049, -87.9036913254279 41.7399890939916, -87.9036913254279 41.7386891807948, -87.9055009246537 41.7386891807948, -87.905113153391 41.737389267598, -87.9034004969809 41.737389267598, -87.9016878405708 41.7368089492066, -87.9016878405708 41.7388052444731, -87.9004922125109 41.7388052444731, -87.9003952696952 41.7324913803743, -87.9012031264924 41.7320967638682, -87.902786525815 41.7314003817985, -87.902786525815 41.7304022341652, -87.9077952379578 41.7301933195443, -87.9080860664048 41.7313075308558, -87.9105096367965 41.7311914671775, -87.9104126939808 41.7281041733352, -87.912093036119 41.7281041733351, -87.9121899789347 41.7258989634477, -87.9147025181183 41.7258989635349, -87.9147428064139 41.7270131747593, -87.9148074349577 41.7287773426692, -87.9148720635015 41.730889701614, -87.9149043777734 41.7326074440526, -87.9149690063172 41.7343483992269, -87.9150336348609 41.7357179506307, -87.9150659491328 41.7367857364709, -87.9151305776766 41.7384338407026, -87.9151952062204 41.7403372850264, -87.915292149036 41.7433781533975, -87.9154214061236 41.7454208741354, -87.9154214061236 41.7457226396989, -87.9154214061236 41.7464190217686, -87.9155506632112 41.749506315611, -87.9155506632112 41.7503651868303, -87.9156476060268 41.752756098603, -87.9157445488425 41.7552398613183, -87.9157768631144 41.7558666051811, -87.9158091773863 41.7568415400787, -87.9158414916582 41.7576539858267, -87.9159061202019 41.7606484287264, -87.9160353772895 41.7637821480401, -87.9161323201052 41.7660337833989, -87.9161646343771 41.7670551437678, -87.9163262057365 41.771511989014, -87.9164554628241 41.7747849847416, -87.9165200913678 41.7761081106741, -87.9165524056397 41.7777562149057, -87.9165847199116 41.7782204696189, -87.9166170341835 41.7789168516886, -87.9166493484554 41.7801935521497, -87.9118991504877 41.7801007012071, -87.9117052648564 41.7850914393734, -87.9129978357319 41.7850914393734, -87.9129978357319 41.7895018591482)))",3
1710487,"Calumet City, IL",municipality,"MULTIPOLYGON (((-87.5641006421459 41.6446079631764, -87.5640036993302 41.6430062844161, -87.5637128708832 41.6378994825716, -87.5637451851551 41.6374352278584, -87.5640036993302 41.6352532307066, -87.5640036993302 41.6352068052353, -87.5640036993302 41.6300303651838, -87.5640036993302 41.6300071524481, -87.5484605345516 41.6298910887698, -87.5481050775608 41.6298910887698, -87.5479758204732 41.6299143015055, -87.5444858791092 41.6301928543334, -87.5444858791092 41.6302392798047, -87.5443889362936 41.6334890627967, -87.5443566220217 41.6335122755324, -87.5423854514364 41.633605126475, -87.5415452803673 41.6330480208192, -87.5391863385194 41.6314927675302, -87.5336929122983 41.6307963854605, -87.5331435696762 41.6304481944256, -87.532594227054 41.6301000033907, -87.5303322280218 41.6301232161264, -87.5262929440357 41.6301928543334, -87.5250650017039 41.6301928543334, -87.5250650017039 41.6289857920792, -87.5250650017039 41.6259449237081, -87.5250973159758 41.6253181798454, -87.5250650017039 41.623112969958, -87.5250973159758 41.6226022897735, -87.5250973159758 41.6217666312898, -87.5251296302477 41.6209309728062, -87.5251296302477 41.6191668048962, -87.5251296302477 41.618911464804, -87.5251296302477 41.617356211515, -87.5250973159758 41.6146867469144, -87.5251296302477 41.6138278756951, -87.5251296302477 41.6125976007053, -87.5251942587915 41.6098817106334, -87.5252265730633 41.6050766743524, -87.5252265730633 41.6020125932456, -87.5252588873352 41.6010608710837, -87.5251942587915 41.5992502777024, -87.5251942587915 41.5984842574258, -87.5251942587915 41.5956058782043, -87.525323515879 41.5943523904788, -87.5253881444228 41.5934935192595, -87.5253881444228 41.5910793947511, -87.5253881444228 41.5896402051404, -87.5254204586947 41.5895009287264, -87.5253881444228 41.5894545032551, -87.5253881444228 41.5886652702428, -87.5254204586947 41.5883402919436, -87.5254204586947 41.586552911298, -87.5253558301509 41.584858381595, -87.5252912016071 41.5813996839821, -87.5267453438421 41.5817246622813, -87.5271008008329 41.5817943004883, -87.5271654293767 41.5818407259596, -87.5278117148145 41.582490682558, -87.5277470862707 41.5826531717076, -87.527068486561 41.5845334032958, -87.5270038580173 41.5846958924454, -87.527068486561 41.5847191051811, -87.5281025432615 41.5852065726299, -87.5281994860771 41.5852065726299, -87.5302999137499 41.5855083381934, -87.5303645422937 41.5857172528143, -87.5311077705472 41.5878992499661, -87.5341129978328 41.587365357046, -87.5345007690955 41.587295718839, -87.5355994543397 41.5875046334599, -87.5357287114273 41.5876206971382, -87.536698139584 41.5886884829784, -87.5384754245379 41.5875974844026, -87.539606424054 41.5869011023328, -87.5397356811415 41.5870403787468, -87.5414160232798 41.5885027810932, -87.5422885086208 41.5892920141055, -87.5408020521139 41.5917061386139, -87.5408020521139 41.5917293513495, -87.5408989949295 41.5928435626611, -87.5408989949295 41.5928899881324, -87.5412544519203 41.592982839075, -87.5444858791092 41.5937024338804, -87.5461985355193 41.5934703065238, -87.5472972207636 41.5933078173742, -87.5486867344548 41.593795284823, -87.549494591252 41.5940970503866, -87.5514011332935 41.5931917536959, -87.5514657618372 41.5932149664316, -87.5521443615469 41.5934703065238, -87.5522089900907 41.5934935192595, -87.5522736186345 41.5937488593517, -87.5523705614501 41.5941899013292, -87.5525321328096 41.594747006985, -87.5525967613534 41.5950023470772, -87.5526613898972 41.5950255598128, -87.553275361063 41.5952576871694, -87.5534046181506 41.5953041126407, -87.5567976166989 41.594607730571, -87.5568622452427 41.594607730571, -87.5585749016528 41.5945148796284, -87.5587041587404 41.5944916668927, -87.5587041587404 41.5944452414214, -87.5586395301966 41.5928899881324, -87.5586072159247 41.5923096697409, -87.5588980443717 41.586552911298, -87.5588980443717 41.5865064858267, -87.5617093860261 41.5865064858267, -87.5617093860261 41.5875974844025, -87.5637128708832 41.5876903353452, -87.5637128708832 41.5865064858267, -87.566104127003 41.5865064858267, -87.5662010698187 41.5940970503866, -87.5669119838002 41.5943988159501, -87.5674613264223 41.595489814526, -87.5679137262288 41.596302260274, -87.5688508401136 41.5965808131019, -87.5689154686573 41.5966040258375, -87.5689477829292 41.5965576003662, -87.569884896814 41.5953041126407, -87.5692062971043 41.5942131140648, -87.5688185258417 41.5936095829378, -87.5687862115698 41.5936095829378, -87.5688185258417 41.5935863702021, -87.5706927536112 41.5930989027533, -87.5722761529338 41.5939345612369, -87.5725992956527 41.5940970503866, -87.5744088948785 41.593795284823, -87.5750551803163 41.5939345612369, -87.5765093225513 41.5941899013292, -87.5772525508047 41.5952112616981, -87.5772848650766 41.5953041126407, -87.5775110649798 41.6008983819341, -87.5779957790582 41.6008983819341, -87.5779957790582 41.6009448074054, -87.5778018934268 41.6047981215245, -87.5765093225513 41.6047981215245, -87.5756045229384 41.6054945035942, -87.5686892687541 41.6058891201004, -87.5686892687541 41.6009912328767, -87.5621941001044 41.6009912328767, -87.56348667098 41.6015947640038, -87.5636159280675 41.6025000606944, -87.5609015292289 41.6025000606944, -87.5589949871874 41.6031964427641, -87.5590919300031 41.6119940695782, -87.5677844691412 41.6154991926624, -87.5678167834131 41.6154991926624, -87.5695617540951 41.6154991926624, -87.5734071524499 41.6154991926624, -87.5734394667218 41.6167062549166, -87.5735364095375 41.6187489756544, -87.5736010380813 41.6205827817713, -87.5736010380813 41.6209077600705, -87.5765416368232 41.6209077600705, -87.5776726363393 41.6209077600705, -87.5784158645927 41.6209077600705, -87.5784481788646 41.6227183534518, -87.5786097502241 41.628800090194, -87.5782866075052 41.6317016821511, -87.5783835503208 41.6363674420182, -87.5783835503208 41.6373191641801, -87.5784804931365 41.6427509443239, -87.5785128074084 41.6447008141191, -87.5784804931365 41.6447008141191, -87.5641006421459 41.6446079631764), (-87.5589949871874 41.5926114353045, -87.5589949871874 41.5939113485013, -87.5627111284547 41.593795284823, -87.5615155003947 41.5927971371897, -87.5598028439846 41.5921936060627, -87.5589949871874 41.5926114353045), (-87.5442919934779 41.5995056177947, -87.5458107642567 41.5995056177947, -87.5458107642567 41.5976950244134, -87.5442919934779 41.5973932588499, -87.5442919934779 41.5995056177947), (-87.5552142173764 41.6080014790452, -87.5574115878648 41.6080014790452, -87.5574115878648 41.6063998002848, -87.5550849602888 41.6063069493422, -87.5552142173764 41.6080014790452), (-87.5493976484364 41.6063069493422, -87.549203762805 41.6080943299878, -87.5492360770769 41.6080943299878, -87.5503993908649 41.6080943299878, -87.5506902193119 41.6063069493422, -87.5493976484364 41.6063069493422), (-87.549494591252 41.6154527671911, -87.549494591252 41.6154991926624, -87.5520151044594 41.6154527671911, -87.5541155321322 41.6154063417198, -87.5541155321322 41.6147099596501, -87.5539862750446 41.6118083676929, -87.5493976484364 41.6118083676929, -87.549494591252 41.6154527671911)))",3
48,Calumet Heights,community area,"MULTIPOLYGON (((-87.54568 41.72282, -87.54654 41.72276, -87.54823 41.72275, -87.54856 41.72278, -87.54989 41.72278, -87.55486 41.72272, -87.56133 41.72264, -87.56258 41.72263, -87.56559 41.72259, -87.56563 41.72389, -87.56792 41.72361, -87.56858 41.72356, -87.56911 41.72355, -87.57071 41.72353, -87.57227 41.7235, -87.57274 41.7235, -87.57511 41.72347, -87.57538 41.72348, -87.57809 41.72343, -87.58013 41.72341, -87.58199 41.72337, -87.5839 41.72335, -87.58531 41.72332, -87.58586 41.72327, -87.58737 41.72326, -87.58766 41.72375, -87.58781 41.72405, -87.58806 41.72465, -87.58835 41.7254, -87.58858 41.72595, -87.58878 41.72633, -87.592 41.73177, -87.59296 41.73337, -87.59338 41.73397, -87.59413 41.73494, -87.59453 41.73549, -87.59506 41.73631, -87.59535 41.73678, -87.5898 41.73686, -87.58729 41.73689, -87.58184 41.73697, -87.57404 41.73708, -87.57014 41.73714, -87.5657 41.7372, -87.56162 41.73426, -87.5523 41.72754, -87.55088 41.72653, -87.55014 41.72599, -87.54918 41.7253, -87.5482 41.72465, -87.54761 41.72424, -87.54612 41.72317, -87.54568 41.72282)))",3
1710513,"Calumet Park, IL",municipality,"MULTIPOLYGON (((-87.6672154837438 41.6758058798996, -87.6671831694719 41.6758290926353, -87.6671508552001 41.6758290926353, -87.6670539123844 41.6760844327275, -87.666569198306 41.67740755866, -87.6613989148038 41.6775004096026, -87.6613666005319 41.6763629855554, -87.6613666005319 41.6759915817849, -87.6613666005319 41.6758987308423, -87.6612050291725 41.6703044615489, -87.6595570013061 41.6703044615489, -87.6586845159651 41.6703044615489, -87.6586522016932 41.6702812488132, -87.6539020037255 41.6703508870202, -87.6514138047901 41.6703740997559, -87.6416872089515 41.6704901634342, -87.6415902661358 41.6668921894073, -87.6433998653616 41.6668921894073, -87.6433998653616 41.6680992516615, -87.6454033502187 41.6680992516615, -87.6453064074031 41.6668921894073, -87.6512845477025 41.6667993384647, -87.6511876048869 41.6631085134952, -87.6472129494445 41.6632013644378, -87.6472129494445 41.6631549389665, -87.6471483209007 41.6613443455853, -87.6471160066288 41.6601604960667, -87.6471160066288 41.6599283687102, -87.6470513780851 41.6583034772142, -87.6470513780851 41.6582106262715, -87.6469867495413 41.6570035640174, -87.6506059479929 41.6557965017632, -87.6565840882923 41.6554947361997, -87.6605910580066 41.6551001196935, -87.6606880008222 41.6586052427777, -87.6631438854858 41.6578160097654, -87.6632085140296 41.6577927970297, -87.6631438854858 41.6586052427777, -87.6631115712139 41.65939447579, -87.6655997701494 41.6593016248474, -87.6656320844213 41.6599747941815, -87.6657936557807 41.662853173403, -87.6657936557807 41.6628995988743, -87.6681202833567 41.662853173403, -87.6706084822922 41.6628067479317, -87.6708023679235 41.6661958073376, -87.6693159114166 41.6700026959854, -87.6631115712139 41.6703044615489, -87.662788428495 41.6722079058728, -87.6663106841309 41.6722079058728, -87.6664076269466 41.6758058798996, -87.6672154837438 41.6758058798996)))",3
44,Chatham,community area,"MULTIPOLYGON (((-87.59535 41.73678, -87.60039 41.73671, -87.60049 41.73608, -87.60116 41.73313, -87.60185 41.73303, -87.60202 41.73303, -87.60294 41.72898, -87.60327 41.72755, -87.60293 41.72756, -87.60335 41.72572, -87.60306 41.72573, -87.60359 41.72343, -87.60407 41.72352, -87.60451 41.72361, -87.60452 41.72313, -87.60449 41.72255, -87.60523 41.72273, -87.60589 41.72292, -87.60674 41.72322, -87.60757 41.72359, -87.60937 41.72448, -87.60939 41.72494, -87.60961 41.7251, -87.61035 41.72546, -87.61066 41.72558, -87.61083 41.7256, -87.61158 41.72559, -87.61222 41.72592, -87.61427 41.72693, -87.6143 41.72789, -87.61462 41.72804, -87.6157 41.72849, -87.61637 41.72871, -87.61735 41.72905, -87.61791 41.7292, -87.61852 41.7294, -87.61919 41.72954, -87.61918 41.72912, -87.62286 41.72906, -87.62362 41.72905, -87.62567 41.72902, -87.62578 41.72918, -87.62645 41.7299, -87.62904 41.73262, -87.62905 41.73268, -87.63068 41.73423, -87.63093 41.73441, -87.63116 41.73471, -87.63125 41.73476, -87.63173 41.73518, -87.6321 41.73541, -87.63272 41.73597, -87.63266 41.73638, -87.63251 41.73644, -87.63271 41.73666, -87.63306 41.73724, -87.63357 41.73826, -87.63365 41.73869, -87.63375 41.73903, -87.63396 41.73947, -87.63401 41.73956, -87.63411 41.7435, -87.63423 41.74351, -87.63464 41.74365, -87.63595 41.74416, -87.63608 41.74398, -87.63648 41.74352, -87.63729 41.74348, -87.63919 41.74343, -87.63909 41.74517, -87.63906 41.74705, -87.63907 41.74794, -87.6391 41.74887, -87.63949 41.74886, -87.63945 41.75049, -87.63937 41.75071, -87.63685 41.75074, -87.63517 41.75077, -87.6344 41.75078, -87.63327 41.7508, -87.62726 41.7509, -87.62652 41.75094, -87.62582 41.75093, -87.62385 41.75098, -87.6232 41.75098, -87.61573 41.7511, -87.6148 41.75111, -87.61341 41.75115, -87.61031 41.7512, -87.60798 41.75124, -87.60583 41.75127, -87.60552 41.75128, -87.60363 41.75131, -87.59721 41.75137, -87.59738 41.7506, -87.59708 41.75053, -87.59718 41.75008, -87.59722 41.74969, -87.59762 41.74796, -87.59768 41.74747, -87.59783 41.74679, -87.59728 41.7468, -87.59745 41.74534, -87.59761 41.74406, -87.59787 41.74405, -87.59783 41.74333, -87.59788 41.74226, -87.59787 41.74184, -87.59778 41.74128, -87.5977 41.74098, -87.59749 41.74043, -87.59722 41.73993, -87.59535 41.73678)))",3
1714026,"Chicago Heights, IL",municipality,"MULTIPOLYGON (((-87.6706084822922 41.5177967882816, -87.6696067398636 41.5184931703513, -87.6696067398636 41.5206055292961, -87.6647919133521 41.5206055292961, -87.6645980277208 41.5242963542656, -87.6647919133521 41.5278014773498, -87.6623037144167 41.5278014773498, -87.6623037144167 41.5242035033229, -87.6604941151909 41.5242035033229, -87.6604941151909 41.5274068608436, -87.6599124582969 41.5278014773498, -87.6565517740204 41.5277318391428, -87.6550006889698 41.5277086264072, -87.6551945746011 41.5363901895429, -87.6550976317854 41.53875788858, -87.6550976317854 41.5389900159365, -87.6550006889698 41.5421005225146, -87.6538050609099 41.5431915210905, -87.6536111752785 41.5388043140513, -87.6493133771173 41.5388043140513, -87.6492487485735 41.5388043140513, -87.6406854665229 41.5388043140513, -87.6406854665229 41.53875788858, -87.6406854665229 41.5360884239794, -87.6382942104031 41.5356009565306, -87.6382942104031 41.5347885107826, -87.6368077538962 41.5343938942764, -87.6370016395276 41.5360884239794, -87.6359352685552 41.5360884239794, -87.6359029542833 41.5360884239794, -87.6359029542833 41.5374115499118, -87.6359029542833 41.5379918683033, -87.629892499712 41.5379918683033, -87.6308942421405 41.535299190967, -87.6326068985507 41.531306600434, -87.6345134405921 41.531306600434, -87.6346103834078 41.5297049216737, -87.6331885554447 41.5297049216737, -87.6338025266106 41.5284050084769, -87.6296986140806 41.5278943282924, -87.6294077856336 41.5279175410281, -87.6258532157258 41.5280103919707, -87.6257885871821 41.5280103919707, -87.6257885871821 41.5228107391835, -87.6257885871821 41.5206983802387, -87.6240113022282 41.5206983802387, -87.622298645818 41.5206983802387, -87.622298645818 41.5207215929744, -87.6223955886337 41.5232053556897, -87.6211676463019 41.5250855872779, -87.6169021624126 41.5316083659976, -87.6168375338688 41.5316547914689, -87.6162881912467 41.5320029825037, -87.6167082767812 41.5297049216737, -87.6116995646384 41.5297049216737, -87.6112148505601 41.5281032429133, -87.6113117933758 41.5274068608436, -87.6075956521085 41.5274997117862, -87.6076925949242 41.52480703445, -87.6067877953113 41.52480703445, -87.6019083402561 41.5246909707717, -87.5972873993759 41.5245052688865, -87.5969965709289 41.5245981198291, -87.5968996281133 41.520814443917, -87.5968996281133 41.5207912311813, -87.5996140269519 41.5207912311813, -87.6002926266616 41.5207912311813, -87.6002926266616 41.5174021717754, -87.6041057107445 41.517495022718, -87.6042995963759 41.5202109127899, -87.6046873676385 41.5202109127899, -87.6045904248228 41.5135952831276, -87.6018113974404 41.5135952831276, -87.6018113974404 41.5161951095212, -87.5970935137446 41.5161951095212, -87.5969965709289 41.5158933439577, -87.5969965709289 41.5154987274515, -87.5968996281133 41.4989944723993, -87.6161589341591 41.4989944723993, -87.616191248431 41.4989944723993, -87.6161589341591 41.498878408721, -87.6160943056153 41.4985998558931, -87.6054952244357 41.4985998558931, -87.6053982816201 41.4980891757087, -87.6003895694773 41.4980891757087, -87.6003895694773 41.4917985243456, -87.6049135675417 41.491705673403, -87.6049135675417 41.4869934880646, -87.6049135675417 41.4858096385461, -87.6064000240486 41.4856007239251, -87.6109886506569 41.4842079597857, -87.6113117933758 41.4845097253493, -87.6160619913435 41.4845329380849, -87.6260147870853 41.4846025762919, -87.6260147870853 41.4875970191916, -87.6244960163065 41.4881076993761, -87.6255947015507 41.4894076125729, -87.6161266198872 41.4894076125729, -87.6160943056153 41.4894076125729, -87.6160943056153 41.491705673403, -87.6161266198872 41.491705673403, -87.6269195866982 41.4916128224603, -87.6287938144678 41.4915896097247, -87.6286968716521 41.4901039946426, -87.6310881277719 41.4901039946426, -87.6309911849562 41.4911949932185, -87.6315082133064 41.4915896097247, -87.6328330984539 41.4915896097247, -87.6341902978732 41.4915896097247, -87.6340933550576 41.4879916356978, -87.6294077856336 41.4878987847552, -87.629601671265 41.4895933144582, -87.626984215242 41.4895933144582, -87.6268872724263 41.485206107419, -87.6265964439793 41.4846025762919, -87.6255947015507 41.4820027498983, -87.6305064708779 41.4814920697138, -87.6306034136935 41.4842079597857, -87.6340933550576 41.4842079597857, -87.6342872406889 41.4915896097247, -87.6343195549608 41.4915896097247, -87.6349981546704 41.4915896097247, -87.6410732377856 41.491566396989, -87.6550653175135 41.491496758782, -87.6550976317854 41.491496758782, -87.656099374214 41.491496758782, -87.656099374214 41.494885818188, -87.656099374214 41.4949090309236, -87.6652119988867 41.4949090309236, -87.6742599950156 41.4949090309236, -87.6742923092875 41.4949090309236, -87.6742923092875 41.4949322436593, -87.6742923092875 41.4990408978706, -87.6742923092875 41.5041012742439, -87.6743246235594 41.5062136331887, -87.6743892521032 41.5096955435372, -87.6743569378313 41.5096955435372, -87.6691866543291 41.5096955435372, -87.6691866543291 41.5106008402279, -87.6677971406378 41.5106008402279, -87.6667953982093 41.511807902482, -87.666860026753 41.5132703048284, -87.6668923410249 41.5148951963244, -87.6679910262692 41.5148951963244, -87.6679910262692 41.5168914915909, -87.6708993107392 41.5168914915909, -87.6733875096746 41.5161951095212, -87.6743892521032 41.5154058765089, -87.6743892521032 41.5168914915909, -87.6736137095779 41.5178896392242, -87.6706084822922 41.5177967882816), (-87.6113117933758 41.5082099284552, -87.6113117933758 41.506190420453, -87.6070139952145 41.506190420453, -87.6071109380302 41.5093009270311, -87.6114087361914 41.5093937779737, -87.6113117933758 41.5082099284552), (-87.6358060114677 41.5330939810796, -87.6337055837949 41.5330939810796, -87.6340933550576 41.5352063400244, -87.635709068652 41.5349045744609, -87.6358060114677 41.5330939810796)))",3
66,Chicago Lawn,community area,"MULTIPOLYGON (((-87.67815 41.75766, -87.67859 41.75765, -87.6812 41.75762, -87.68154 41.75764, -87.682 41.75761, -87.68325 41.7576, -87.6841 41.75756, -87.68481 41.75757, -87.6867 41.75753, -87.68675 41.75745, -87.68817 41.75744, -87.68877 41.75748, -87.68954 41.75749, -87.69018 41.75744, -87.69191 41.75741, -87.69605 41.75735, -87.69934 41.7573, -87.70118 41.75726, -87.70213 41.75721, -87.70262 41.7572, -87.70278 41.75725, -87.70423 41.75723, -87.70612 41.7572, -87.70695 41.75714, -87.70745 41.75713, -87.70743 41.75726, -87.70902 41.75723, -87.70964 41.75719, -87.71101 41.75717, -87.71184 41.75723, -87.71255 41.75734, -87.71252 41.76058, -87.71243 41.7606, -87.71254 41.7644, -87.71263 41.76717, -87.71267 41.76829, -87.71277 41.77152, -87.71281 41.77317, -87.71284 41.77426, -87.71295 41.77883, -87.71273 41.77883, -87.71277 41.77954, -87.7129 41.78409, -87.71294 41.78568, -87.7129 41.7861, -87.70972 41.78615, -87.70551 41.78621, -87.70372 41.78624, -87.70233 41.78626, -87.69507 41.78638, -87.69318 41.78642, -87.68772 41.7865, -87.68484 41.78655, -87.68401 41.78655, -87.68369 41.78651, -87.67967 41.78656, -87.67912 41.78656, -87.67898 41.78105, -87.67895 41.78105, -87.67875 41.78033, -87.67849 41.77925, -87.67848 41.77912, -87.6788 41.77617, -87.67881 41.77564, -87.67856 41.77564, -87.67835 41.77202, -87.67872 41.77201, -87.67862 41.76839, -87.67836 41.76839, -87.67845 41.76753, -87.67845 41.76673, -87.67835 41.76593, -87.67855 41.76476, -87.67854 41.76384, -87.67815 41.75766)))",3
1714065,"Chicago Ridge, IL",municipality,"MULTIPOLYGON (((-87.798508370429 41.7171941875763, -87.7945014007148 41.7151050413672, -87.7939843723646 41.7157085724942, -87.7895896313877 41.7158014234369, -87.7895896313877 41.7157549979655, -87.789492688572 41.7125980659162, -87.7879739177932 41.7126444913875, -87.7863905184706 41.7126909168588, -87.7863582041987 41.7127141295945, -87.7859381186642 41.7128069805371, -87.7857765473047 41.7128534060084, -87.7851948904108 41.7129926824224, -87.7847101763324 41.7139908300556, -87.7847101763324 41.7140140427913, -87.7847424906043 41.7165210182422, -87.7848071191481 41.719515461142, -87.7848071191481 41.7196083120846, -87.7818018918624 41.7197011630273, -87.7799922926366 41.7203046941543, -87.7799599783647 41.7196083120846, -87.7797014641896 41.7116927692256, -87.7796368356458 41.7116695564899, -87.7791198072956 41.7114142163977, -87.7790874930237 41.711391003662, -87.7792167501113 41.7099982395226, -87.7793136929269 41.7086983263258, -87.774337295056 41.7086983263258, -87.7741434094247 41.7086983263258, -87.7740141523371 41.7086983263258, -87.7719783532081 41.7100446649939, -87.7710089250514 41.7106946215923, -87.770265696798 41.7110195998915, -87.7674220408718 41.7122498748813, -87.7672927837842 41.7122963003526, -87.7671635266966 41.7068413074732, -87.7670988981529 41.7051003522989, -87.7695870970883 41.7051003522989, -87.7694901542727 41.7018041438356, -87.7694578400008 41.7017577183643, -87.7690377544662 41.7014327400651, -87.7690054401943 41.7014095273294, -87.767357412328 41.7014327400651, -87.7645137564018 41.7015023782721, -87.7624779572727 41.7015488037434, -87.7596989298903 41.7015952292147, -87.7596989298903 41.701572016479, -87.7594081014433 41.695142088702, -87.7593111586276 41.6931457934355, -87.7592465300838 41.691288774583, -87.759214215812 41.6905459670419, -87.759214215812 41.690406690628, -87.7594081014433 41.690406690628, -87.7734001811712 41.6902906269497, -87.7787966645767 41.690406690628, -87.7790551787518 41.6964652146345, -87.7790551787518 41.6965116401058, -87.7790874930237 41.6976954896243, -87.7791198072956 41.6976954896243, -87.7813818063278 41.6976258514173, -87.7879416035213 41.6974401495321, -87.789492688572 41.6973937240608, -87.789783517019 41.7029647806185, -87.7898158312909 41.7030112060898, -87.7934996582862 41.7005970815815, -87.7972157995535 41.6986007863149, -87.7978620849913 41.6998078485691, -87.7978943992631 41.6999006995117, -87.7980882848945 41.7044039702292, -87.7981852277101 41.7062842018174, -87.798217541982 41.7069341584158, -87.798508370429 41.7135962135495, -87.798508370429 41.7166602946562, -87.798508370429 41.7169156347484, -87.798508370429 41.7171941875763)))",4
1714351,"Cicero, IL",municipality,"MULTIPOLYGON (((-87.7789905502081 41.8654075047471, -87.7742080379685 41.8655003556897, -87.7741434094247 41.8655003556897, -87.7741434094247 41.8654539302184, -87.7729154670929 41.865477142954, -87.7645460706736 41.8655932066323, -87.7639967280515 41.865616419368, -87.7594081014433 41.8656860575749, -87.7496491913328 41.8658253339889, -87.7447374220057 41.8658949721959, -87.7399225954942 41.8659646104028, -87.7399225954942 41.8650361009765, -87.7398579669504 41.8641308042859, -87.7398256526785 41.8623434236403, -87.7398579669504 41.8610202977079, -87.7398579669504 41.8603007029025, -87.7397610241347 41.8586525986708, -87.7396317670472 41.8550314119083, -87.7395994527753 41.8544278807812, -87.7395348242315 41.8531743930557, -87.739405567144 41.8513405869388, -87.7393409386002 41.8504352902482, -87.7392116815126 41.845978445002, -87.7392116815126 41.8455374030246, -87.739114738697 41.8404073884443, -87.7389854816094 41.8384343059135, -87.7389208530656 41.8371343927167, -87.7390501101532 41.8369254780958, -87.7392116815126 41.8366933507392, -87.7391470529688 41.8363219469687, -87.73882391025 41.833048951241, -87.73882391025 41.8329096748271, -87.73882391025 41.8294974026855, -87.7387269674343 41.825876215923, -87.7386946531624 41.8221389654822, -87.7412474806416 41.8222318164248, -87.742895508508 41.8221853909535, -87.7435094796739 41.8222086036891, -87.7435417939458 41.8251101956463, -87.7436064224895 41.8292884880646, -87.7533007040563 41.8291027861793, -87.7535592182314 41.8278957239251, -87.7535915325033 41.8277100220399, -87.7533976468719 41.8219068381256, -87.7602159582405 41.8217907744473, -87.7777949221481 41.8214890088838, -87.7777949221481 41.8215354343551, -87.7779888077795 41.8281046385461, -87.7779888077795 41.8287545951444, -87.7780211220514 41.8295438281568, -87.7783119504984 41.8398038573172, -87.7786027789454 41.8508299067544, -87.7789905502081 41.8653842920114, -87.7789905502081 41.8654075047471)))",4
64,Clearing,community area,"MULTIPOLYGON (((-87.73762 41.78578, -87.73761 41.78573, -87.73754 41.78338, -87.73739 41.77835, -87.73731 41.77575, -87.7372 41.77204, -87.73718 41.7712, -87.74205 41.77113, -87.74215 41.77445, -87.74217 41.77478, -87.74268 41.77476, -87.74446 41.77472, -87.7469 41.77467, -87.76158 41.77439, -87.76286 41.77438, -87.77162 41.7742, -87.77249 41.77419, -87.77366 41.77416, -87.77686 41.7741, -87.77815 41.77407, -87.7819 41.774, -87.78392 41.77397, -87.78576 41.77394, -87.7882 41.7739, -87.79134 41.77384, -87.79368 41.77382, -87.79897 41.77373, -87.80081 41.7737, -87.80082 41.77405, -87.80078 41.7742, -87.80083 41.77547, -87.80082 41.7756, -87.80085 41.77634, -87.80089 41.77657, -87.80087 41.77695, -87.80092 41.77761, -87.80096 41.77846, -87.80101 41.77913, -87.80101 41.77968, -87.80102 41.78022, -87.80122 41.78469, -87.79691 41.78476, -87.79635 41.78478, -87.79339 41.78482, -87.78126 41.78501, -87.77281 41.78518, -87.76795 41.78528, -87.76325 41.78537, -87.76202 41.78539, -87.76202 41.78533, -87.74253 41.78573, -87.74068 41.78575, -87.73972 41.78578, -87.73845 41.78579, -87.73762 41.78578)))",4
1716691,"Country Club Hills, IL",municipality,"MULTIPOLYGON (((-87.7419907088951 41.575109032619, -87.7409889664665 41.5755965000678, -87.739405567144 41.5748072670555, -87.7395025099596 41.5765017967584, -87.7387915959781 41.5780106245762, -87.7378867963652 41.5788927085311, -87.7332981697569 41.5788927085311, -87.7335889982039 41.5804015363489, -87.7355924830611 41.5803086854062, -87.7347846262638 41.5813068330395, -87.7344937978168 41.5821889169944, -87.7330719698537 41.5835584683982, -87.7325872557754 41.5839995103757, -87.7301959996556 41.5856940400787, -87.729194257227 41.5863904221484, -87.7251872875128 41.5863904221484, -87.724831830522 41.5863672094127, -87.722505202946 41.5862047202631, -87.7160100342963 41.5862047202631, -87.710839750794 41.5862047202631, -87.7066065811766 41.5862047202631, -87.7065096383609 41.5765946477011, -87.7101934653563 41.5765017967584, -87.7100965225406 41.572810971789, -87.7081899804992 41.572810971789, -87.7082869233148 41.5716967604774, -87.7040860679692 41.5716967604774, -87.7039891251536 41.5680059355079, -87.7017917546651 41.5680987864506, -87.7017917546651 41.5645936633663, -87.7065096383609 41.5645008124237, -87.708803951665 41.5641990468602, -87.7137480352641 41.5644079614811, -87.7138126638078 41.5644079614811, -87.7137480352641 41.5615295822596, -87.7137157209922 41.5583958629459, -87.712003064582 41.5583030120033, -87.7119061217664 41.5571423752204, -87.7119061217664 41.5570959497491, -87.7135864639046 41.5570959497491, -87.7135864639046 41.5570495242778, -87.7134895210889 41.5498071507527, -87.7134248925452 41.5424951390208, -87.7133925782733 41.5417059060084, -87.7133925782733 41.5392917815001, -87.7132956354576 41.5360884239794, -87.7152991203147 41.5360884239794, -87.7152991203147 41.5350902763461, -87.7186921188631 41.5350902763461, -87.7188860044944 41.5375972517971, -87.719015261582 41.5424951390207, -87.7429924513236 41.5424951390208, -87.7429924513236 41.5425415644921, -87.7432832797707 41.5570727370134, -87.7433155940425 41.5570959497491, -87.7380160534527 41.5570959497491, -87.7377898535495 41.5606939237759, -87.7435094796739 41.5606010728333, -87.7446081649181 41.5619009860301, -87.7470963638536 41.5628991336634, -87.7507155623051 41.5626902190425, -87.7472902494849 41.5644079614811, -87.7459976786093 41.565498960057, -87.7447051077338 41.5674024043809, -87.7433155940425 41.5716039095348, -87.7427985656923 41.5702111453954, -87.7416029376324 41.5693986996474, -87.7383068818997 41.5687951685203, -87.7384038247154 41.5710003784077, -87.7357863686924 41.5710003784077, -87.7357863686924 41.5716039095348, -87.7400841668536 41.5716039095348, -87.7400841668536 41.5716271222704, -87.7400841668536 41.5739019703648, -87.7417968232638 41.5736930557439, -87.7419907088951 41.575109032619)))",4
1716873,"Countryside, IL",municipality,"MULTIPOLYGON (((-87.8874049323958 41.7719066055202, -87.8874049323958 41.7723940729689, -87.8873726181239 41.7723940729689, -87.8843997051101 41.7725101366472, -87.8833010198659 41.773206518717, -87.8825254773406 41.772115520141, -87.8824931630687 41.7720923074054, -87.8802311640364 41.7731136677743, -87.8801665354927 41.77313688051, -87.8798110785019 41.7732993696596, -87.8799080213175 41.7714887762783, -87.8773875081102 41.7716048399566, -87.8777752793729 41.7742278790859, -87.8778075936448 41.7742975172928, -87.8800049641332 41.7745992828564, -87.8801019069489 41.7756902814323, -87.8778075936448 41.7758063451105, -87.8782923077231 41.7872037983182, -87.8797141356862 41.787691265767, -87.8878573322022 41.7837218879696, -87.8878896464741 41.783698675234, -87.888212789193 41.789989326597, -87.8881481606493 41.7900125393327, -87.8851429333636 41.790128603011, -87.8833010198659 41.790198241218, -87.8793586786954 41.7902446666893, -87.8748023663591 41.7902910921606, -87.8748023663591 41.7903375176319, -87.8748023663591 41.7912892397939, -87.8736067382992 41.7918927709209, -87.8737036811148 41.7940051298657, -87.8664006556679 41.7943068954293, -87.8641063423638 41.7953978940052, -87.8642032851795 41.7978816567205, -87.8642032851795 41.7979048694561, -87.8640740280919 41.7979048694561, -87.8598085442026 41.7979977203987, -87.8591945730367 41.7983923369049, -87.8591299444929 41.7964424671097, -87.8586129161427 41.7842557808897, -87.8586129161427 41.7836058242913, -87.8586129161427 41.7829094422216, -87.8682102548937 41.7785918733894, -87.8682102548937 41.7785222351824, -87.8678547979029 41.7712798616574, -87.8677255408154 41.7684246951716, -87.8676932265435 41.7680765041367, -87.8675962837278 41.7661034216059, -87.8674023980965 41.7599056211854, -87.8670146268338 41.7580950278041, -87.8694058829536 41.7554023504679, -87.8712154821794 41.7569111782856, -87.8723141674236 41.7558898179167, -87.8729927671333 41.7540095863285, -87.8865970755986 41.7535917570867, -87.8867909612299 41.7583967933677, -87.8868232755018 41.7583967933677, -87.88850361764 41.7590003244948, -87.8901839597783 41.7590003244948, -87.8916057877414 41.7596967065645, -87.8913149592944 41.7615072999457, -87.8932861298796 41.7628072131426, -87.8967114426999 41.7639910626611, -87.8951926719211 41.7645945937882, -87.8952896147367 41.7667998036756, -87.8926075301699 41.7678675895158, -87.8873079895801 41.7700031611963, -87.8874049323958 41.7719066055202)))",4
1717497,"Crestwood, IL",municipality,"MULTIPOLYGON (((-87.7093214432599 41.6329093729725, -87.7092886657434 41.6329087444053, -87.7093209800153 41.6329087444053, -87.7093214432599 41.6329093729725)), ((-87.7486474489043 41.6608104526651, -87.7482919919134 41.6606015380442, -87.7471609923973 41.6599980069171, -87.7384038247154 41.6554947361996, -87.7383715104435 41.655471523464, -87.7377898535495 41.6547055031873, -87.7312946848998 41.6525002932999, -87.7238947166372 41.6512003801031, -87.7184012904161 41.6509914654822, -87.7184012904161 41.6505039980334, -87.716397805559 41.6501093815272, -87.7236038881902 41.6506896999186, -87.7237977738216 41.6511075291605, -87.7283864004298 41.6509914654822, -87.7283864004298 41.6473238532483, -87.7283864004298 41.6473006405127, -87.7270615152823 41.6473238532484, -87.7264152298446 41.647347065984, -87.7237008310059 41.6473934914553, -87.7235069453746 41.646604258443, -87.7232161169275 41.6408010745287, -87.7184012904161 41.6417992221619, -87.7185951760474 41.6474863423979, -87.7185951760474 41.6475095551336, -87.7138126638078 41.6476024060762, -87.7138126638078 41.6475791933406, -87.7137157209922 41.645791812695, -87.7142650636143 41.645722174488, -87.7160746628401 41.6455132598671, -87.716106977112 41.6454900471314, -87.7160746628401 41.6450490051539, -87.7160423485682 41.6442829848773, -87.7159130914806 41.6411956910349, -87.715816148665 41.6386887155839, -87.715234491771 41.638410162756, -87.7145882063332 41.6381083971925, -87.7156868915774 41.6381083971925, -87.7155899487617 41.6359960382477, -87.7131986926419 41.6343015085447, -87.7131663783701 41.6343015085447, -87.7123262073009 41.6340693811881, -87.7096118084623 41.6333033609114, -87.7093214432599 41.6329093729725, -87.7141358065267 41.6330015953479, -87.7142973778862 41.6330015953479, -87.7271907723699 41.6326998297844, -87.7275139150888 41.6326998297844, -87.7277724292639 41.6326998297844, -87.731230056356 41.6326534043131, -87.7366911683053 41.6326069788417, -87.7367234825772 41.6325837661061, -87.7374990251025 41.6316088312085, -87.739987224038 41.6320034477146, -87.742313851614 41.6323980642208, -87.743186336955 41.6337908283602, -87.743186336955 41.6342086576021, -87.7433155940425 41.6346961250509, -87.7433155940425 41.6349978906144, -87.7434125368582 41.6374352278584, -87.7434125368582 41.6375048660654, -87.7473871923006 41.6368084839957, -87.7473871923006 41.6367620585243, -87.7472902494849 41.6339997429812, -87.7497138198766 41.6346961250509, -87.7522989616277 41.6343015085447, -87.7525897900747 41.6355782090058, -87.7528159899779 41.6365067184321, -87.7534945896876 41.6365067184321, -87.7535915325033 41.6391993957683, -87.7525897900747 41.6401975434016, -87.7566937026046 41.6401975434016, -87.7564998169733 41.6436098155432, -87.7568875882359 41.6466971093856, -87.7576954450332 41.6467899603282, -87.7576954450332 41.6468363857995, -87.7578893306645 41.6541019720602, -87.762994985623 41.6541019720602, -87.7628010999916 41.658790944663, -87.7628980428073 41.6612979201139, -87.761540843388 41.6613443455852, -87.7587941302774 41.6613907710566, -87.7581155305677 41.6621103658619, -87.7581155305677 41.6613907710566, -87.7563705598857 41.6614139837922, -87.7497138198766 41.6615068347348, -87.7486474489043 41.6608104526651), (-87.7377898535495 41.6395011613319, -87.7377898535495 41.6398957778381, -87.7378221678214 41.6398957778381, -87.7427016228767 41.6397100759528, -87.743186336955 41.6391993957683, -87.7377898535495 41.6391993957684, -87.7377898535495 41.6395011613319), (-87.7491967915263 41.650596848976, -87.7510063907521 41.650596848976, -87.7509094479365 41.6469988749491, -87.7490998487107 41.6469988749491, -87.7491967915263 41.650596848976)))",4
1718992,"Deerfield, IL",municipality,"MULTIPOLYGON (((-87.8321152131936 42.1457012878069, -87.8336986125162 42.1464905208192, -87.8397090670876 42.1492064108911, -87.8431020656359 42.1498099420182, -87.8435867797143 42.1498563674895, -87.8439099224331 42.1499027929608, -87.8689857974191 42.1499027929608, -87.8709892822762 42.1500884948461, -87.8724111102393 42.1506920259732, -87.8712154821794 42.1528972358606, -87.8712154821794 42.1529436613319, -87.8711831679075 42.1529436613319, -87.8674023980965 42.1529436613319, -87.8661098272209 42.1529436613319, -87.8630076571196 42.1529204485962, -87.8544766893409 42.1528740231249, -87.8487893774884 42.1528043849179, -87.8481754063225 42.1528043849179, -87.8468182069032 42.152804384918, -87.8459457215622 42.1528043849179, -87.8443946365115 42.1528275976536, -87.8434252083548 42.1528043849179, -87.8417125519447 42.1527811721823, -87.8400645240783 42.1527579594466, -87.8381579820369 42.1527811721823, -87.8347003549448 42.1527579594466, -87.8335047268849 42.152734746711, -87.8284758505223 42.1527115901897, -87.8335047268849 42.1527115339753, -87.8336016697005 42.1499027929608, -87.8307903280462 42.1457941387495, -87.8321152131936 42.1457012878069)), ((-87.8233427410978 42.152644507357, -87.8217746461891 42.1525490448257, -87.8210960464795 42.1525490448257, -87.8210960464795 42.1525026193544, -87.8233427410978 42.152644507357)), ((-87.8236811882306 42.152665108504, -87.8240366452214 42.1526883212397, -87.8233427410978 42.152644507357, -87.8236811882306 42.152665108504)), ((-87.8284758505223 42.1527115901897, -87.8259108729909 42.1527115339753, -87.8284637004702 42.1527115339753, -87.8284758505223 42.1527115901897)), ((-87.875997994419 42.1529436613319, -87.875997994419 42.1528972358606, -87.8780014792761 42.1529436613319, -87.875997994419 42.1529436613319)))",4
1719642,"Des Plaines, IL",municipality,"MULTIPOLYGON (((-87.9430177943169 42.0226737888241, -87.942985480045 42.0226970015597, -87.9416605948975 42.0226970015597, -87.9404972811095 42.0226970015597, -87.9404972811095 42.0227202142954, -87.9406911667408 42.0355104316425, -87.9415959663538 42.0355104316425, -87.9415959663538 42.0373906632307, -87.9406911667408 42.0373906632307, -87.9407881095565 42.0475810541842, -87.9407881095565 42.0476042669198, -87.9407557952846 42.0476042669199, -87.9287995146857 42.0479060324834, -87.9251156876903 42.0480917343687, -87.9224012888516 42.0486024145531, -87.9224982316673 42.0517593466025, -87.9224982316673 42.0518057720738, -87.9233060884645 42.0521075376373, -87.9234030312802 42.0554037461006, -87.9213026036074 42.0554037461006, -87.9213995464231 42.0661744554456, -87.9213995464231 42.0661976681812, -87.9206886324415 42.0661976681812, -87.9205916896259 42.0661976681812, -87.920559375354 42.0661744554456, -87.9182973763217 42.064990605927, -87.9182973763217 42.0661744554456, -87.9182973763217 42.0661976681812, -87.9118345219439 42.0661280299742, -87.9087969803864 42.0661048172386, -87.9076982951421 42.0671029648718, -87.9076982951421 42.0798003312763, -87.9029157829026 42.0798003312763, -87.901914040474 42.0782915034586, -87.9015908977551 42.0758077407433, -87.9009122980454 42.0733007652923, -87.9009122980454 42.0661048172386, -87.9009122980454 42.0660583917673, -87.9008153552298 42.058699954564, -87.9007184124141 42.0583285507934, -87.9004922125109 42.0574928923098, -87.9004922125109 42.0660583917673, -87.9004922125109 42.0733007652923, -87.8937062154142 42.0733007652923, -87.8936092725985 42.0716990865319, -87.8925105873543 42.068310027126, -87.8896992456999 42.0684957290113, -87.8884066748244 42.0661048172386, -87.891121073663 42.066011966296, -87.8917996733727 42.0659887535603, -87.8896992456999 42.0594891875763, -87.8824931630687 42.0596981021972, -87.8829132486032 42.0607891007731, -87.885886161617 42.0632032252814, -87.8872110467645 42.064990605927, -87.8872110467645 42.0659887535603, -87.8763857656816 42.0659887535603, -87.8763857656816 42.065942328089, -87.8765150227692 42.0581892743795, -87.8827839915157 42.0580035724942, -87.8826870487 42.0554037461006, -87.8823315917092 42.054637725824, -87.8822992774373 42.0545913003527, -87.8795525643268 42.054428811203, -87.879197107336 42.0544055984674, -87.8777106508291 42.0539181310186, -87.8767089084005 42.0535931527194, -87.8763211371379 42.0535699399837, -87.8742853380088 42.0534074508341, -87.8721849103361 42.0535003017768, -87.8721849103361 42.0563090427913, -87.8697936542163 42.0563090427913, -87.8685010833407 42.0571911267462, -87.8691150545066 42.0535931527194, -87.8623936859537 42.0538949182829, -87.8623936859537 42.053825280076, -87.8623936859537 42.051991473959, -87.8683071977094 42.0518986230164, -87.8692119973223 42.0501112423708, -87.8674993409121 42.0501112423708, -87.8671115696495 42.0486952654957, -87.865786684502 42.048811329174, -87.8640093995481 42.0476042669198, -87.862587571585 42.0502040933135, -87.8600024298339 42.0502969442561, -87.8600024298339 42.0432402726163, -87.8600024298339 42.04001370236, -87.8600024298339 42.0393405330259, -87.8600024298339 42.0392941075546, -87.865205027608 42.0391084056693, -87.8697936542163 42.0391084056693, -87.8697936542163 42.0363925155975, -87.8683071977094 42.0363925155975, -87.8677901693592 42.0379013434152, -87.8664006556679 42.0363925155975, -87.8667884269306 42.0355104316425, -87.8697936542163 42.0353943679642, -87.8697936542163 42.0316106920521, -87.8697936542163 42.0282912708531, -87.8747700520872 42.0282912708531, -87.8748023663591 42.0282912708531, -87.8745115379121 42.0272002722772, -87.8745115379121 42.0270842085989, -87.8747700520872 42.0250647005968, -87.8748669949029 42.0241361911705, -87.8748993091747 42.0239040638139, -87.8746731092715 42.0230684053303, -87.874543852184 42.0226505760884, -87.8745115379121 42.0225112996745, -87.8744792236402 42.0224648742032, -87.8721849103361 42.0207935572359, -87.872217224608 42.0207703445002, -87.8723141674236 42.01970255866, -87.8738975667462 42.0187044110267, -87.8739298810181 42.0185883473484, -87.8740591381056 42.0178223270717, -87.8740914523775 42.0177062633935, -87.8740268238337 42.0176134124508, -87.8734451669397 42.0169402431168, -87.8733159098522 42.0168009667028, -87.8732512813084 42.0167777539672, -87.8709892822762 42.0159885209548, -87.8698259684882 42.0165920520819, -87.8697936542163 42.0165920520819, -87.8698905970319 42.0105103153398, -87.8695997685849 42.0100692733623, -87.865205027608 42.0034072182287, -87.8641063423638 42.0015037739048, -87.8618120290597 41.9957934409331, -87.8731866527646 41.9954916753696, -87.8732189670365 41.9954452498983, -87.8733159098522 41.9953059734843, -87.8767089084005 41.9962344829106, -87.8798110785019 41.9970933541299, -87.8805543067553 41.9972790560152, -87.8844966479258 41.9982075654415, -87.8845289621977 42.0004824135359, -87.8845935907415 42.0045910677472, -87.8847874763728 42.0061927465075, -87.8847874763728 42.0064016611285, -87.8848521049166 42.006564150278, -87.885886161617 42.0096050186491, -87.8927044729856 42.0093961040282, -87.8928014158013 42.0070051922555, -87.8940939866769 42.0068891285772, -87.8940939866769 42.0057052790587, -87.8942878723082 42.0057052790587, -87.8972930995939 42.0070980431982, -87.8996843557136 42.0077712125322, -87.9026895829993 42.0086068710159, -87.9029157829026 42.0089086365794, -87.9042083537781 42.009001487522, -87.9076982951421 42.009210402143, -87.9078921807735 42.0051945988743, -87.9127070072849 42.0051017479316, -87.9129978357319 42.0061927465075, -87.9129008929163 42.0086997219585, -87.9138056925292 42.0086997219585, -87.9137087497135 42.0051017479316, -87.9152275204923 42.0051017479316, -87.9157122345706 42.0052642370813, -87.9166816627273 42.0053106625526, -87.917651090884 42.0053106625526, -87.9193637472941 42.0054499389665, -87.9201716040913 42.0055427899091, -87.9204624325383 42.0056356408518, -87.9204301182664 42.0053570880239, -87.9204947468102 42.0051017479316, -87.9207855752572 42.0039643238844, -87.920850203801 42.0039411111488, -87.9233060884645 42.0064016611285, -87.9254065161373 42.0077015743253, -87.929284228764 42.005008896989, -87.9304152282801 42.0051713861386, -87.9304152282801 42.005148173403, -87.931320027893 42.0052642370813, -87.933064998575 42.0055195771735, -87.9333235127501 42.0055660026448, -87.933355827022 42.0055660026448, -87.9334850841096 42.0055892153805, -87.9336143411972 42.008189041774, -87.9312877136211 42.0081890417741, -87.9313846564368 42.0136904601248, -87.9305121710958 42.0136904601248, -87.9305121710958 42.008189041774, -87.920559375354 42.0085372328089, -87.918814404672 42.0086068710159, -87.9201069755475 42.0102085497762, -87.9185882047687 42.0110906337312, -87.9206886324415 42.0110674209955, -87.9237908025429 42.0109977827886, -87.9237908025429 42.0119030794792, -87.9251156876903 42.0122048450427, -87.9257942874 42.0131101417334, -87.9273130581788 42.0129012271124, -87.9294134858516 42.014897522379, -87.9318047419714 42.015501053506, -87.9401095098468 42.015501053506, -87.9404003382938 42.0142011403092, -87.9406911667408 42.015501053506, -87.9407881095565 42.0168009667028, -87.9422099375196 42.0174044978299, -87.9418867948008 42.0181937308423, -87.945312107621 42.018890112912, -87.9495775915103 42.0198882605452, -87.9499976770449 42.0200043242235, -87.9465077356809 42.0196097077174, -87.9473155924781 42.0207935572359, -87.9432116799482 42.0207935572359, -87.9430177943169 42.0226737888241), (-87.9404003382938 42.0201900261088, -87.9395924814966 42.0190990275329, -87.9376859394552 42.0190990275329, -87.939204710234 42.0203060897871, -87.9404003382938 42.0201900261088)), ((-87.8685010833407 42.0577018069307, -87.8719910247047 42.0577018069307, -87.8718940818891 42.0586071036213, -87.868404140525 42.0586071036213, -87.8685010833407 42.0577018069307)))",4
1720149,"Dixmoor, IL",municipality,"MULTIPOLYGON (((-87.6794949070617 41.6408939254713, -87.665115056071 41.6411956910349, -87.662788428495 41.6408010745287, -87.6575858307209 41.6411028400922, -87.656390202661 41.6407082235861, -87.656099374214 41.6298910887698, -87.6560670599421 41.628591175573, -87.6560347456702 41.6275930279398, -87.6560024313983 41.626293114743, -87.6560347456702 41.626293114743, -87.6578120306241 41.626293114743, -87.6627237999513 41.626293114743, -87.665696712965 41.626293114743, -87.665696712965 41.6226951407161, -87.6746154520064 41.6226951407161, -87.6753586802599 41.6252949671097, -87.675908022882 41.6271984114336, -87.675908022882 41.6272448369049, -87.6794949070617 41.6408939254713)))",4
1720292,"Dolton, IL",municipality,"MULTIPOLYGON (((-87.6323160701037 41.6297982378272, -87.6171929908596 41.6298910887698, -87.6171929908596 41.644097282992, -87.6171929908596 41.6445847504408, -87.6144139634771 41.6446079631765, -87.6120873359011 41.6446079631765, -87.5981921989888 41.6446079631764, -87.597545913551 41.6446079631765, -87.5961887141317 41.6445847504408, -87.5953162287907 41.6446079631765, -87.5933450582055 41.6446311759121, -87.5932158011179 41.6446311759121, -87.5785128074084 41.6447008141191, -87.5784804931365 41.6427509443239, -87.5783835503208 41.6373191641801, -87.5783835503208 41.6363674420182, -87.5782866075052 41.6317016821511, -87.5786097502241 41.628800090194, -87.5784481788646 41.6227183534518, -87.5784158645927 41.6209077600705, -87.5776726363393 41.6209077600705, -87.5765416368232 41.6209077600705, -87.5736010380813 41.6209077600705, -87.5736010380813 41.6205827817713, -87.5735364095375 41.6187489756544, -87.5734394667218 41.6167062549166, -87.5734071524499 41.6154991926624, -87.5735040952656 41.6145010450292, -87.5750874945881 41.6145010450292, -87.5750874945881 41.6089067757358, -87.5735040952656 41.6089067757358, -87.5734071524499 41.6070961823545, -87.5779957790582 41.6070961823545, -87.5779957790582 41.6067015658484, -87.580677863625 41.609162115828, -87.5842970620765 41.6125047497626, -87.5947668861686 41.6225790770378, -87.5947992004405 41.6226022897735, -87.5965118568506 41.6226022897735, -87.5965441711225 41.6225558643022, -87.5970935137446 41.6219059077038, -87.5970935137446 41.6171008714228, -87.5968026852976 41.6152902780415, -87.5886918030534 41.6154063417198, -87.5886918030534 41.6080014790452, -87.588821060141 41.6079782663095, -87.5889503172286 41.6079318408382, -87.5914708304359 41.6072818842398, -87.5925048871363 41.6070033314119, -87.5940882864589 41.6069104804693, -87.5945730005373 41.6069336932049, -87.5976751706386 41.6071890332972, -87.5977074849105 41.6071890332972, -87.5977074849105 41.6072354587685, -87.5977074849105 41.6097656469551, -87.5977074849105 41.6152902780415, -87.6082096232744 41.6154063417198, -87.6081126804588 41.6171937223654, -87.6086943373528 41.6190043157466, -87.60950219415 41.6190971666893, -87.609793022597 41.6226022897735, -87.6171283623158 41.6226022897735, -87.6243990734908 41.6226022897735, -87.6317990417534 41.6226022897735, -87.6317990417534 41.6226255025092, -87.6316051561221 41.6252949671097, -87.6339964122419 41.6266877312492, -87.6339964122419 41.6267109439848, -87.6333501268041 41.6278947935033, -87.6323160701037 41.6297982378272)))",4
35,Douglas,community area,"MULTIPOLYGON (((-87.60914 41.8447, -87.60917 41.84447, -87.60915 41.84425, -87.60907 41.8442, -87.60892 41.84397, -87.60877 41.84337, -87.60818 41.84252, -87.60802 41.84232, -87.60798 41.8418, -87.60798 41.84141, -87.60785 41.84104, -87.60753 41.84057, -87.60698 41.84068, -87.60668 41.84057, -87.60671 41.84051, -87.60699 41.84061, -87.6075 41.84051, -87.60735 41.84011, -87.60721 41.83966, -87.6071 41.83952, -87.60676 41.83935, -87.60645 41.83909, -87.60616 41.83865, -87.60471 41.83897, -87.60428 41.83959, -87.60427 41.83984, -87.60419 41.83984, -87.6042 41.83956, -87.60467 41.83889, -87.60613 41.83856, -87.60608 41.83803, -87.6061 41.83785, -87.60607 41.8373, -87.60597 41.83688, -87.60585 41.83645, -87.60566 41.83613, -87.60531 41.83569, -87.60509 41.83547, -87.60456 41.835, -87.60454 41.83482, -87.60473 41.8346, -87.60503 41.83443, -87.60487 41.83381, -87.60455 41.83335, -87.60435 41.8332, -87.60392 41.83304, -87.60349 41.83301, -87.60323 41.83291, -87.60301 41.83273, -87.6027 41.83233, -87.60276 41.83185, -87.60271 41.83137, -87.60295 41.83133, -87.60583 41.83123, -87.60721 41.83123, -87.60749 41.83122, -87.61063 41.83119, -87.611 41.82978, -87.61152 41.82791, -87.61226 41.82526, -87.61262 41.82389, -87.61611 41.82385, -87.61771 41.82382, -87.62427 41.82374, -87.62807 41.82369, -87.62897 41.82368, -87.62904 41.82569, -87.62909 41.82733, -87.62905 41.82751, -87.62894 41.82764, -87.62895 41.82884, -87.629 41.83083, -87.629 41.83097, -87.62956 41.83097, -87.62961 41.83277, -87.62969 41.83582, -87.62976 41.83828, -87.62984 41.84134, -87.62997 41.84555, -87.62917 41.84557, -87.62724 41.84559, -87.62638 41.84561, -87.62033 41.8457, -87.61784 41.84574, -87.61767 41.84573, -87.61721 41.84567, -87.6166 41.84565, -87.61644 41.84554, -87.6162 41.84517, -87.61596 41.8451, -87.61499 41.84512, -87.615 41.84518, -87.6124 41.84518, -87.61158 41.84528, -87.60941 41.84528, -87.60941 41.84523, -87.60914 41.8447)))",4
17,Dunning,community area,"MULTIPOLYGON (((-87.77621 41.93846, -87.77906 41.93842, -87.78399 41.93836, -87.78651 41.93832, -87.79077 41.93825, -87.79457 41.93819, -87.79795 41.93813, -87.79897 41.93812, -87.80413 41.93804, -87.80675 41.93801, -87.80662 41.93452, -87.80714 41.93452, -87.80941 41.93447, -87.81639 41.93432, -87.81651 41.93776, -87.81652 41.93795, -87.81917 41.9379, -87.82334 41.93781, -87.82594 41.93776, -87.82657 41.93776, -87.83321 41.93763, -87.83345 41.93761, -87.83481 41.93759, -87.83479 41.93776, -87.83491 41.94045, -87.83497 41.94151, -87.83508 41.94431, -87.83512 41.94468, -87.83518 41.9448, -87.83643 41.94477, -87.83649 41.94623, -87.83658 41.94901, -87.83663 41.95035, -87.83666 41.95189, -87.83669 41.95406, -87.83669 41.95601, -87.83667 41.95784, -87.8367 41.95937, -87.83385 41.95942, -87.83268 41.95945, -87.8326 41.95909, -87.83234 41.95803, -87.83209 41.95708, -87.83197 41.95639, -87.83182 41.95568, -87.83183 41.95518, -87.83183 41.95405, -87.83181 41.95349, -87.83179 41.95217, -87.82608 41.95232, -87.82171 41.95243, -87.82133 41.95244, -87.81931 41.95249, -87.81856 41.9525, -87.81304 41.95264, -87.81106 41.95269, -87.8103 41.9527, -87.80757 41.95278, -87.80727 41.95277, -87.8073 41.95359, -87.80729 41.95388, -87.80653 41.95423, -87.80231 41.95625, -87.80146 41.95666, -87.79861 41.95802, -87.79473 41.95988, -87.79433 41.96004, -87.7942 41.96007, -87.79277 41.9601, -87.7918 41.96013, -87.79071 41.96014, -87.78815 41.96019, -87.78681 41.96023, -87.78679 41.9591, -87.78668 41.95612, -87.78665 41.95556, -87.78656 41.95293, -87.78227 41.95298, -87.77711 41.95306, -87.77677 41.95307, -87.77667 41.95009, -87.77651 41.94595, -87.77647 41.94497, -87.77621 41.93846)))",4
27,East Garfield Park,community area,"MULTIPOLYGON (((-87.69157 41.88821, -87.68867 41.88818, -87.68896 41.88807, -87.68929 41.88803, -87.68949 41.88795, -87.69012 41.88777, -87.69062 41.88753, -87.6909 41.88734, -87.69127 41.88697, -87.69138 41.88682, -87.69156 41.88647, -87.69162 41.88619, -87.69158 41.88568, -87.69161 41.88545, -87.69159 41.88444, -87.69228 41.88441, -87.69226 41.88417, -87.69219 41.88134, -87.69216 41.88112, -87.6915 41.88112, -87.69143 41.87841, -87.69145 41.87841, -87.69115 41.87112, -87.69123 41.87102, -87.69122 41.87064, -87.69126 41.87031, -87.69121 41.87006, -87.69124 41.8694, -87.69119 41.8693, -87.69257 41.86929, -87.69362 41.86927, -87.69574 41.86924, -87.69631 41.86925, -87.6987 41.86923, -87.70061 41.8692, -87.70411 41.86916, -87.70576 41.86914, -87.70579 41.87006, -87.70603 41.87007, -87.71474 41.86996, -87.71627 41.86994, -87.71797 41.86995, -87.71804 41.86992, -87.71965 41.8699, -87.72024 41.86988, -87.72027 41.87091, -87.72036 41.87332, -87.72039 41.87436, -87.72044 41.87503, -87.72048 41.87524, -87.7206 41.87554, -87.72067 41.87596, -87.7207 41.87706, -87.72063 41.87716, -87.72065 41.87805, -87.72071 41.87983, -87.72076 41.88116, -87.72081 41.88169, -87.72084 41.88246, -87.72092 41.88536, -87.72092 41.886, -87.72098 41.88808, -87.71986 41.88808, -87.70863 41.88822, -87.70723 41.88827, -87.70387 41.88832, -87.70387 41.88817, -87.70141 41.88817, -87.70141 41.88824, -87.69667 41.88829, -87.6958 41.88824, -87.6952 41.88816, -87.69157 41.88821)))",5
1721904,"East Hazel Crest, IL",municipality,"MULTIPOLYGON (((-87.6559054885827 41.5791016231521, -87.6504443766334 41.579101623152, -87.6400068668133 41.5791016231521, -87.6398452954538 41.5791480486234, -87.6380680104999 41.5796819415435, -87.6380033819561 41.5797051542791, -87.6379710676842 41.5797283670148, -87.63687238244 41.5815157476604, -87.6363876683617 41.5823049806727, -87.6363876683617 41.5822585552014, -87.6355151830207 41.5804015363489, -87.6328977269977 41.5791944740947, -87.6307972993249 41.579310537773, -87.6306034136935 41.5787070066459, -87.6328977269977 41.578289177404, -87.6349012118548 41.5771053278855, -87.6359029542833 41.5758982656314, -87.6358060114677 41.5736002048013, -87.636290725546 41.5736002048013, -87.6412994376888 41.5736930557439, -87.6412994376888 41.5719056750983, -87.6558408600389 41.5718128241557, -87.659007658684 41.57178961142, -87.6655028273337 41.5717896114201, -87.6655028273337 41.5790087722094, -87.6621421430573 41.5790319849451, -87.6559378028546 41.579101623152, -87.6559054885827 41.5791016231521)))",5
52,East Side,community area,"MULTIPOLYGON (((-87.52462 41.6918, -87.52656 41.69181, -87.53036 41.69183, -87.5304 41.6882, -87.53038 41.68637, -87.53034 41.68513, -87.53041 41.68457, -87.53129 41.68458, -87.53164 41.68457, -87.53164 41.6845, -87.53405 41.68452, -87.53647 41.68452, -87.53767 41.68449, -87.53887 41.68451, -87.54013 41.68451, -87.54012 41.68278, -87.54133 41.68279, -87.54252 41.68278, -87.54381 41.68276, -87.54494 41.68275, -87.54508 41.68277, -87.54511 41.6848, -87.54513 41.68552, -87.54514 41.6872, -87.54517 41.69192, -87.54517 41.69323, -87.54521 41.69902, -87.54521 41.70016, -87.54516 41.70062, -87.54505 41.70094, -87.54488 41.70124, -87.54425 41.7021, -87.544 41.70248, -87.5438 41.70276, -87.5459 41.70277, -87.54576 41.70305, -87.54566 41.70338, -87.54562 41.70393, -87.54563 41.70464, -87.54571 41.70514, -87.54588 41.70561, -87.54585 41.7063, -87.54586 41.70733, -87.54564 41.7077, -87.54527 41.70814, -87.54459 41.70868, -87.54426 41.70889, -87.54364 41.7094, -87.54328 41.70985, -87.54317 41.7101, -87.54286 41.71056, -87.54267 41.71095, -87.54261 41.7114, -87.5426 41.71288, -87.54253 41.71352, -87.5424 41.71397, -87.54229 41.71426, -87.54221 41.71462, -87.54218 41.71564, -87.54232 41.71586, -87.54242 41.71644, -87.54303 41.71715, -87.54316 41.71802, -87.54297 41.71969, -87.54289 41.72013, -87.5427 41.72051, -87.54269 41.72082, -87.54281 41.72123, -87.54296 41.72163, -87.54302 41.72199, -87.54314 41.72286, -87.54318 41.72313, -87.54316 41.72331, -87.543 41.72403, -87.54225 41.72658, -87.5419 41.72714, -87.5414 41.72759, -87.54042 41.72828, -87.53941 41.72879, -87.53726 41.72962, -87.53673 41.72986, -87.53286 41.73152, -87.52925 41.73301, -87.52949 41.73237, -87.52927 41.73228, -87.52918 41.73213, -87.52895 41.73205, -87.52733 41.73182, -87.52526 41.73153, -87.52495 41.73141, -87.52473 41.73122, -87.52469 41.73109, -87.52454 41.72358, -87.52454 41.72329, -87.52447 41.7232, -87.52447 41.7219, -87.5245 41.72179, -87.52468 41.7218, -87.525 41.72152, -87.5247 41.72125, -87.52482 41.72118, -87.52509 41.72142, -87.52524 41.72122, -87.52541 41.72092, -87.52508 41.72085, -87.52514 41.72073, -87.52545 41.7208, -87.52556 41.72037, -87.52561 41.71955, -87.5256 41.71932, -87.52555 41.71899, -87.5254 41.71866, -87.52529 41.71849, -87.52491 41.71805, -87.5245 41.71799, -87.52447 41.71779, -87.52447 41.7174, -87.52514 41.71739, -87.52555 41.71737, -87.5258 41.71732, -87.52642 41.71711, -87.52652 41.71727, -87.52661 41.71724, -87.52652 41.71708, -87.5268 41.71699, -87.52684 41.71687, -87.527 41.71695, -87.52764 41.71662, -87.5279 41.71645, -87.52828 41.71615, -87.52857 41.71585, -87.52867 41.71569, -87.5287 41.71537, -87.52862 41.71502, -87.52848 41.71473, -87.52813 41.71424, -87.52792 41.71376, -87.52777 41.71351, -87.52742 41.71308, -87.52649 41.71235, -87.52523 41.71337, -87.52517 41.71333, -87.52643 41.71231, -87.52841 41.7108, -87.5272 41.71003, -87.52669 41.70986, -87.52624 41.70982, -87.5259 41.71014, -87.52602 41.71025, -87.526 41.71035, -87.52578 41.71042, -87.52565 41.71036, -87.52547 41.71013, -87.52496 41.70989, -87.52459 41.70959, -87.52419 41.70943, -87.52423 41.70928, -87.52449 41.70925, -87.52488 41.70941, -87.52512 41.70974, -87.52526 41.70971, -87.52553 41.70994, -87.52559 41.70994, -87.52622 41.70954, -87.52577 41.70916, -87.52531 41.70946, -87.52523 41.70937, -87.52568 41.70909, -87.52537 41.70883, -87.52486 41.70915, -87.52478 41.70908, -87.52502 41.70892, -87.52489 41.70867, -87.52454 41.70848, -87.52455 41.70795, -87.52453 41.7026, -87.52455 41.69954, -87.5246 41.69724, -87.52461 41.69542, -87.52464 41.69529, -87.52465 41.69327, -87.52466 41.69228, -87.52462 41.6918)))",5
77,Edgewater,community area,"MULTIPOLYGON (((-87.65456 41.99818, -87.6545 41.998, -87.65443 41.9976, -87.65444 41.99729, -87.65431 41.99649, -87.65426 41.996, -87.65435 41.99609, -87.65464 41.99605, -87.65464 41.99569, -87.65448 41.99538, -87.65448 41.99514, -87.65456 41.99497, -87.6546 41.99454, -87.65439 41.99454, -87.65436 41.99431, -87.65428 41.99422, -87.65428 41.99389, -87.65443 41.99387, -87.65451 41.99367, -87.65445 41.99347, -87.6545 41.99337, -87.65429 41.99309, -87.6541 41.99306, -87.65415 41.99259, -87.6543 41.99182, -87.65432 41.99101, -87.65424 41.99088, -87.65419 41.99023, -87.65429 41.99008, -87.65421 41.98999, -87.65423 41.9897, -87.6542 41.98947, -87.65424 41.98867, -87.65423 41.98854, -87.65431 41.98842, -87.65368 41.98771, -87.65339 41.98747, -87.65309 41.98731, -87.65266 41.98698, -87.65226 41.9867, -87.65193 41.98644, -87.65159 41.98615, -87.65131 41.98597, -87.65106 41.98577, -87.65074 41.98564, -87.65028 41.98555, -87.64989 41.98543, -87.6494 41.98641, -87.64935 41.9864, -87.65022 41.98468, -87.65049 41.98401, -87.65062 41.98353, -87.65072 41.98287, -87.65074 41.98249, -87.65071 41.98111, -87.65067 41.98067, -87.65059 41.98036, -87.65022 41.97973, -87.65038 41.97963, -87.65048 41.97947, -87.65019 41.97933, -87.64988 41.97902, -87.64952 41.97873, -87.64877 41.97816, -87.64865 41.97801, -87.6486 41.97785, -87.64754 41.97779, -87.64729 41.97776, -87.64886 41.97705, -87.64904 41.97682, -87.6494 41.97686, -87.64978 41.9768, -87.65082 41.97653, -87.65126 41.97647, -87.65294 41.97644, -87.66803 41.97621, -87.6686 41.9762, -87.67441 41.97611, -87.67446 41.97783, -87.67437 41.97802, -87.67442 41.97969, -87.67451 41.97982, -87.67459 41.98238, -87.67461 41.98348, -87.6747 41.98654, -87.6746 41.9868, -87.67471 41.99077, -87.67485 41.99077, -87.67483 41.99209, -87.67489 41.99425, -87.67501 41.99791, -87.67501 41.998, -87.67086 41.99808, -87.66766 41.99812, -87.66575 41.99814, -87.6615 41.99819, -87.65955 41.99821, -87.656 41.99825, -87.65574 41.99819, -87.65456 41.99818)))",5
9,Edison Park,community area,"MULTIPOLYGON (((-87.80676 42.00085, -87.80682 41.9954, -87.80793 41.99541, -87.81033 41.99543, -87.81032 41.99656, -87.81035 41.99713, -87.81094 41.99714, -87.81401 41.99706, -87.81941 41.99692, -87.82141 41.99686, -87.8214 41.99693, -87.82138 42.00056, -87.82137 42.00084, -87.82134 42.00393, -87.82135 42.00413, -87.82131 42.00724, -87.82132 42.00749, -87.82127 42.00984, -87.82125 42.01137, -87.81973 42.0114, -87.81973 42.01194, -87.8201 42.01194, -87.82007 42.01558, -87.82123 42.01555, -87.82121 42.01865, -87.81741 42.01874, -87.8162 42.01876, -87.81161 42.01886, -87.80796 42.01894, -87.8073 42.01896, -87.80655 42.01897, -87.80662 42.01369, -87.80664 42.01149, -87.80667 42.00844, -87.8067 42.00652, -87.80676 42.00085)))",5
1723074,"Elgin, IL",municipality,"MULTIPOLYGON (((-88.2515867765854 42.0662905191238, -88.2433143229818 42.0661976681812, -88.2433143229818 42.0616943974637, -88.2433143229818 42.0564715319409, -88.2433143229818 42.0542895347891, -88.2433143229818 42.0489970310593, -88.24208638065 42.0489970310593, -88.2413108381247 42.0489970310593, -88.2413108381247 42.0466061192866, -88.2413108381247 42.0464900556083, -88.2425064661846 42.0464900556083, -88.2425064661846 42.0453990570324, -88.2401152100648 42.0453062060898, -88.2405029813275 42.0466061192866, -88.2405029813275 42.0490898820019, -88.238305610839 42.0490898820019, -88.238305610839 42.0466293320222, -88.238305610839 42.0408957863149, -88.2384994964703 42.0381334707717, -88.2384994964703 42.0379941943578, -88.2367222115164 42.0304500552692, -88.2366898972445 42.0304036297979, -88.2328121846178 42.0304964807406, -88.2306148141294 42.0303339915909, -88.2297423287884 42.0302875661196, -88.2286113292723 42.030194715177, -88.2286113292723 42.0301482897057, -88.2296130717008 42.0284073345314, -88.2309056425764 42.0229987671233, -88.2272864441248 42.0227898525024, -88.2227947603322 42.0190990275329, -88.2274157012124 42.0170098813238, -88.2277065296594 42.015709968127, -88.2254122163553 42.0151064369999, -88.2254122163553 42.0150832242642, -88.2256061019866 42.0093961040282, -88.2261877588806 42.0089086365794, -88.2285143864566 42.0089086365794, -88.2289991005349 42.0133886945613, -88.2328121846178 42.0135047582395, -88.2352034407376 42.0042893021836, -88.2429911802629 42.0071908941408, -88.2430881230786 42.0069819795199, -88.2431850658942 42.006703426692, -88.2392104104519 42.0051945988743, -88.2375946968574 42.0041036002984, -88.2376916396731 42.0028965380442, -88.2364960116132 42.0029893889868, -88.2373038684104 41.9986021819477, -88.2369160971478 41.998509331005, -88.2365929544289 41.9944935277363, -88.2366898972445 41.9940989112302, -88.2308086997607 41.9941917621728, -88.2279004152907 41.9943078258511, -88.227803472475 41.9909884046521, -88.2345894695717 41.9909884046521, -88.2344925267561 41.9868333249695, -88.2369160971478 41.9868101122338, -88.2369160971478 41.993704294724, -88.2376916396731 41.993704294724, -88.2377885824888 41.9940989112302, -88.247612121143 41.9938899966093, -88.247612121143 41.9939132093449, -88.2469012071615 42.0083515309236, -88.2469012071615 42.008397956395, -88.2491955204656 42.0093032530856, -88.2530086045485 42.010696017225, -88.2565954887282 42.0120887813644, -88.258114259507 42.0125066106063, -88.2606024584424 42.012390546928, -88.2631876001935 42.0119030794792, -88.2631876001935 42.0129012271124, -88.2631876001935 42.0141082893666, -88.2632199144654 42.0141547148379, -88.2632199144654 42.0151528624712, -88.2632522287373 42.015501053506, -88.2632522287373 42.0167313284959, -88.2632845430092 42.0192383039468, -88.2633168572811 42.0200507496948, -88.2632199144654 42.0219541940187, -88.2632199144654 42.0227898525024, -88.2632845430092 42.0230219798589, -88.2633168572811 42.0257146571952, -88.2633168572811 42.0266431666215, -88.2632845430092 42.0267360175641, -88.263349171553 42.0292197802794, -88.263349171553 42.0307518208328, -88.2633814858249 42.0337230509969, -88.2634461143687 42.0365550047471, -88.2634461143687 42.0365782174827, -88.2634461143687 42.0380406198291, -88.2633814858249 42.0430313579954, -88.2634138000968 42.044888376848, -88.2634138000968 42.0464204174013, -88.2634461143687 42.0508076244405, -88.2634461143687 42.0532913871559, -88.2635430571843 42.0586535290926, -88.2635753714562 42.0612301427506, -88.2635753714562 42.0629014597179, -88.26364 42.0663369445952, -88.26364 42.0668708375153, -88.2585989735853 42.0669172629866, -88.2583727736821 42.0669404757222, -88.2583081451383 42.0669404757222, -88.2583081451383 42.0661976681812, -88.2515867765854 42.0662905191238)), ((-88.228385129369 42.0402922551879, -88.2276095868437 42.0385977254849, -88.2251537021801 42.0405011698088, -88.224895188005 42.0407100844297, -88.2259938732493 42.0368103448393, -88.2301947285948 42.0368103448393, -88.2302916714105 42.0368103448393, -88.2301947285948 42.0382727471857, -88.2301947285948 42.0382959599213, -88.2352034407376 42.0382031089787, -88.2352034407376 42.038179896243, -88.2353003835533 42.0362996646548, -88.2357850976316 42.0344890712736, -88.2350095551063 42.0342105184457, -88.2352034407376 42.0327945415706, -88.2364960116132 42.0323999250644, -88.2375946968574 42.0373906632307, -88.2375946968574 42.0381566835074, -88.2375946968574 42.0466525447579, -88.2375946968574 42.0467918211718, -88.2342986411247 42.0467918211718, -88.2335554128713 42.0466757574936, -88.2330060702492 42.0466061192866, -88.2328121846178 42.0401994042452, -88.228385129369 42.0402922551879)), ((-88.2536872042582 42.0670565394005, -88.2484522922121 42.0670797521362, -88.2466103787145 42.0670797521362, -88.2465457501707 42.0670797521362, -88.2537841470738 42.0670101139292, -88.2555937462996 42.0668940502509, -88.2556583748434 42.0669404757222, -88.2536872042582 42.0670565394005)))",5
1723256,"Elk Grove Village, IL",municipality,"MULTIPOLYGON (((-88.0556007175783 42.0044053658619, -88.0556007175783 42.0061927465075, -88.0605124869054 42.0060070446223, -88.0604155440898 42.0181937308423, -88.0604155440898 42.0207935572359, -88.0585090020483 42.0209096209141, -88.0555037747626 42.0210024718568, -88.0505920054355 42.0212113864777, -88.0506889482512 42.0175901997152, -88.0457125503803 42.0175901997152, -88.0457125503803 42.0161974355758, -88.0458094931959 42.0139922256883, -88.038506467749 42.0142011403092, -88.038506467749 42.0080961908314, -88.0313003851177 42.0083051054523, -88.0312034423021 42.0083051054523, -88.0310095566708 42.008397956395, -88.018697819081 42.008397956395, -88.018697819081 42.0144100549302, -88.0081956807171 42.0145957568154, -88.0035101112932 42.0145957568154, -88.0035101112932 42.0119959304218, -88.0009895980858 42.0122744832497, -87.9997939700259 42.012390546928, -87.9954961718647 42.0141082893666, -87.9961101430306 42.014688607758, -87.9961101430306 42.0178919652787, -87.9931049157449 42.0175901997152, -87.9909075452564 42.0200971751661, -87.9899058028279 42.02200061949, -87.9884839748647 42.0220934704327, -87.9884516605929 42.0229755543876, -87.9882900892334 42.0252968279533, -87.9877084323394 42.0275948887834, -87.9868036327265 42.0296608222569, -87.986092718745 42.0313089264885, -87.9858988331136 42.0319588830869, -87.9853494904915 42.0336766255256, -87.9852848619477 42.0338623274108, -87.9850909763164 42.0343962203309, -87.9850909763164 42.0345122840092, -87.9845093194224 42.0372049613455, -87.9844446908786 42.0372513868168, -87.9829905486436 42.038388810864, -87.9806962353395 42.0388994910484, -87.9790158932013 42.0382031089787, -87.9738132954271 42.0353943679642, -87.972100639017 42.0342105184457, -87.9714866678511 42.0337926892039, -87.971518982123 42.0337694764682, -87.9716159249387 42.0331891580768, -87.96599324163 42.0291037166011, -87.9630849571599 42.0272002722772, -87.9630849571599 42.025389678896, -87.9599181585148 42.0246932968263, -87.9590456731738 42.024507594941, -87.9590133589019 42.024507594941, -87.956363588607 42.0225112996745, -87.9552972176347 42.0216988539265, -87.9548448178282 42.0215131520412, -87.952291990349 42.0204917916723, -87.9499976770449 42.0200043242235, -87.9495775915103 42.0198882605452, -87.945312107621 42.018890112912, -87.9479941921878 42.0187044110267, -87.9479941921878 42.015501053506, -87.9425007659666 42.015709968127, -87.9406911667408 42.015501053506, -87.9404003382938 42.0142011403092, -87.9403033954782 42.0118102285366, -87.9354885689667 42.0118102285366, -87.9352946833354 42.005890980944, -87.935682454598 42.005960619151, -87.936554939939 42.0061695337719, -87.9393016530496 42.0069123413129, -87.9393016530496 42.0079104889462, -87.9403033954782 42.0080033398888, -87.9412081950911 42.0070980431982, -87.9412081950911 42.0063088101858, -87.9402064526625 42.0061463210362, -87.9402064526625 42.0054035134952, -87.9402064526625 42.0045214295402, -87.9401741383906 42.0041732385054, -87.9401095098468 42.0015269866404, -87.9401095098468 42.0008073918351, -87.940077195575 42.0003895625932, -87.9400448813031 41.9988110965686, -87.9399479384874 41.9948649315069, -87.9399479384874 41.9934721673674, -87.94153133781 41.9934721673674, -87.9438902796579 41.9934489546318, -87.9471863353905 41.9933793164248, -87.9471863353905 41.9934025291605, -87.9529059615149 41.9933096782178, -87.9529059615149 41.9932864654822, -87.9545539893813 41.9932400400108, -87.9550710177315 41.9932168272752, -87.9584963305517 41.9931936145395, -87.9592072445333 41.9931704018039, -87.9592072445333 41.9931936145395, -87.9592395588052 41.9931936145395, -87.9643452137636 41.9931007635969, -87.9695801258097 41.9930311253899, -87.9715836106668 41.9929846999186, -87.9754290090216 41.9929382744473, -87.9765923228096 41.9929150617117, -87.9766892656252 41.9954916753696, -87.978789693298 41.9954916753696, -87.9794036644639 41.9934025291605, -87.978789693298 41.992891848976, -87.9774001796068 41.992891848976, -87.9793390359201 41.9928686362403, -87.9795006072796 41.9928686362403, -87.9795006072796 41.992891848976, -87.9852848619477 41.992822210769, -87.9860604044731 41.9927989980334, -87.9884516605929 41.9927757852977, -87.9942036009891 41.9927293598264, -87.9941066581734 41.9944935277363, -87.9955608004085 41.9944935277363, -87.9972088282748 41.9944935277363, -87.9971118854591 41.9927061470908, -87.9982105707033 41.9927061470907, -88.0030900257586 41.9926365088838, -88.0153048205327 41.9924972324698, -88.0275842438505 41.9924972324698, -88.0298139286108 41.9925204452055, -88.0313003851177 41.9925204452055, -88.0314619564772 41.9925204452055, -88.0334008127905 41.9924508069985, -88.0348226407536 41.9924043815272, -88.0411885523158 41.9921954669063, -88.0429981515416 41.9921954669063, -88.0459064360116 41.993704294724, -88.0462942072743 41.992009765021, -88.0482007493157 41.9918937013427, -88.0504627483479 41.9918937013427, -88.0510120909701 41.9919169140784, -88.0509151481544 41.9936114437814, -88.0557946032096 41.9934025291605, -88.055697660394 41.9989039475112, -88.0594138016612 41.9988110965686, -88.0594138016612 42.0005984772142, -88.0606094297211 42.0005984772142, -88.0606094297211 42.0024090705954, -88.0605124869054 42.0042893021837, -88.0556007175783 42.0044053658619), (-88.0234157027768 42.0032911545504, -88.0230925600579 42.0012020083412, -88.0238034740395 42.0005056262715, -88.0238034740395 41.9979986508206, -88.0180838479151 41.9979986508206, -88.0182131050027 42.0003895625932, -88.0195056758782 42.0003895625932, -88.0203135326755 42.0012020083412, -88.021896931998 42.0015037739048, -88.021896931998 42.0032911545504, -88.0234157027768 42.0032911545504), (-88.0415116950347 41.9994378404313, -88.0415116950347 42.0024090705954, -88.0423841803757 42.0022930069171, -88.0425134374632 41.9994146276956, -88.0425134374632 41.99939141496, -88.0415116950347 41.99939141496, -88.0415116950347 41.9994378404313), (-87.9498037914136 42.014897522379, -87.9498037914136 42.0122976959854, -87.9466046784965 42.0110906337312, -87.945893764515 42.0118102285366, -87.9498037914136 42.014897522379), (-87.9882900892334 42.0171027322664, -87.9883224035053 42.0170795195307, -87.989291831662 42.0145029058728, -87.989291831662 42.0110906337312, -87.9816010349524 42.0112066974095, -87.9815040921367 42.015709968127, -87.9861896615606 42.0166616902889, -87.9882900892334 42.0171027322664), (-87.9571068168605 42.0225112996745, -87.9584963305517 42.0223952359962, -87.9551033320034 42.0194936440391, -87.9550063891877 42.0154082025634, -87.9596919586116 42.0152921388851, -87.954909446372 42.0151064369999, -87.9550063891877 42.0109049318459, -87.9513871907361 42.0099996351553, -87.9514841335518 42.0164992011393, -87.9531967899619 42.0178919652787, -87.9538107611278 42.0191918784755, -87.9539077039435 42.0203989407297, -87.9571068168605 42.0225112996745), (-87.9505147053951 42.0155939044487, -87.9481880778191 42.015501053506, -87.9481880778191 42.0186115600841, -87.9501915626762 42.0187044110267, -87.9505147053951 42.0155939044487)))",5
1723724,"Elmwood Park, IL",municipality,"MULTIPOLYGON (((-87.8200943040509 41.937854452733, -87.8165074198712 41.9379008782043, -87.8164427913274 41.9355796046386, -87.8164104770556 41.9343029041774, -87.8163781627837 41.9343029041774, -87.8066192526732 41.9344886060627, -87.8064899955856 41.9308209938288, -87.80639305277 41.9277569127221, -87.8062314814105 41.9233697056829, -87.8062314814105 41.923091152855, -87.8058760244197 41.912529358131, -87.8058437101478 41.9107187647498, -87.8057790816041 41.9095813407026, -87.8057467673322 41.9089081713685, -87.8093336515119 41.9088385331615, -87.813082107051 41.9087921076902, -87.8244890450278 41.908606405805, -87.8254584731845 41.908606405805, -87.8254907874564 41.908606405805, -87.8254907874564 41.911043743049, -87.8254907874564 41.9128079109589, -87.8256846730877 41.9158023538587, -87.8259431872628 41.9268516160315, -87.8259755015347 41.9273390834803, -87.8261370728942 41.9345814570053, -87.826201701438 41.9377616017903, -87.8257169873596 41.9377616017903, -87.8200943040509 41.937854452733)))",5
68,Englewood,community area,"MULTIPOLYGON (((-87.62826 41.78316, -87.62897 41.78315, -87.62891 41.78077, -87.62889 41.7803, -87.6286 41.78014, -87.62854 41.78, -87.63015 41.77999, -87.63009 41.77835, -87.63005 41.77693, -87.63009 41.77626, -87.63004 41.77535, -87.62997 41.77286, -87.62996 41.77271, -87.63104 41.77269, -87.63125 41.77139, -87.63136 41.76906, -87.63236 41.76903, -87.63355 41.76901, -87.6335 41.76735, -87.63354 41.76719, -87.63471 41.76717, -87.63467 41.76549, -87.63464 41.76428, -87.63484 41.7637, -87.63484 41.7636, -87.63448 41.76352, -87.63443 41.76342, -87.63461 41.763, -87.63453 41.7599, -87.63575 41.75988, -87.6357 41.75806, -87.63859 41.75801, -87.63927 41.75798, -87.63928 41.75719, -87.6393 41.75666, -87.63933 41.75616, -87.6399 41.75615, -87.64408 41.75608, -87.64418 41.75609, -87.64424 41.75814, -87.64433 41.75811, -87.64653 41.75807, -87.64666 41.75811, -87.65103 41.75804, -87.65393 41.758, -87.65395 41.75902, -87.65398 41.75974, -87.65398 41.76015, -87.65402 41.76129, -87.65404 41.76241, -87.65409 41.76421, -87.65421 41.76857, -87.6543 41.77186, -87.65432 41.77305, -87.65445 41.77764, -87.6545 41.77946, -87.65464 41.78498, -87.65471 41.78787, -87.65474 41.78863, -87.65478 41.79044, -87.65487 41.79417, -87.65467 41.79417, -87.65344 41.7942, -87.65015 41.79424, -87.64986 41.79424, -87.64861 41.79426, -87.64628 41.7943, -87.64494 41.7943, -87.64261 41.79435, -87.64048 41.79438, -87.63759 41.79444, -87.63546 41.79448, -87.63403 41.7945, -87.63319 41.79451, -87.63214 41.79453, -87.63117 41.79454, -87.63067 41.79455, -87.63039 41.79458, -87.62934 41.79458, -87.62856 41.7946, -87.62847 41.79169, -87.62843 41.78985, -87.62825 41.78326, -87.62826 41.78316)))",5
1724582,"Evanston, IL",municipality,"MULTIPOLYGON (((-87.7323933701441 42.0646888403635, -87.7323933701441 42.065872689882, -87.7323933701441 42.0688903455174, -87.7323610558721 42.0689135582531, -87.729194257227 42.0696099403228, -87.7290650001395 42.0693081747593, -87.7290003715957 42.0691456856097, -87.7290003715957 42.0690992601383, -87.7248641447939 42.0690992601383, -87.7185951760474 42.0690992601383, -87.7160423485682 42.0690760474027, -87.714652834877 42.069052834667, -87.7065419526328 42.0689831964601, -87.7028581256374 42.0689367709887, -87.7026642400061 42.0689367709887, -87.7018886974808 42.0689367709887, -87.6891245600846 42.0687974945748, -87.6890922458127 42.0687974945748, -87.6883167032874 42.0695635148515, -87.6882843890155 42.0696099403228, -87.6828555913381 42.0694938766445, -87.6827909627943 42.0694938766445, -87.6827909627943 42.0704688115421, -87.6827909627943 42.0716990865319, -87.6827586485225 42.0716990865319, -87.6795918498773 42.071699086532, -87.6765866225917 42.0671029648718, -87.675908022882 42.0665922846874, -87.6753909945318 42.0648977549844, -87.6740014808405 42.0639924582938, -87.6733875096746 42.061810461142, -87.6731613097714 42.0615551210498, -87.6715132819051 42.0599070168181, -87.669509797048 42.0596981021972, -87.670091453942 42.0573071904245, -87.670091453942 42.0551948314797, -87.6693159114166 42.0525021541435, -87.6709962535548 42.0522932395226, -87.6711901391862 42.0508772626475, -87.6711901391862 42.0506915607622, -87.6726119671493 42.049693413129, -87.6721918816147 42.0482077980469, -87.6731936240433 42.0479060324834, -87.6720949387991 42.045491907975, -87.6719979959834 42.0437973782721, -87.6694128542323 42.0412904028211, -87.6693482256885 42.0410814882002, -87.6691866543291 42.0401297660383, -87.6690897115134 42.0395958731181, -87.6691220257853 42.0395726603825, -87.6691220257853 42.0395262349112, -87.6695421113198 42.038388810864, -87.6699945111263 42.0372049613455, -87.670091453942 42.0369031957819, -87.6695744255917 42.0354872189068, -87.669509797048 42.0353015170216, -87.6693159114166 42.0338391146752, -87.6693159114166 42.0338159019395, -87.6687019402507 42.0290108656585, -87.6684111118037 42.0281984199105, -87.6666984553936 42.0261092737013, -87.665115056071 42.0230219798589, -87.6658582843245 42.0231380435372, -87.6711578249143 42.0230451925946, -87.6718687388959 42.0230451925946, -87.6718687388959 42.0229987671233, -87.6720303102553 42.0229987671233, -87.6726442814212 42.0229987671233, -87.6759726514258 42.0229755543876, -87.6772005937575 42.0229291289163, -87.6772005937575 42.0229059161807, -87.6771682794857 42.0227666397667, -87.6771036509419 42.0225577251458, -87.6748739661815 42.0207239190289, -87.6733875096746 42.0194936440391, -87.6733228811309 42.0194007930964, -87.6774267936608 42.0194240058321, -87.6776206792921 42.0194240058321, -87.6795595356054 42.0194472185677, -87.6804643352183 42.0194472185678, -87.6846651905639 42.0194936440391, -87.6858931328957 42.0194936440391, -87.6889629887252 42.0195400695104, -87.6901586167851 42.0195400695104, -87.6961367570845 42.0194007930964, -87.6987865273794 42.0193543676251, -87.7000467839831 42.0193079421538, -87.7019533260246 42.0192847294182, -87.704150696513 42.0192383039468, -87.7045061535038 42.0192383039468, -87.7086746945775 42.0191454530042, -87.7086746945775 42.0190990275329, -87.7087070088494 42.0190990275329, -87.7089978372964 42.0190990275329, -87.7089978372964 42.0191222402685, -87.7089008944807 42.0235094473078, -87.7087070088494 42.0336766255256, -87.7087070088494 42.0336998382612, -87.7099026369093 42.0336998382612, -87.7099026369093 42.0337694764682, -87.7098056940936 42.0382959599213, -87.7097410655498 42.0409422117863, -87.7096118084623 42.0482077980469, -87.7091917229277 42.0492987966228, -87.7089008944807 42.0524093032009, -87.7092886657434 42.0525253668792, -87.7097733798217 42.0526878560288, -87.7100965225406 42.052803919707, -87.7143943207018 42.0548002149736, -87.7161392913839 42.0553573206293, -87.7163008627433 42.0554037461006, -87.7274816008169 42.055310895158, -87.7275139150888 42.055310895158, -87.7273846580012 42.0624836304761, -87.7273846580012 42.0625068432117, -87.7324579986878 42.0625068432117, -87.7324903129597 42.0625068432117, -87.7324256844159 42.0639924582938, -87.7323933701441 42.0646888403635)))",5
1724634,"Evergreen Park, IL",municipality,"MULTIPOLYGON (((-87.7216973461488 41.7278024077716, -87.7216650318769 41.7278024077716, -87.7121646359415 41.7278952587142, -87.7118091789507 41.7278952587142, -87.712003064582 41.7349983558253, -87.6874119036745 41.7353929723315, -87.6871857037713 41.7281970242778, -87.682306248716 41.7281970242778, -87.6822416201722 41.7264560691035, -87.6822093059003 41.725272219585, -87.6820800488128 41.7209314380171, -87.6819831059971 41.7180762715313, -87.6819507917252 41.7167763583345, -87.6818538489096 41.7136890644921, -87.6917097018357 41.7135962135494, -87.6917097018357 41.7135730008138, -87.6917420161076 41.7135730008138, -87.6916773875639 41.7116927692256, -87.6916127590201 41.7072127112437, -87.6916127590201 41.7071894985081, -87.6917743303795 41.7071894985081, -87.7014039834024 41.7070966475654, -87.7013393548587 41.7065627546453, -87.7013070405868 41.7061913508748, -87.7110982649692 41.7060984999322, -87.7112921506005 41.7115070673403, -87.7115183505037 41.7115070673403, -87.7121646359415 41.711530280076, -87.7125524072042 41.7115070673403, -87.712584721476 41.7132944479859, -87.7211156892548 41.7132015970433, -87.7212126320704 41.7157549979656, -87.7212449463423 41.7168227838058, -87.7216973461488 41.7277791950359, -87.7216973461488 41.7278024077716)))",5
1726571,"Flossmoor, IL",municipality,"MULTIPOLYGON (((-87.7134895210889 41.5498071507527, -87.7134572068171 41.5498071507527, -87.7037952395222 41.5496910870745, -87.6984956989324 41.5498071507527, -87.6940363294117 41.5498071507527, -87.6940040151399 41.5498071507527, -87.6940040151399 41.5515016804557, -87.686087018527 41.5517105950766, -87.6748093376378 41.5517105950766, -87.6742923092875 41.549992852638, -87.6680556548129 41.5498071507527, -87.665115056071 41.5496910870745, -87.6649857989835 41.5460931130476, -87.6646949705365 41.5420076715719, -87.6621098287854 41.5411952258239, -87.6638547994674 41.5406149074325, -87.6638871137392 41.5405916946969, -87.6626914856794 41.5389900159365, -87.6550976317854 41.5389900159365, -87.6550976317854 41.53875788858, -87.6551945746011 41.5363901895429, -87.6550006889698 41.5277086264072, -87.6565517740204 41.5277318391428, -87.6599124582969 41.5278014773498, -87.6623037144167 41.5278014773498, -87.6647919133521 41.5278014773498, -87.6680233405411 41.5278711155568, -87.6697036826793 41.5278943282924, -87.669509797048 41.5320958334464, -87.6672154837438 41.532188684389, -87.6672154837438 41.542007671572, -87.6713840248175 41.542007671572, -87.6722888244304 41.5391989305574, -87.6736137095779 41.5391060796148, -87.6738075952092 41.5319101315611, -87.6738075952092 41.5278943282924, -87.6745185091907 41.5279175410281, -87.6754233088037 41.5279407537637, -87.6782992790018 41.5280103919707, -87.6863132184303 41.5280103919707, -87.7132956354576 41.5278943282924, -87.7132956354576 41.5279407537637, -87.7132956354576 41.5291013905466, -87.7132956354576 41.5360884239794, -87.7133925782733 41.5392917815001, -87.7036013538909 41.5391989305575, -87.7036982967066 41.5333957466432, -87.7036013538909 41.5291013905466, -87.7007900122366 41.5291013905466, -87.7007900122366 41.5297049216737, -87.698915784467 41.530494154686, -87.6981079276698 41.5314923023193, -87.6981079276698 41.5333957466432, -87.7001114125269 41.5333957466432, -87.7001114125269 41.535299190967, -87.6985926417481 41.535299190967, -87.6984956989324 41.5371097843483, -87.6970092424255 41.5371097843483, -87.6971061852412 41.5387114631086, -87.6962013856283 41.5388043140513, -87.6963952712596 41.5424951390208, -87.7114860362318 41.5424951390208, -87.712003064582 41.5417059060084, -87.7133925782733 41.5417059060084, -87.7134248925452 41.5424951390208, -87.7134895210889 41.5498071507527)))",5
1726710,"Ford Heights, IL",municipality,"MULTIPOLYGON (((-87.5996140269519 41.5207912311813, -87.5968996281133 41.5207912311813, -87.5952839145188 41.520814443917, -87.5888856886848 41.5209072948596, -87.5883363460627 41.520814443917, -87.5874961749935 41.5206983802387, -87.5874961749935 41.517703937339, -87.5822935772194 41.5177967882816, -87.5822935772194 41.5152898128306, -87.5850079760581 41.5154058765089, -87.5821966344037 41.513502432185, -87.5779957790582 41.513502432185, -87.5785128074084 41.5171932571545, -87.5783835503208 41.5172164698901, -87.5777049506112 41.5173093208328, -87.5778018934268 41.5207912311813, -87.5777372648831 41.5207912311813, -87.5717914388555 41.5209072948596, -87.5706927536112 41.5209072948596, -87.5706927536112 41.520884082124, -87.5706927536112 41.5135952831276, -87.5680106690445 41.5138041977485, -87.563195842533 41.5138041977486, -87.5630988997173 41.5158004930151, -87.5582840732058 41.5158933439577, -87.5582840732058 41.5148951963244, -87.5534046181506 41.5148951963244, -87.5533076753349 41.5138041977485, -87.5582840732058 41.5138041977486, -87.558251758934 41.5097419690085, -87.5581871303902 41.5073046317645, -87.5582194446621 41.5073046317645, -87.5628080712703 41.5073046317645, -87.5628080712703 41.5063993350739, -87.5726962384684 41.5063064841313, -87.5745058376941 41.5058886548895, -87.5767032081826 41.5040084233012, -87.5777695791549 41.5027549355758, -87.5778018934268 41.5027085101044, -87.5785128074084 41.50449589075, -87.5810010063438 41.5060047185677, -87.5823905200351 41.5054011874407, -87.5852018616894 41.5019889152991, -87.5873022893622 41.5019889152991, -87.5869145180995 41.4989944723993, -87.5968996281133 41.4989944723993, -87.5969965709289 41.5154987274515, -87.5969965709289 41.5158933439577, -87.5970935137446 41.5161951095212, -87.5970935137446 41.5171932571545, -87.5996140269519 41.5171932571545, -87.5996140269519 41.5207912311813)))",6
12,Forest Glen,community area,"MULTIPOLYGON (((-87.72642 41.99726, -87.72786 41.99547, -87.72915 41.9937, -87.73009 41.99247, -87.73186 41.9901, -87.73287 41.99009, -87.73306 41.98981, -87.73407 41.98848, -87.73414 41.98833, -87.73429 41.98824, -87.73524 41.98779, -87.7365 41.98716, -87.73737 41.98679, -87.73841 41.98633, -87.73838 41.98546, -87.73831 41.98272, -87.7397 41.9827, -87.74061 41.98267, -87.74085 41.98267, -87.74183 41.98265, -87.74227 41.98263, -87.74302 41.98262, -87.74311 41.98271, -87.745 41.98265, -87.74585 41.98264, -87.74699 41.98264, -87.74713 41.98309, -87.74731 41.98334, -87.74743 41.98345, -87.74772 41.98359, -87.74798 41.98368, -87.74826 41.98369, -87.74819 41.98191, -87.74817 41.9812, -87.74819 41.9808, -87.74815 41.98025, -87.74812 41.97928, -87.74803 41.97633, -87.74799 41.97535, -87.74798 41.97469, -87.74793 41.97311, -87.7479 41.97278, -87.74792 41.97246, -87.7479 41.97126, -87.74787 41.97022, -87.74785 41.96973, -87.7477 41.96912, -87.74751 41.96865, -87.74751 41.96855, -87.74763 41.96814, -87.74772 41.96804, -87.75126 41.96799, -87.75264 41.96798, -87.75263 41.96821, -87.75274 41.9715, -87.7528 41.9718, -87.7528 41.97237, -87.75289 41.97254, -87.75519 41.97251, -87.75528 41.97511, -87.75533 41.97692, -87.75533 41.97746, -87.75506 41.9773, -87.75642 41.9799, -87.75801 41.98296, -87.75816 41.98296, -87.75879 41.98431, -87.75909 41.98506, -87.76067 41.98798, -87.76093 41.98783, -87.76114 41.98775, -87.76183 41.98768, -87.76209 41.98779, -87.76229 41.98796, -87.76232 41.98809, -87.76227 41.98825, -87.76217 41.98833, -87.76184 41.98845, -87.76169 41.98857, -87.7616 41.98874, -87.76159 41.98891, -87.7617 41.98922, -87.76204 41.98986, -87.76204 41.99009, -87.7621 41.99015, -87.76248 41.99027, -87.7626 41.99026, -87.76277 41.98998, -87.76304 41.98979, -87.7635 41.98976, -87.76377 41.98968, -87.76394 41.98944, -87.76415 41.98937, -87.76431 41.9894, -87.76466 41.9897, -87.76493 41.98984, -87.7655 41.99002, -87.76565 41.99012, -87.76596 41.99016, -87.76636 41.99013, -87.7669 41.99002, -87.76723 41.98988, -87.76758 41.98965, -87.76767 41.98951, -87.7676 41.98925, -87.76762 41.98907, -87.76776 41.98887, -87.76793 41.98879, -87.7682 41.98878, -87.76845 41.98881, -87.76882 41.98888, -87.76947 41.98899, -87.77022 41.98903, -87.77048 41.98907, -87.77094 41.98923, -87.77112 41.98932, -87.7714 41.98955, -87.7717 41.99001, -87.77173 41.99028, -87.77157 41.9907, -87.7714 41.99091, -87.77113 41.99096, -87.77094 41.99104, -87.77084 41.99126, -87.77098 41.99146, -87.77119 41.99153, -87.77182 41.99155, -87.77214 41.99162, -87.77263 41.9917, -87.7729 41.9918, -87.77302 41.9919, -87.77342 41.99236, -87.77358 41.9927, -87.7737 41.99313, -87.77368 41.99346, -87.77349 41.99365, -87.77262 41.9939, -87.7723 41.99405, -87.7721 41.99417, -87.77157 41.99464, -87.77137 41.99492, -87.77118 41.99535, -87.77115 41.99562, -87.77118 41.99588, -87.77125 41.99613, -87.77143 41.9964, -87.77169 41.9966, -87.77201 41.99674, -87.77245 41.99689, -87.77296 41.997, -87.77349 41.99707, -87.77407 41.99706, -87.77438 41.99702, -87.77487 41.99688, -87.77513 41.99678, -87.77541 41.99672, -87.77576 41.99668, -87.77605 41.99674, -87.77661 41.99724, -87.77678 41.99726, -87.77697 41.9972, -87.77714 41.99704, -87.77731 41.997, -87.77754 41.99703, -87.77801 41.99713, -87.77826 41.99715, -87.77857 41.99702, -87.77875 41.99683, -87.77888 41.99678, -87.77923 41.99672, -87.77962 41.99674, -87.7799 41.99696, -87.77997 41.99715, -87.78002 41.99742, -87.78004 41.99781, -87.78009 41.99813, -87.78004 41.99869, -87.77999 41.99912, -87.78015 42.00002, -87.7802 42.00021, -87.78023 42.00081, -87.78027 42.00112, -87.78029 42.00162, -87.78039 42.00188, -87.78054 42.00239, -87.78068 42.00262, -87.78083 42.00277, -87.78099 42.00288, -87.78151 42.00297, -87.78164 42.00295, -87.78181 42.00284, -87.78203 42.0026, -87.7823 42.00205, -87.78261 42.00146, -87.7828 42.00102, -87.78291 42.00051, -87.78292 42.00032, -87.78302 42.00013, -87.78327 42.00002, -87.78382 42.00015, -87.78428 42.0002, -87.78463 42.00015, -87.78498 41.99992, -87.78534 41.99976, -87.78559 41.99973, -87.78597 41.99976, -87.78645 41.99976, -87.78673 41.99985, -87.78703 41.99984, -87.78761 41.99965, -87.78793 41.99964, -87.78811 41.99967, -87.78843 41.9998, -87.7886 41.99994, -87.78912 42.0002, -87.79 42.00048, -87.79019 42.00062, -87.788 42.00167, -87.78539 42.00291, -87.782 42.00451, -87.78224 42.00466, -87.78277 42.0051, -87.78329 42.00565, -87.78454 42.00711, -87.78872 42.01201, -87.78779 42.01202, -87.78724 42.012, -87.78503 42.01201, -87.78269 42.01201, -87.78207 42.01201, -87.78109 42.01202, -87.78037 42.012, -87.77927 42.012, -87.77915 42.01358, -87.7791 42.01545, -87.77697 42.0154, -87.77705 42.01199, -87.77628 42.01198, -87.77335 42.01197, -87.7731 42.01149, -87.77174 42.00887, -87.77161 42.0086, -87.77036 42.0062, -87.76995 42.00639, -87.76917 42.00487, -87.76785 42.00426, -87.76772 42.00424, -87.76579 42.00334, -87.76547 42.00375, -87.76754 42.00472, -87.76746 42.00833, -87.76166 42.00828, -87.76172 42.00679, -87.76185 42.0039, -87.76186 42.00355, -87.76195 42.00267, -87.76199 42.0025, -87.76227 42.0017, -87.76143 42.00133, -87.75767 41.99956, -87.75662 41.99906, -87.75637 41.99895, -87.75444 41.99805, -87.75435 41.99799, -87.7529 41.99731, -87.74816 41.9973, -87.74604 41.99729, -87.74094 41.99726, -87.72903 41.99725, -87.72642 41.99726)))",6
1726935,"Forest Park, IL",municipality,"MULTIPOLYGON (((-87.8273003866822 41.8791958697274, -87.8234226740555 41.8792655079344, -87.8144069921984 41.8794047843483, -87.8144069921984 41.8794512098196, -87.8146978206454 41.8868792852299, -87.8146978206454 41.8869024979656, -87.8050035390787 41.8869953489082, -87.8050035390787 41.8869721361725, -87.8047450249036 41.8796369117049, -87.8045188250004 41.8738105150549, -87.8043249393691 41.8684251603825, -87.8041956822815 41.8649896755052, -87.8041956822815 41.864873611827, -87.8040017966502 41.8577008765089, -87.8082995948114 41.8577008765089, -87.8120157360787 41.8577008765089, -87.8118864789911 41.8560063468059, -87.8082995948114 41.8560991977486, -87.8081057091801 41.8502960138343, -87.8083965376271 41.8502960138343, -87.8230025885209 41.8499942482707, -87.8230025885209 41.8500174610064, -87.8232934169679 41.8521994581581, -87.8200943040509 41.8558902831276, -87.8134052497699 41.8560063468059, -87.8135991354012 41.857491961888, -87.8199004184196 41.857491961888, -87.8240043309495 41.8613917014784, -87.8263955870693 41.8632022948596, -87.8273003866822 41.8645950589991, -87.8334077840692 41.8645022080564, -87.8335047268849 41.8667306306795, -87.8336986125162 41.8715588796962, -87.8336986125162 41.8717910070528, -87.8311134707651 41.8717910070528, -87.8298855284333 41.8718606452597, -87.8254907874564 41.8720927726163, -87.8254907874564 41.8721391980876, -87.8249091305624 41.8739033659976, -87.8257816159034 41.8752497046657, -87.8258139301753 41.875296130137, -87.8258462444472 41.8753193428726, -87.8273973294978 41.8757139593788, -87.8287222146453 41.8760853631493, -87.8287868431891 41.876108575885, -87.8273327009541 41.8791262315204, -87.8273003866822 41.8791726569917, -87.8273003866822 41.8791958697274)))",6
1726987,"Forest View, IL",municipality,"MULTIPOLYGON (((-87.8020952546087 41.810300470297, -87.7978297707194 41.8103933212397, -87.792110144595 41.8105093849179, -87.788911031678 41.8106022358606, -87.7824158630283 41.8108111504815, -87.7821896631251 41.8076077929608, -87.7684884118441 41.811995, -87.7595050442589 41.8148037410145, -87.7539146752221 41.8148965919571, -87.7531391326968 41.8147341028075, -87.7530098756093 41.8147108900719, -87.7530098756093 41.8146876773362, -87.7531068184249 41.8134574023464, -87.7531068184249 41.8134341896107, -87.753074504153 41.8133181259325, -87.7530098756093 41.8129931476333, -87.7529775613374 41.811182554252, -87.7530098756093 41.8111361287807, -87.7529129327936 41.8084666641801, -87.7529129327936 41.8076077929608, -87.7529129327936 41.8074917292825, -87.7529452470655 41.807050687305, -87.7529129327936 41.8070042618337, -87.7577923878488 41.8070042618337, -87.7589880159087 41.8066096453275, -87.762704157176 41.8064935816493, -87.762704157176 41.8041026698766, -87.7631888712543 41.8037080533704, -87.7660002129087 41.8035919896921, -87.7674866694155 41.8044044354401, -87.7677128693188 41.807189963719, -87.7698132969916 41.8060061142005, -87.7705888395169 41.8070971127763, -87.7652892989271 41.8089077061576, -87.765903270093 41.8096040882273, -87.789492688572 41.8022920764953, -87.789492688572 41.8002957812288, -87.7846132335167 41.8012010779194, -87.7846132335167 41.8015956944256, -87.7818018918624 41.8025938420589, -87.7819957774937 41.7996922501017, -87.7872953180835 41.7996226118948, -87.7875215179868 41.7995993991591, -87.7875861465305 41.7995993991591, -87.7942105722678 41.7995065482165, -87.7907852594475 41.7999011647226, -87.7909145165351 41.8018046090465, -87.8004149124705 41.7988101661468, -87.801707483346 41.7986012515258, -87.8017721118898 41.8004118449071, -87.8018044261617 41.8007832486776, -87.8018044261617 41.8008064614133, -87.8018690547055 41.8034527132782, -87.8019336832493 41.804752626475, -87.8020306260649 41.8084898769158, -87.8020629403368 41.8089541316289, -87.8020952546087 41.810300470297)))",6
1727702,"Franklin Park, IL",municipality,"MULTIPOLYGON (((-87.920268546907 41.9301013990235, -87.9203008611789 41.9313084612776, -87.920268546907 41.9329565655093, -87.920268546907 41.9368563050997, -87.9202362326351 41.9415917031737, -87.9202362326351 41.9431005309915, -87.914710492142 41.9433094456124, -87.9150013205891 41.9503893299878, -87.9154860346674 41.9502964790452, -87.9151952062204 41.9521070724264, -87.9153890918517 41.9557050464533, -87.9157768631144 41.9574227888919, -87.9155506632112 41.9573531506849, -87.9153890918517 41.957283512478, -87.9144842922388 41.9567960450292, -87.9144842922388 41.9534998365659, -87.910638893884 41.9525016889326, -87.9082476377642 41.9518517323342, -87.9075690380546 41.9517124559203, -87.9063410957228 41.9514803285637, -87.9046930678564 41.9512714139428, -87.9038205825154 41.9511785630001, -87.9034004969809 41.9511089247932, -87.8971961567782 41.9505982446087, -87.8927044729856 41.9506910955513, -87.8927044729856 41.950714308287, -87.8926721587137 41.950714308287, -87.8926721587137 41.9521302851621, -87.8929629871607 41.9533837728876, -87.8931891870639 41.95470689882, -87.8931245585202 41.9575156398345, -87.8930922442483 41.958095958226, -87.8925429016262 41.9580727454903, -87.8907979309442 41.9580031072833, -87.8905071024972 41.9545908351417, -87.8907009881285 41.9534069856232, -87.887631132299 41.9533373474163, -87.8856922759857 41.9532909219449, -87.8856922759857 41.9527106035535, -87.8854014475387 41.945769995592, -87.8854014475387 41.9456075064424, -87.881814563359 41.9455378682355, -87.8804896782115 41.9454914427641, -87.8804896782115 41.9455610809711, -87.8805866210272 41.9463967394548, -87.8805543067553 41.9463967394548, -87.8780984220918 41.9462574630408, -87.8760949372346 41.9461181866269, -87.875707165972 41.9460949738912, -87.875707165972 41.9457003573851, -87.8756425374282 41.9457003573851, -87.8696967114006 41.945769995592, -87.8659159415896 41.9457932083277, -87.8650434562486 41.9458860592703, -87.8628460857601 41.9460949738912, -87.8628137714882 41.9460949738912, -87.8633954283822 41.9475109507663, -87.863169228479 41.9475109507663, -87.8629107143039 41.947534163502, -87.858806801774 41.9479055672725, -87.8588714303178 41.9467681432253, -87.8588714303178 41.94658244134, -87.8589037445897 41.945909272006, -87.8553491746819 41.9459789102129, -87.8542181751658 41.9460021229486, -87.8541858608939 41.9459789102129, -87.8541858608939 41.9459556974773, -87.852117747493 41.9407328319544, -87.8520854332211 41.9406399810118, -87.8519884904054 41.9401293008274, -87.8519238618616 41.9395257697003, -87.8517622905022 41.9392007914011, -87.851536090599 41.9388293876305, -87.8510836907925 41.9384115583887, -87.850081948364 41.937784814526, -87.8495972342856 41.9372973470772, -87.8516007191427 41.9372973470772, -87.8516007191427 41.9372509216059, -87.8512129478801 41.9291961023328, -87.8523116331243 41.9291961023328, -87.8520854332211 41.923091152855, -87.8526024615713 41.9225108344636, -87.8525055187556 41.9197020934491, -87.8522146903086 41.919098562322, -87.8522470045805 41.919098562322, -87.8549937176911 41.9190057113794, -87.8547998320598 41.9152916736742, -87.8600024298339 41.9149899081107, -87.8645910564421 41.9116008487047, -87.8645910564421 41.915105971789, -87.8645910564421 41.9155934392378, -87.8646879992578 41.9160112684796, -87.8649465134329 41.9223251325783, -87.8650111419767 41.9236018330395, -87.8685980261564 41.923091152855, -87.8685980261564 41.9222554943714, -87.8685980261564 41.9222090689001, -87.8730250814052 41.9221394306931, -87.8753517089812 41.9221162179574, -87.8832040770502 41.9220001542791, -87.8833979626816 41.9269908924454, -87.8844966479258 41.9259927448122, -87.8856922759857 41.9259927448122, -87.8857245902576 41.9264337867896, -87.8857892188013 41.927292658009, -87.8845935907415 41.9274087216872, -87.8845935907415 41.9283836565848, -87.8845935907415 41.9291032513902, -87.8846259050134 41.9291032513902, -87.8862093043359 41.9291032513902, -87.8863062471516 41.9303103136444, -87.891993559004 41.9305192282653, -87.8943848151238 41.9305888664723, -87.8946110150271 41.9347903716262, -87.8959035859026 41.9353010518107, -87.8959035859026 41.9362063485013, -87.9137087497135 41.9357885192595, -87.9139995781605 41.9368098796284, -87.9143873494232 41.9366938159501, -87.9154860346674 41.9363920503866, -87.9173925767088 41.9349992862471, -87.919105233119 41.932910140038, -87.9194930043816 41.931285248542, -87.9198161471005 41.9300085480808, -87.9198161471005 41.9245999806727, -87.9203008611789 41.9240893004883, -87.9203008611789 41.9249945971789, -87.9203008611789 41.9291496768615, -87.920268546907 41.9301013990235), (-87.9144842922388 41.9505053936661, -87.9142904066075 41.9485090983996, -87.9046930678564 41.9453057408789, -87.8915088449257 41.9401989390343, -87.8877927036585 41.9399900244134, -87.8881158463774 41.943402296555, -87.8928014158013 41.9453985918215, -87.9133856069946 41.9515035412993, -87.9144842922388 41.9505053936661), (-87.9144842922388 41.9525016889326, -87.9143873494232 41.9519910087481, -87.8945140722114 41.9467913559609, -87.8941909294925 41.9476038017089, -87.9012031264924 41.9495072460328, -87.905113153391 41.9502036281025, -87.9121899789347 41.9518053068629, -87.9144842922388 41.9525016889326)))",6
37,Fuller Park,community area,"MULTIPOLYGON (((-87.6288 41.80189, -87.62879 41.80149, -87.62885 41.8009, -87.62881 41.79937, -87.62869 41.79937, -87.62861 41.79652, -87.62856 41.7946, -87.62934 41.79458, -87.63039 41.79458, -87.63067 41.79455, -87.63117 41.79454, -87.63214 41.79453, -87.63319 41.79451, -87.63403 41.7945, -87.63546 41.79448, -87.63551 41.79646, -87.63549 41.79716, -87.6355 41.79766, -87.63554 41.79916, -87.6356 41.80065, -87.63568 41.80119, -87.63573 41.80239, -87.63582 41.80601, -87.63588 41.80796, -87.63592 41.80904, -87.63577 41.80905, -87.63582 41.80942, -87.63586 41.81092, -87.63638 41.81091, -87.63625 41.81148, -87.63618 41.81195, -87.63616 41.81261, -87.63622 41.81542, -87.63621 41.81578, -87.63616 41.81635, -87.63572 41.81635, -87.63582 41.81726, -87.63589 41.81815, -87.63604 41.81815, -87.63606 41.819, -87.63603 41.81905, -87.63608 41.81996, -87.63611 41.82179, -87.63608 41.82179, -87.63612 41.82359, -87.63396 41.82361, -87.63162 41.82364, -87.62936 41.82368, -87.62936 41.82327, -87.62934 41.82302, -87.62926 41.81979, -87.62919 41.81946, -87.62912 41.8166, -87.62909 41.81565, -87.62897 41.81126, -87.62904 41.81015, -87.62901 41.80896, -87.62899 41.80883, -87.62897 41.80777, -87.62902 41.80724, -87.62898 41.80564, -87.62892 41.80337, -87.62882 41.80267, -87.6288 41.80189)))",6
63,Gage Park,community area,"MULTIPOLYGON (((-87.67882 41.79387, -87.67881 41.7935, -87.67937 41.79349, -87.67966 41.78971, -87.67964 41.78836, -87.67967 41.78656, -87.68369 41.78651, -87.68401 41.78655, -87.68484 41.78655, -87.68772 41.7865, -87.69318 41.78642, -87.69507 41.78638, -87.70233 41.78626, -87.70372 41.78624, -87.70551 41.78621, -87.70972 41.78615, -87.7129 41.7861, -87.71337 41.78609, -87.71347 41.78972, -87.71328 41.78973, -87.7134 41.79326, -87.71352 41.79754, -87.71361 41.80069, -87.71371 41.80081, -87.71375 41.80247, -87.71378 41.80393, -87.71283 41.80395, -87.71233 41.80399, -87.71134 41.80413, -87.71087 41.80415, -87.70805 41.8042, -87.70755 41.80416, -87.70386 41.80422, -87.70387 41.80448, -87.70242 41.8045, -87.70085 41.80451, -87.6941 41.80464, -87.69409 41.80441, -87.69315 41.80446, -87.68939 41.8045, -87.68437 41.80455, -87.68437 41.80472, -87.68375 41.80474, -87.68376 41.8048, -87.68222 41.80481, -87.68192 41.80486, -87.67941 41.80485, -87.67939 41.80426, -87.67953 41.80282, -87.67955 41.80238, -87.67948 41.79984, -87.67946 41.79881, -87.67941 41.79703, -87.67936 41.79663, -87.67925 41.79609, -87.67888 41.79446, -87.67882 41.79387)))",6
56,Garfield Ridge,community area,"MULTIPOLYGON (((-87.73856 41.81871, -87.73853 41.81863, -87.73848 41.81602, -87.73845 41.81497, -87.7385 41.81497, -87.73831 41.80873, -87.73827 41.80735, -87.73816 41.80392, -87.73804 41.79962, -87.738 41.79862, -87.73791 41.79529, -87.73786 41.79368, -87.73782 41.79247, -87.73765 41.78677, -87.73762 41.78578, -87.73845 41.78579, -87.73972 41.78578, -87.74068 41.78575, -87.74253 41.78573, -87.76202 41.78533, -87.76202 41.78539, -87.76325 41.78537, -87.76795 41.78528, -87.77281 41.78518, -87.78126 41.78501, -87.79339 41.78482, -87.79635 41.78478, -87.79691 41.78476, -87.80122 41.78469, -87.80154 41.7922, -87.80162 41.79481, -87.80161 41.79576, -87.80162 41.79778, -87.80163 41.798, -87.79719 41.7994, -87.79615 41.79943, -87.79527 41.79943, -87.79462 41.79946, -87.79405 41.79945, -87.79325 41.79947, -87.79282 41.79946, -87.79225 41.79948, -87.7908 41.79951, -87.78962 41.79956, -87.78913 41.79957, -87.78794 41.79961, -87.78311 41.79967, -87.78179 41.79967, -87.7794 41.79972, -87.77365 41.79983, -87.77208 41.79989, -87.76799 41.79997, -87.76428 41.80005, -87.76287 41.80006, -87.76223 41.80005, -87.76061 41.80008, -87.75728 41.80012, -87.75274 41.80019, -87.75275 41.80075, -87.75283 41.80373, -87.75293 41.80749, -87.75308 41.81331, -87.75201 41.81365, -87.74465 41.81596, -87.74472 41.81947, -87.74473 41.82, -87.74476 41.82203, -87.73865 41.82212, -87.73862 41.82099, -87.73862 41.82062, -87.73858 41.81885, -87.73856 41.81871)))",6
1729652,"Glencoe, IL",municipality,"MULTIPOLYGON (((-87.7816080062311 42.1235099125186, -87.7770840081666 42.1234634870474, -87.7702980110699 42.1233938488404, -87.7702010682542 42.126806120982, -87.775500608844 42.1271078865455, -87.7754036660284 42.1294987983182, -87.7756944944754 42.1324003902753, -87.7776010365168 42.132493241218, -87.7776010365168 42.1342109836566, -87.7799922926366 42.1343038345992, -87.7798953498209 42.1378785958904, -87.7798953498209 42.1379018086261, -87.7848071191481 42.1379018086261, -87.7844839764292 42.1466065844975, -87.7841931479822 42.1499956439034, -87.7797984070053 42.1498099420182, -87.7794106357426 42.1524097684118, -87.7788289788486 42.1523865556761, -87.7775687222449 42.1523865556761, -87.7738202667058 42.1523633429405, -87.772301495927 42.1523633429405, -87.7678421264063 42.1523401302048, -87.7675189836874 42.1523401302048, -87.7644168135861 42.1523169174692, -87.7629303570792 42.1522937047335, -87.7625425858165 42.1523169174692, -87.760668358047 42.1522704919978, -87.7588910730931 42.1522472792622, -87.7588264445493 42.1522937047335, -87.7587941302774 42.1522937047335, -87.7537854181346 42.1444942255527, -87.7512972191991 42.1411051661468, -87.7479042206508 42.1378089576834, -87.7486151346323 42.1375071921199, -87.7457068501623 42.1337931544148, -87.7442850221992 42.1327021558389, -87.7416998804481 42.1285006506849, -87.7417968232638 42.1226974667707, -87.7416029376324 42.1205154696189, -87.7415059948167 42.1193084073647, -87.7444142792868 42.1193316201004, -87.7444465935586 42.1193316201004, -87.7451575075402 42.119354832836, -87.7458684215218 42.119354832836, -87.7488090202637 42.1194012583073, -87.7495522485171 42.1194708965143, -87.7498107626922 42.1194708965143, -87.7508448193927 42.1195637474569, -87.7512972191991 42.1196101729283, -87.7527513614341 42.1196101729283, -87.7530098756093 42.1196101729283, -87.7561443599825 42.1196565983996, -87.7564028741576 42.1196565983996, -87.7581155305677 42.1196798111352, -87.7583417304709 42.1196798111352, -87.7604098438718 42.1197030238709, -87.7604421581437 42.1197030238709, -87.7607006723188 42.1196565983996, -87.760959186494 42.1196333856639, -87.7611853863972 42.1196101729283, -87.7621871288257 42.11949410925, -87.7703949538856 42.1197030238709, -87.7753067232127 42.1197030238709, -87.7755975516597 42.116105049844, -87.7800892354523 42.1161979007867, -87.7824158630283 42.1196101729283, -87.7803154353555 42.1197958748135, -87.7814141205997 42.1214904045165, -87.7837084339039 42.1216064681948, -87.7849040619637 42.1233938488404, -87.7816080062311 42.1235099125186)))",6
1729938,"Glenview, IL",municipality,"MULTIPOLYGON (((-87.8880512178336 42.0736025308558, -87.8873079895801 42.0736025308558, -87.8879865892898 42.0725811704869, -87.8886005604557 42.0716990865319, -87.8909918165755 42.0701902587142, -87.8906040453128 42.0697027912654, -87.8882451034649 42.0691456856097, -87.8881158463774 42.0690992601383, -87.8878896464741 42.0661048172386, -87.8882774177368 42.0661048172386, -87.8884066748244 42.0661048172386, -87.8896992456999 42.0684957290113, -87.8925105873543 42.068310027126, -87.8936092725985 42.0716990865319, -87.8937062154142 42.0733007652923, -87.8936092725985 42.0736025308558, -87.8880512178336 42.0736025308558)), ((-87.8638801424606 42.105752169741, -87.8633954283822 42.1035005343822, -87.8618120290597 42.1034076834396, -87.8618120290597 42.105752169741, -87.8618120290597 42.1057985952123, -87.8602286297371 42.1057521697409, -87.858806801774 42.1057057442696, -87.858806801774 42.1048932985216, -87.8565124884699 42.1048932985216, -87.8569972025482 42.1057057442696, -87.8569972025482 42.1057289570053, -87.8569972025482 42.1064021263394, -87.8549937176911 42.1064021263393, -87.8549937176911 42.1057289570053, -87.8549937176911 42.1057057442696, -87.8490155773916 42.1057057442696, -87.8490155773916 42.1069360192595, -87.8490155773916 42.1074931249152, -87.8470120925345 42.1074002739726, -87.8469151497188 42.1057057442696, -87.8453963789401 42.1057057442696, -87.8453963789401 42.1021077702428, -87.8442007508801 42.1021077702428, -87.8442007508801 42.1034076834396, -87.839288981553 42.1034076834396, -87.839288981553 42.1018988556219, -87.8344095264978 42.1018988556219, -87.8343125836821 42.1074931249152, -87.829400814355 42.1074931249152, -87.829400814355 42.1055896805914, -87.8273327009541 42.1055896805913, -87.8273003866822 42.1055896805914, -87.8269126154195 42.1055896805914, -87.8293038715393 42.1034076834396, -87.829400814355 42.1032916197613, -87.8342156408664 42.098300881595, -87.8341833265945 42.098300881595, -87.8247152449311 42.098300881595, -87.8251999590094 42.1025023867489, -87.8257816159034 42.1055896805914, -87.8258139301753 42.1055896805914, -87.8256846730877 42.1068895937881, -87.821516132014 42.1110910989421, -87.8198034756039 42.1074931249152, -87.8147947634611 42.1076091885935, -87.8147947634611 42.1055200423844, -87.8147947634611 42.1054968296487, -87.8026445972308 42.1054271914417, -87.7989930845074 42.1054039787061, -87.7989930845074 42.1053807659704, -87.7987022560604 42.1017131537366, -87.7981205991664 42.0948886094534, -87.7980882848945 42.0944939929472, -87.7978297707194 42.0944939929472, -87.7938228010051 42.0944475674759, -87.7902682310973 42.0944011420046, -87.7893957457563 42.0944011420046, -87.7884909461434 42.0934029943714, -87.7884909461434 42.0918941665536, -87.7868106040052 42.0925905486234, -87.7831914055536 42.0927066123016, -87.7795075785583 42.0933101434287, -87.7779888077795 42.0933101434287, -87.7783119504984 42.0907103170351, -87.7759853229224 42.0907103170351, -87.7758883801067 42.08699627933, -87.7731093527242 42.0869034283874, -87.7744988664155 42.0849999840635, -87.7765023512726 42.0847910694426, -87.7782150076827 42.0839089854876, -87.7783119504984 42.0807984789095, -87.7777949221481 42.0798003312763, -87.7712351249547 42.0797074803337, -87.7647076420331 42.0795914166554, -87.762413328729 42.0722097667164, -87.7593111586276 42.072302617659, -87.7590849587244 42.072302617659, -87.7587941302774 42.0720008520955, -87.7586971874617 42.069052834667, -87.7586971874617 42.0690064091957, -87.7586971874617 42.0650138186627, -87.7586971874617 42.064990605927, -87.7588910730931 42.064990605927, -87.7642229279547 42.064990605927, -87.7658709558211 42.064990605927, -87.765903270093 42.064990605927, -87.7660002129087 42.0639228200868, -87.7660002129087 42.0638996073511, -87.7705888395169 42.0638996073511, -87.7712028106828 42.0651066696053, -87.7799922926366 42.0652923714906, -87.7799922926366 42.0623907795334, -87.7880062320651 42.0622979285908, -87.7912053449821 42.0625996941544, -87.7911084021664 42.0606962498305, -87.7893957457563 42.0606962498305, -87.789492688572 42.0589088691849, -87.7975066280005 42.0589088691849, -87.7957293430466 42.055241256951, -87.7956970287747 42.0551948314797, -87.7995101128576 42.0551948314797, -87.7995101128576 42.0552180442154, -87.7996070556733 42.0564947446765, -87.8060052815073 42.0564947446765, -87.8060052815073 42.0551948314797, -87.8060375957792 42.0551948314797, -87.8153441060832 42.0551019805371, -87.815699563074 42.0551019805371, -87.815699563074 42.0586071036213, -87.8206113324012 42.0586071036213, -87.8206113324012 42.0605105479452, -87.822097788908 42.0605105479452, -87.822097788908 42.0617640356707, -87.822097788908 42.0623907795334, -87.8254907874564 42.0622979285908, -87.8254907874564 42.0617176101994, -87.8254907874564 42.0610908663366, -87.8280113006637 42.060998015394, -87.8279143578481 42.0620890139699, -87.8308872708619 42.0619961630273, -87.8307903280462 42.0605105479452, -87.8322121560093 42.0606962498305, -87.8322121560093 42.0619961630273, -87.8353143261107 42.0619033120846, -87.8354112689263 42.0593963366337, -87.8402907239816 42.059303485691, -87.8402907239816 42.0564947446765, -87.8403230382535 42.0565179574122, -87.841615609129 42.0568893611827, -87.8449116648617 42.0583053380578, -87.8449116648617 42.0607891007731, -87.8434898368986 42.0602087823817, -87.8406138667005 42.0600927187034, -87.8402907239816 42.0612069300149, -87.8369946682489 42.0612069300149, -87.8368977254332 42.0619033120846, -87.8402907239816 42.0619033120846, -87.8402907239816 42.0641085219721, -87.8402260954378 42.0641085219721, -87.8381902963088 42.0641085219721, -87.8381902963088 42.0657798389394, -87.8381902963088 42.065803051675, -87.8368977254332 42.065803051675, -87.8346034121291 42.0665922846874, -87.8346034121291 42.0685885799539, -87.8335047268849 42.0694010257019, -87.8316951276591 42.0697027912654, -87.8311134707651 42.0716990865319, -87.8308872708619 42.0742989129255, -87.8298855284333 42.0743917638682, -87.8303056139679 42.0785004180795, -87.8322121560093 42.0792896510918, -87.8322121560093 42.0802645859894, -87.8322121560093 42.0803110114607, -87.8345710978572 42.0803110114607, -87.8346034121291 42.0803110114607, -87.8349911833918 42.0785932690221, -87.8339894409632 42.0777111850671, -87.8347003549448 42.0772933558253, -87.8347003549448 42.0758077407433, -87.8335047268849 42.07480959311, -87.8334077840692 42.0729989997287, -87.8409046951475 42.0729989997288, -87.8426819801014 42.0730686379357, -87.8433928940829 42.0730918506714, -87.8431990084516 42.0739042964194, -87.8443946365115 42.0753899115014, -87.8447824077742 42.0730918506714, -87.8452024933087 42.0707009388987, -87.8476906922442 42.0707009388987, -87.8498880627326 42.0698884931507, -87.8506959195298 42.0707009388987, -87.8505989767142 42.0694010257019, -87.8492094630229 42.0693081747593, -87.849791119917 42.0668011993083, -87.8482400348663 42.0658262644107, -87.8482077205944 42.065803051675, -87.8518915475897 42.065803051675, -87.8518915475897 42.0658494771464, -87.8517946047741 42.0670101139292, -87.8506959195298 42.0677064959989, -87.8539919752625 42.0710027044622, -87.8567063741012 42.0716062355893, -87.859388458668 42.0688903455174, -87.861715086244 42.0690064091957, -87.8607133438155 42.0703991733352, -87.8576111737141 42.0735096799132, -87.8577081165298 42.0736025308558, -87.8578050593454 42.0736953817985, -87.8604225153685 42.0707937898413, -87.862296743138 42.0687046436322, -87.8601963154652 42.0687046436322, -87.8600993726496 42.0680082615625, -87.8618120290597 42.0661976681812, -87.8644941136265 42.0664065828021, -87.8648495706173 42.0661280299742, -87.8651727133361 42.0658959026177, -87.8653019704237 42.065803051675, -87.8676932265435 42.065803051675, -87.8676932265435 42.0658959026177, -87.8670146268338 42.0735096799132, -87.8664006556679 42.082191243049, -87.8666914841149 42.0833983053031, -87.8706015110135 42.0833983053031, -87.8706984538292 42.0801949477825, -87.8782923077231 42.0803110114607, -87.8784861933544 42.0868105774447, -87.8784861933544 42.0891086382748, -87.8771936224789 42.0891086382748, -87.8770966796632 42.0908960189204, -87.8783892505388 42.0912906354266, -87.8783892505388 42.0947029075682, -87.8772905652945 42.0947029075682, -87.875997994419 42.0937047599349, -87.868404140525 42.0937047599349, -87.8683071977094 42.101689941001, -87.868404140525 42.1050093621999, -87.8688888546034 42.1063092753967, -87.8702137397508 42.1070985084091, -87.8741883951932 42.1083055706632, -87.8763857656816 42.1081895069849, -87.8766119655849 42.1092572928252, -87.8774844509259 42.1135980743931, -87.879197107336 42.1135980743931, -87.8791001645203 42.1148979875899, -87.8774844509259 42.1151069022108, -87.8779045364604 42.1168014319137, -87.8745115379121 42.115292604096, -87.8720879675204 42.1148979875899, -87.8695997685849 42.1131106069443, -87.8694058829536 42.1116946300692, -87.8686949689721 42.1105107805507, -87.8668853697463 42.1080038050997, -87.8671115696495 42.1063092753967, -87.8639124567325 42.1057985952123, -87.8638801424606 42.105752169741), (-87.8569972025482 42.073997147362, -87.85240857594 42.0788950345857, -87.8525701472994 42.0790110982639, -87.852699404387 42.0791039492066, -87.8571910881795 42.0742060619829, -87.8571587739077 42.0741596365116, -87.8569972025482 42.073997147362), (-87.8734128526678 42.0914995500475, -87.8731866527646 42.090106785908, -87.8713124249951 42.0882033415842, -87.8686949689721 42.0882033415842, -87.8678871121748 42.0892943401601, -87.8685010833407 42.0920102302319, -87.872508053055 42.0920102302319, -87.8734128526678 42.0914995500475), (-87.8659159415896 42.0873908958362, -87.8590006874053 42.0875998104571, -87.8589037445897 42.0954921405805, -87.8604871439122 42.0948886094534, -87.8621998003223 42.0948886094534, -87.8621998003223 42.0908960189204, -87.8613919435251 42.0899907222298, -87.8642032851795 42.090106785908, -87.8641063423638 42.08929434016, -87.8659159415896 42.0894104038383, -87.8659159415896 42.0873908958362)))",6
1730029,"Glenwood, IL",municipality,"MULTIPOLYGON (((-87.5818088631411 41.5229964410688, -87.5825844056664 41.5226018245626, -87.5827782912977 41.520814443917, -87.5828106055696 41.5206983802387, -87.5874961749935 41.5206983802387, -87.5883363460627 41.520814443917, -87.5888856886848 41.5209072948596, -87.5888856886848 41.5217893788146, -87.5916970303391 41.5217893788146, -87.5930865440304 41.5226018245626, -87.5917939731548 41.523994588702, -87.5873022893622 41.523994588702, -87.5821966344037 41.523994588702, -87.5818088631411 41.5229964410688)), ((-87.626402558348 41.5496910870745, -87.6120873359011 41.5496910870745, -87.6118934502698 41.5496910870745, -87.5973843421916 41.5499000016954, -87.5972873993759 41.5452110290926, -87.5981921989888 41.5446074979656, -87.5998079125833 41.5446074979656, -87.5997109697676 41.542611202699, -87.5876900606249 41.542611202699, -87.5876900606249 41.542007671572, -87.5853957473208 41.5421005225146, -87.5831983768323 41.542611202699, -87.5831983768323 41.5388971649939, -87.5831014340166 41.5362973386003, -87.5845878905235 41.5342081923912, -87.5834892052793 41.5336975122067, -87.5839092908139 41.5323975990099, -87.583295319648 41.5310048348705, -87.583004491201 41.5284978594195, -87.5823905200351 41.5246909707717, -87.5873022893622 41.5246909707717, -87.5909861163576 41.52480703445, -87.5904044594636 41.525689118405, -87.5969965709289 41.5258051820833, -87.5969965709289 41.5245981198291, -87.5972873993759 41.5245052688865, -87.5972873993759 41.5280103919707, -87.6020052830717 41.5280103919707, -87.6019083402561 41.5246909707717, -87.6067877953113 41.52480703445, -87.6067877953113 41.5280103919707, -87.6112148505601 41.5281032429133, -87.6116995646384 41.5297049216737, -87.6167082767812 41.5297049216737, -87.6162881912467 41.5320029825037, -87.612992135514 41.5371097843483, -87.6119903930854 41.5395935470636, -87.6117965074541 41.542611202699, -87.6119903930854 41.5425879899634, -87.6239143594125 41.5424951390208, -87.6230095597996 41.535299190967, -87.6308942421405 41.535299190967, -87.629892499712 41.5379918683033, -87.6359029542833 41.5379918683033, -87.6359029542833 41.5374115499118, -87.6359352685552 41.5374115499119, -87.6370016395276 41.5374115499118, -87.6370016395276 41.5387811013156, -87.6370016395276 41.5388043140513, -87.6359352685552 41.5388043140513, -87.6359029542833 41.5388043140513, -87.635999897099 41.5495982361318, -87.6360322113709 41.5495982361318, -87.639489838463 41.5496678743388, -87.6409762949699 41.5496910870745, -87.6410086092418 41.5496910870745, -87.640943980698 41.5534979757222, -87.6409116664261 41.557374502577, -87.6409116664261 41.5573977153126, -87.6360968399147 41.5573977153126, -87.6360968399147 41.5592547341652, -87.6360968399147 41.5602064563271, -87.6317020989378 41.5602993072698, -87.626693386795 41.5602993072698, -87.6265964439793 41.5574209280483, -87.6265964439793 41.5573977153126, -87.626402558348 41.5496910870745), (-87.5950900288875 41.5271979462227, -87.5950900288875 41.5281032429133, -87.5863005469337 41.5281032429133, -87.5863005469337 41.53469565984, -87.5901136310166 41.5353920419097, -87.5937974580119 41.5353920419097, -87.5937974580119 41.5369008697274, -87.5971904565603 41.5378990173606, -87.5971904565603 41.5366919551065, -87.5969965709289 41.5271979462227, -87.5950900288875 41.5271979462227), (-87.6061091956016 41.542611202699, -87.6070139952145 41.542611202699, -87.606884738127 41.5382936338668, -87.6044934820072 41.5382936338668, -87.6045904248228 41.5404059928116, -87.6061091956016 41.542611202699), (-87.6045904248228 41.5414969913875, -87.6044934820072 41.5404988437542, -87.6012943690902 41.5392917815001, -87.6019083402561 41.5421005225146, -87.6045904248228 41.5414969913875)))",6
1730328,"Golf, IL",municipality,"MULTIPOLYGON (((-87.7975066280005 42.0589088691849, -87.789492688572 42.0589088691849, -87.7893957457563 42.0606962498305, -87.7911084021664 42.0606962498305, -87.7912053449821 42.0625996941544, -87.7880062320651 42.0622979285908, -87.7799922926366 42.0623907795334, -87.775791437291 42.0622050776482, -87.775791437291 42.055310895158, -87.7856796044891 42.055241256951, -87.7955031431433 42.0551948314797, -87.7955031431433 42.055241256951, -87.7975066280005 42.0589088691849)))",6
38,Grand Boulevard,community area,"MULTIPOLYGON (((-87.60671 41.81681, -87.60668 41.8153, -87.60668 41.81472, -87.60661 41.81158, -87.60648 41.80551, -87.60642 41.80251, -87.60641 41.80225, -87.60677 41.80224, -87.61111 41.80217, -87.61539 41.80211, -87.61635 41.8021, -87.61985 41.80205, -87.62611 41.80194, -87.62658 41.80194, -87.6288 41.80189, -87.62882 41.80267, -87.62892 41.80337, -87.62898 41.80564, -87.62902 41.80724, -87.62897 41.80777, -87.62899 41.80883, -87.62901 41.80896, -87.62904 41.81015, -87.62897 41.81126, -87.62909 41.81565, -87.62912 41.8166, -87.62919 41.81946, -87.62926 41.81979, -87.62934 41.82302, -87.62936 41.82327, -87.62936 41.82368, -87.62897 41.82368, -87.62807 41.82369, -87.62427 41.82374, -87.61771 41.82382, -87.61611 41.82385, -87.61262 41.82389, -87.60733 41.82395, -87.60687 41.82396, -87.60644 41.82331, -87.60686 41.82317, -87.60684 41.82201, -87.6068 41.82007, -87.60676 41.81934, -87.60674 41.81815, -87.60671 41.81681)))",7
69,Greater Grand Crossing,community area,"MULTIPOLYGON (((-87.61562 41.78024, -87.61559 41.77863, -87.61552 41.77612, -87.61545 41.77297, -87.61282 41.77106, -87.6109 41.76968, -87.61006 41.76908, -87.60836 41.76785, -87.60609 41.76624, -87.60559 41.76587, -87.60561 41.76617, -87.60577 41.77314, -87.60424 41.77315, -87.60223 41.77318, -87.59577 41.77324, -87.5921 41.77328, -87.59222 41.77272, -87.59224 41.77248, -87.59249 41.77132, -87.59275 41.77028, -87.59274 41.7699, -87.59239 41.7699, -87.59235 41.76782, -87.59228 41.76601, -87.5933 41.76601, -87.59339 41.76502, -87.59338 41.76435, -87.59332 41.76235, -87.59458 41.76235, -87.59507 41.7602, -87.59538 41.7587, -87.59563 41.7587, -87.59493 41.75819, -87.59455 41.75795, -87.59306 41.75688, -87.5958 41.75686, -87.59622 41.75503, -87.5956 41.75503, -87.59553 41.75315, -87.59549 41.75139, -87.59721 41.75137, -87.60363 41.75131, -87.60552 41.75128, -87.60583 41.75127, -87.60798 41.75124, -87.61031 41.7512, -87.61341 41.75115, -87.6148 41.75111, -87.61573 41.7511, -87.6232 41.75098, -87.62385 41.75098, -87.62582 41.75093, -87.62652 41.75094, -87.62726 41.7509, -87.63327 41.7508, -87.6344 41.75078, -87.63517 41.75077, -87.63685 41.75074, -87.63937 41.75071, -87.63976 41.7507, -87.63981 41.75272, -87.63984 41.75354, -87.6399 41.75615, -87.63933 41.75616, -87.6393 41.75666, -87.63928 41.75719, -87.63927 41.75798, -87.63859 41.75801, -87.6357 41.75806, -87.63575 41.75988, -87.63453 41.7599, -87.63461 41.763, -87.63443 41.76342, -87.63448 41.76352, -87.63484 41.7636, -87.63484 41.7637, -87.63464 41.76428, -87.63467 41.76549, -87.63471 41.76717, -87.63354 41.76719, -87.6335 41.76735, -87.63355 41.76901, -87.63236 41.76903, -87.63136 41.76906, -87.63125 41.77139, -87.63104 41.77269, -87.62996 41.77271, -87.62997 41.77286, -87.63004 41.77535, -87.63009 41.77626, -87.63005 41.77693, -87.63009 41.77835, -87.63015 41.77999, -87.62854 41.78, -87.6286 41.78014, -87.62889 41.7803, -87.62891 41.78077, -87.62897 41.78315, -87.62826 41.78316, -87.62678 41.78318, -87.6254 41.78321, -87.62536 41.78158, -87.62536 41.7808, -87.62537 41.78006, -87.62473 41.78005, -87.62397 41.78001, -87.62354 41.78001, -87.62106 41.78005, -87.62055 41.78009, -87.6201 41.78015, -87.6197 41.78017, -87.61843 41.78019, -87.61562 41.78024)))",7
1732746,"Hanover Park, IL",municipality,"MULTIPOLYGON (((-88.1446911651764 42.0174044978299, -88.1288894862227 42.0181008798996, -88.1288894862227 42.0144796931371, -88.1288894862227 42.0119495049505, -88.1288894862227 42.0107888681677, -88.1251087164116 42.0109977827886, -88.125302602043 42.0099996351553, -88.125302602043 42.0035929201139, -88.1257550018494 42.0035697073783, -88.1262074016559 42.0035464946426, -88.1268213728218 42.003523281907, -88.1289864290383 42.0034072182287, -88.1289864290383 41.99939141496, -88.1294065145729 41.9960952064967, -88.1384868249737 41.9957005899905, -88.1384868249737 41.9921026159637, -88.1448850508077 41.9921026159637, -88.1450789364391 41.9883189400515, -88.145111250711 41.9882493018446, -88.1459191075082 41.9882260891089, -88.1493444203284 41.9881796636376, -88.1520588191671 41.9880635999593, -88.1550640464528 41.988017174488, -88.1599758157799 41.9879011108097, -88.1600727585956 41.9879011108097, -88.1599111872361 41.9892938749491, -88.1600081300518 41.9919633395497, -88.1600081300518 41.992009765021, -88.1626579003467 41.9934489546318, -88.1656954419043 41.9950970588634, -88.1662447845264 41.9954220371626, -88.1666971843328 41.9957005899905, -88.1697670401623 41.9988575220399, -88.1697993544342 41.9989039475112, -88.1644028710287 41.9986950328903, -88.1642089853974 42.0006913281568, -88.1592002732546 42.0008073918351, -88.1592972160703 42.0045910677472, -88.1591033304389 42.009001487522, -88.1553871891717 42.0084908073376, -88.1551286749966 42.0084443818663, -88.1539653612086 42.0081658290384, -88.1509924481948 42.0074926597043, -88.1509924481948 42.00751587244, -88.1508955053791 42.0086997219585, -88.1496029345035 42.0089086365794, -88.1496029345035 42.0103942516615, -88.1447881079921 42.0105103153398, -88.1447234794483 42.0153385643564, -88.1447234794483 42.016452775668, -88.1446911651764 42.0170795195307, -88.1446911651764 42.0174044978299)))",7
1733383,"Harvey, IL",municipality,"MULTIPOLYGON (((-87.685214533186 41.6190971666893, -87.6802058210432 41.6191900176319, -87.6803027638589 41.6228112043944, -87.6752940517161 41.6227183534518, -87.6746154520064 41.6226951407161, -87.665696712965 41.6226951407161, -87.665696712965 41.626293114743, -87.6627237999513 41.626293114743, -87.6578120306241 41.626293114743, -87.6560347456702 41.626293114743, -87.6560024313983 41.626293114743, -87.6560347456702 41.6275930279398, -87.6560670599421 41.628591175573, -87.656099374214 41.6298910887698, -87.6498627197394 41.6297982378272, -87.6491841200297 41.6297982378272, -87.6323160701037 41.6297982378272, -87.6333501268041 41.6278947935033, -87.6339964122419 41.6267109439848, -87.6339964122419 41.6266877312492, -87.6316051561221 41.6252949671097, -87.6317990417534 41.6226255025092, -87.6317990417534 41.6226022897735, -87.6243990734908 41.6226022897735, -87.6233003882466 41.619793548759, -87.6221047601867 41.618911464804, -87.6214907890208 41.6171937223654, -87.6235912166936 41.6167991058592, -87.6254977587351 41.6171937223654, -87.6267903296106 41.6187954011257, -87.6265964439793 41.6209077600705, -87.6268872724263 41.6222076732673, -87.6290846429147 41.6222076732673, -87.629601671265 41.6184007846196, -87.6302156424309 41.6184007846196, -87.6302156424309 41.6210934619558, -87.6317020989378 41.6210934619558, -87.6316051561221 41.6193060813102, -87.6366138682649 41.6190043157466, -87.6365492397211 41.617216935101, -87.6364846111773 41.6154063417198, -87.6364846111773 41.6135725356029, -87.6364846111773 41.6098120724264, -87.6364846111773 41.6074907988607, -87.6358060114677 41.607606862539, -87.6307972993249 41.6041945903974, -87.629892499712 41.6027089753153, -87.6307003565092 41.6022911460735, -87.6331885554447 41.6021982951309, -87.6331885554447 41.6009912328767, -87.6315082133064 41.6009912328767, -87.6315082133064 41.6009215946697, -87.6316051561221 41.5970914932863, -87.6279859576705 41.5970914932863, -87.6279859576705 41.5936095829378, -87.633091612629 41.5937024338804, -87.633091612629 41.5901044598535, -87.6317020989378 41.5901044598535, -87.6317020989378 41.5863904221484, -87.6337055837949 41.5846030415028, -87.6355151830207 41.5846030415028, -87.6352889831174 41.5829085117998, -87.6363876683617 41.5823049806727, -87.63687238244 41.5815157476604, -87.6379710676842 41.5797283670148, -87.6380033819561 41.5797051542791, -87.6380680104999 41.5796819415435, -87.6398452954538 41.5791480486234, -87.6400068668133 41.5791016231521, -87.6504443766334 41.579101623152, -87.6559054885827 41.5791016231521, -87.6559054885827 41.5860422311135, -87.6559054885827 41.5862975712058, -87.6558731743108 41.5863439966771, -87.6501858624583 41.5969057914011, -87.6502181767302 41.5969057914011, -87.6518662045965 41.5972075569646, -87.6522862901311 41.5973004079072, -87.6559378028546 41.5973004079072, -87.6583936875181 41.5973004079072, -87.6594923727624 41.596975429608, -87.6596862583937 41.5969057914011, -87.6597508869375 41.5969057914011, -87.6667953982093 41.5969986423437, -87.6669569695687 41.5975093225281, -87.6672154837438 41.5983217682761, -87.669509797048 41.6054016526516, -87.6752617374442 41.6053088017089, -87.6752940517161 41.6053088017089, -87.6752294231723 41.6028482517293, -87.6751971089004 41.6012001474976, -87.6752294231723 41.6012001474976, -87.6755202516193 41.6012233602333, -87.6784285360893 41.6013394239116, -87.6797534212368 41.6013858493829, -87.6800119354119 41.6014090621185, -87.6800119354119 41.6016411894751, -87.6801088782276 41.6040321012478, -87.6801088782276 41.6041017394548, -87.6804966494902 41.6044963559609, -87.6804966494902 41.6082103936661, -87.6807874779372 41.6154063417198, -87.6837927052229 41.6154063417198, -87.6850852760985 41.6157081072833, -87.6850852760985 41.615731320019, -87.685214533186 41.6190971666893)))",7
1733435,"Harwood Heights, IL",municipality,"MULTIPOLYGON (((-87.8169598196777 41.9706540482165, -87.8169598196777 41.9707004736878, -87.8168951911339 41.9707004736878, -87.8168951911339 41.9742984477146, -87.8152148489957 41.974344873186, -87.8071039667515 41.9745073623356, -87.8072009095672 41.9683095619151, -87.8071685952953 41.9683095619151, -87.8071685952953 41.9682631364438, -87.8025476544152 41.9683095619151, -87.8025153401433 41.9683095619151, -87.8025153401433 41.9687041784213, -87.7953738860558 41.9687970293639, -87.7903005453692 41.9688434548352, -87.7880062320651 41.9688666675709, -87.7880062320651 41.9684024128577, -87.786875232549 41.9684256255934, -87.7868106040052 41.9684024128577, -87.7868106040052 41.9644330350604, -87.7868106040052 41.9634813128984, -87.7869398610927 41.9633652492201, -87.7869721753646 41.9630402709209, -87.7869075468209 41.962900994507, -87.786875232549 41.9625528034721, -87.786875232549 41.9620421232877, -87.7868429182771 41.9618099959311, -87.7868106040052 41.9606725718839, -87.7868106040052 41.9602315299064, -87.7878446607056 41.9601851044351, -87.7942105722678 41.9600922534925, -87.7944690864429 41.9599761898142, -87.7946306578023 41.9599065516072, -87.8012873978115 41.9567264068222, -87.8012873978115 41.9590941058592, -87.8013520263553 41.9590941058592, -87.8026122829589 41.9590941058592, -87.8025476544152 41.9623671015869, -87.8025153401433 41.9647115878882, -87.8034524540281 41.9646883751526, -87.8044218821847 41.9646651624169, -87.8051974247101 41.9646419496813, -87.8072009095672 41.96459552421, -87.8072009095672 41.9628081435644, -87.8121126788943 41.9628081435644, -87.8140838494796 41.9625063780008, -87.8140838494796 41.9635045256341, -87.8157965058897 41.9633884619558, -87.815699563074 41.9670560741896, -87.815699563074 41.9671024996609, -87.8163458485118 41.9670560741896, -87.8163781627837 41.9670560741896, -87.8169921339496 41.9670096487183, -87.8171860195809 41.9633884619558, -87.8195126471569 41.9632956110132, -87.8194157043413 41.966963223247, -87.8194157043413 41.9670096487183, -87.8185109047284 41.9670096487183, -87.8184139619127 41.9706076227452, -87.8178323050187 41.9706308354808, -87.8169598196777 41.9706540482165), (-87.7949861147931 41.9612993157466, -87.7920132017793 41.9612993157467, -87.7882001176964 41.9628081435644, -87.7881031748808 41.9673114142819, -87.7893957457563 41.9681934982368, -87.7976035708161 41.9681006472942, -87.7974096851848 41.9623903143225, -87.7949861147931 41.9623903143225, -87.7949861147931 41.9612993157466)))",7
1733695,"Hazel Crest, IL",municipality,"MULTIPOLYGON (((-87.7119061217664 41.5570959497491, -87.7101611510844 41.5571423752204, -87.7072851808862 41.5571888006917, -87.7075113807895 41.558999394073, -87.7064126955452 41.558999394073, -87.7064126955452 41.5577923318188, -87.7036982967066 41.5583958629459, -87.7036013538909 41.5628062827207, -87.7064126955452 41.5628062827207, -87.7065096383609 41.5645008124237, -87.7017917546651 41.5645936633663, -87.7017917546651 41.5680987864506, -87.7039891251536 41.5680059355079, -87.7040860679692 41.5716967604774, -87.7082869233148 41.5716967604774, -87.7081899804992 41.572810971789, -87.7100965225406 41.572810971789, -87.7101934653563 41.5765017967584, -87.7065096383609 41.5765946477011, -87.7066065811766 41.5862047202631, -87.7002083553426 41.5862279329988, -87.688413646103 41.5862975712058, -87.6883490175593 41.5845566160315, -87.6883167032874 41.5828156608572, -87.6882843890155 41.5826995971789, -87.6848913904671 41.5827924481215, -87.6847944476515 41.5862975712058, -87.6821123630847 41.5862047202631, -87.6751324803566 41.5862279329988, -87.6559054885827 41.5862975712058, -87.6559054885827 41.5860422311135, -87.6559054885827 41.5791016231521, -87.6559378028546 41.579101623152, -87.6621421430573 41.5790319849451, -87.6655028273337 41.5790087722094, -87.6655028273337 41.5717896114201, -87.6678940834535 41.5716967604774, -87.6659875414121 41.5745983524346, -87.665696712965 41.576803562322, -87.6659875414121 41.5780106245762, -87.6660844842277 41.578498092025, -87.6720949387991 41.578498092025, -87.6750032232691 41.5790784104164, -87.6751001660848 41.579101623152, -87.6750678518129 41.5787302193815, -87.6748093376378 41.5752947345043, -87.6748739661815 41.5738555448935, -87.6750032232691 41.5718128241557, -87.6750032232691 41.5716967604774, -87.675035537541 41.5716967604774, -87.6799149925962 41.5717896114201, -87.6800119354119 41.5680987864506, -87.6844066763888 41.5680059355079, -87.6844066763888 41.5644079614811, -87.6901909310569 41.5644079614811, -87.6900939882413 41.5619009860301, -87.6942948435868 41.5619938369727, -87.6942948435868 41.5618545605588, -87.6941979007712 41.5571888006917, -87.6990127272827 41.5571888006917, -87.6990127272827 41.5571655879561, -87.6990127272827 41.5544961233555, -87.6984956989324 41.5498071507527, -87.7037952395222 41.5496910870745, -87.7134572068171 41.5498071507527, -87.7134895210889 41.5498071507527, -87.7135864639046 41.5570495242778, -87.7135864639046 41.5570959497491, -87.7119061217664 41.5570959497491)))",7
55,Hegewisch,community area,"MULTIPOLYGON (((-87.52462 41.6918, -87.52465 41.68818, -87.52484 41.67365, -87.52499 41.65906, -87.52517 41.64454, -87.52994 41.64457, -87.53503 41.64456, -87.53974 41.64456, -87.54109 41.64456, -87.54248 41.64457, -87.5498 41.64457, -87.55932 41.64464, -87.56141 41.64465, -87.56237 41.64466, -87.57373 41.64468, -87.57487 41.64468, -87.57725 41.64471, -87.57838 41.64469, -87.57845 41.64552, -87.57862 41.64645, -87.57888 41.64738, -87.57918 41.64816, -87.57964 41.64914, -87.57979 41.64941, -87.58049 41.65042, -87.58081 41.65084, -87.58186 41.65206, -87.58212 41.65238, -87.58274 41.65308, -87.58468 41.65537, -87.58627 41.65722, -87.58765 41.65881, -87.58868 41.66003, -87.589 41.66039, -87.58853 41.66042, -87.58801 41.66036, -87.5877 41.66038, -87.58696 41.66036, -87.58663 41.66034, -87.58605 41.66027, -87.58536 41.66012, -87.58435 41.65981, -87.58397 41.65966, -87.583 41.65941, -87.58243 41.65931, -87.58159 41.65922, -87.58066 41.6592, -87.57939 41.65919, -87.57745 41.65919, -87.57695 41.65918, -87.57635 41.6592, -87.5755 41.65921, -87.57124 41.6592, -87.56997 41.65919, -87.56413 41.65917, -87.56085 41.65916, -87.55964 41.65917, -87.55929 41.65919, -87.55927 41.66561, -87.55927 41.66725, -87.55926 41.66865, -87.55883 41.66901, -87.55864 41.66894, -87.55817 41.66893, -87.55806 41.66907, -87.55769 41.66927, -87.55772 41.66933, -87.5574 41.66959, -87.55705 41.66966, -87.55684 41.66977, -87.55675 41.66995, -87.5566 41.66997, -87.55573 41.6687, -87.55429 41.66651, -87.55412 41.66627, -87.5532 41.66487, -87.55234 41.66376, -87.55198 41.66342, -87.55127 41.66292, -87.55041 41.66241, -87.54801 41.66108, -87.54586 41.65983, -87.54487 41.65923, -87.54471 41.65922, -87.54645 41.66814, -87.54639 41.66839, -87.54633 41.66892, -87.54621 41.66942, -87.54585 41.67041, -87.54571 41.67081, -87.54527 41.6718, -87.5452 41.67204, -87.54511 41.67219, -87.54497 41.67283, -87.54492 41.67318, -87.54508 41.68107, -87.54508 41.68277, -87.54494 41.68275, -87.54381 41.68276, -87.54252 41.68278, -87.54133 41.68279, -87.54012 41.68278, -87.54013 41.68451, -87.53887 41.68451, -87.53767 41.68449, -87.53647 41.68452, -87.53405 41.68452, -87.53164 41.6845, -87.53164 41.68457, -87.53129 41.68458, -87.53041 41.68457, -87.53034 41.68513, -87.53038 41.68637, -87.5304 41.6882, -87.53036 41.69183, -87.52656 41.69181, -87.52462 41.6918)))",7
20,Hermosa,community area,"MULTIPOLYGON (((-87.73146 41.93174, -87.73004 41.92901, -87.72957 41.92809, -87.7277 41.92448, -87.72677 41.92449, -87.72674 41.92332, -87.72669 41.92315, -87.72644 41.92266, -87.72708 41.92266, -87.7267 41.92189, -87.72661 41.919, -87.72488 41.91903, -87.72406 41.91744, -87.72391 41.91721, -87.72422 41.91721, -87.72411 41.91688, -87.72406 41.91538, -87.72314 41.91539, -87.72235 41.91365, -87.724 41.91363, -87.72419 41.91359, -87.72575 41.9136, -87.72645 41.9136, -87.72834 41.91358, -87.73672 41.91348, -87.73735 41.91348, -87.73801 41.91351, -87.73878 41.91357, -87.73941 41.91364, -87.74103 41.91383, -87.74134 41.91391, -87.74137 41.91519, -87.74141 41.91632, -87.74159 41.92263, -87.74165 41.92465, -87.7418 41.92881, -87.74193 41.93214, -87.74206 41.93593, -87.74217 41.9389, -87.74211 41.9389, -87.73782 41.93896, -87.73522 41.939, -87.73498 41.93855, -87.73256 41.93387, -87.73146 41.93174)))",7
1734514,"Hickory Hills, IL",municipality,"MULTIPOLYGON (((-87.8480138349631 41.7398033921063, -87.8431020656359 41.7398033921063, -87.8429081800046 41.7346965902618, -87.8381902963088 41.7346037393191, -87.8381902963088 41.7336984426285, -87.8381902963088 41.7327235077309, -87.8381902963088 41.7327002949953, -87.8351850690231 41.7328163586735, -87.8330846413503 41.7329092096162, -87.8332138984379 41.7401980086125, -87.8286899003734 41.7402908595551, -87.826201701438 41.7385034789095, -87.8234873025993 41.7369018001492, -87.8185432190002 41.7333502515936, -87.8182200762813 41.7331181242371, -87.8181877620095 41.7330949115014, -87.8131144213229 41.7293112355893, -87.8105939081155 41.7265953455174, -87.8084934804427 41.7223009894209, -87.8080087663644 41.7174959531398, -87.8086873660741 41.717008485691, -87.8084934804427 41.7110892380985, -87.8111109364658 41.7093018574529, -87.8126943357883 41.7086983263258, -87.812791278604 41.711391003662, -87.8176061051155 41.7112981527194, -87.8177030479311 41.7148961267462, -87.817735362203 41.7148961267462, -87.822388617355 41.7148032758036, -87.822388617355 41.7110892380985, -87.8322121560093 41.7109963871558, -87.832309098825 41.714710424861, -87.8284960147421 41.7148961267462, -87.8274942723135 41.7154068069307, -87.8283990719264 41.7171013366337, -87.8300147855209 41.7171941875763, -87.8302086711522 41.7183083988878, -87.8310488422213 41.7183083988878, -87.8319859561061 41.7183083988878, -87.832018270378 41.7182851861522, -87.832309098825 41.716196039943, -87.8347003549448 41.7164049545639, -87.8348942405761 41.717008485691, -87.8371885538802 41.7167995710701, -87.8371885538802 41.7181923352096, -87.8375116965991 41.7181923352096, -87.8467858926313 41.7180066333243, -87.8472059781658 41.7262007290113, -87.8474968066128 41.7325610185813, -87.8474968066128 41.7326074440526, -87.8476906922442 41.7339073572494, -87.8480138349631 41.7398033921063)))",7
1735086,"Hillside, IL",municipality,"MULTIPOLYGON (((-87.8973900424095 41.884906202699, -87.8974223566814 41.8848829899634, -87.8979716993035 41.8843723097789, -87.8993935272666 41.8830956093178, -87.8991026988196 41.8810064631086, -87.8978747564879 41.8808903994304, -87.8917996733727 41.8804029319816, -87.8895053600686 41.8809600376373, -87.8890206459903 41.8810761013156, -87.8874695609396 41.8814707178218, -87.8833010198659 41.8824920781907, -87.8832363913221 41.8806814848095, -87.8827839915157 41.8709089230978, -87.8827839915157 41.8708857103621, -87.882396220253 41.8619023816628, -87.8824285345249 41.8619255943985, -87.8844966479258 41.8632022948596, -87.8916057877414 41.8629933802387, -87.8918966161884 41.8619023816628, -87.8948049006584 41.8618095307202, -87.8948049006584 41.8629005292961, -87.9013970121238 41.8626916146752, -87.9011708122205 41.8554492411501, -87.9011061836768 41.8527101383426, -87.9003952696952 41.8527101383426, -87.9002013840639 41.8482068676251, -87.8964852427966 41.8482997185678, -87.8964852427966 41.8482765058321, -87.8962913571653 41.8446088935983, -87.9012031264924 41.84449282992, -87.9013970121238 41.8480908039468, -87.906567295626 41.8479979530042, -87.9072135810638 41.8479979530042, -87.9092493801928 41.8479515275329, -87.9126100644693 41.8479051020616, -87.9173925767088 41.8479051020616, -87.9175864623402 41.8551010501153, -87.915292149036 41.8554028156788, -87.9154860346674 41.862296998169, -87.9171017482618 41.8622041472264, -87.9170048054462 41.8645022080564, -87.9161969486489 41.8660110358741, -87.915292149036 41.868796564153, -87.9131917213633 41.8701893282924, -87.9132886641789 41.8713963905466, -87.9160676915614 41.8705375193273, -87.9167786055429 41.8703053919707, -87.9168109198148 41.8703053919707, -87.9169078626305 41.8714892414892, -87.9169078626305 41.8715124542249, -87.9179742336028 41.8733462603418, -87.9182004335061 41.873671238641, -87.9182004335061 41.8736944513767, -87.9129978357319 41.8749943645734, -87.9129978357319 41.8767585324834, -87.9129978357319 41.8820974616845, -87.9114144364094 41.8822367380985, -87.9108004652435 41.8823063763054, -87.9108004652435 41.8823528017768, -87.9107035224278 41.8853936701478, -87.910638893884 41.8853936701478, -87.9078275522297 41.8853936701478, -87.9033035541652 41.8853936701478, -87.9033035541652 41.8853704574122, -87.9033035541652 41.8847901390208, -87.9009446123173 41.8848365644921, -87.8973900424095 41.884906202699)))",7
1735307,"Hinsdale, IL",municipality,"MULTIPOLYGON (((-87.9185882047687 41.825806577716, -87.9182004335061 41.8178910348569, -87.9165847199116 41.8181463749491, -87.914419663695 41.8184713532483, -87.9136118068978 41.8186106296623, -87.9135148640822 41.8186106296623, -87.9131917213633 41.8097201519056, -87.9131917213633 41.8096040882273, -87.9093140087366 41.7993904845382, -87.9087000375707 41.7976495293639, -87.908603094755 41.7973941892717, -87.9085384662112 41.7969763600298, -87.9083445805799 41.7955603831548, -87.908312266308 41.7950961284416, -87.9082799520361 41.7923802383697, -87.9082476377642 41.7896179228265, -87.9082153234924 41.785996736064, -87.9064057242666 41.7842093554184, -87.9063087814509 41.7830951441069, -87.9073105238795 41.7819112945884, -87.9069873811606 41.7749938993625, -87.905403981838 41.7713959253357, -87.9062118386352 41.7706066923233, -87.9029157829026 41.7662891234911, -87.9000074984325 41.7641071263394, -87.9004922125109 41.7638982117184, -87.9033035541652 41.7657088050997, -87.9041114109624 41.766498038112, -87.9069873811606 41.7700031611963, -87.9070843239762 41.7714887762783, -87.908312266308 41.7745064319137, -87.9084092091237 41.7820969964736, -87.9094109515523 41.7830022931642, -87.908893923202 41.7847896738098, -87.9090878088334 41.7875984148244, -87.908603094755 41.7891072426421, -87.9099279799025 41.7895714973552, -87.9099926084462 41.7895947100909, -87.91296552146 41.7895018591482, -87.9129978357319 41.7895018591482, -87.9129978357319 41.7850914393734, -87.9117052648564 41.7850914393734, -87.9118991504877 41.7801007012071, -87.9166493484554 41.7801935521497, -87.9167139769992 41.7811684870473, -87.9167139769992 41.7817023799674, -87.9167139769992 41.7819112945884, -87.9168755483586 41.785184290316, -87.9168755483586 41.7858110341788, -87.9169401769024 41.7878305421809, -87.9170048054462 41.7894322209413, -87.91706943399 41.7910803251729, -87.9171663768056 41.7930534077038, -87.9172633196213 41.7955139576834, -87.917360262437 41.7976727420996, -87.9174248909807 41.799877951987, -87.9175541480683 41.8026866930015, -87.9175864623402 41.8037776915774, -87.9176834051559 41.8056347104299, -87.9177157194277 41.8065400071206, -87.9177803479715 41.808072047674, -87.9179096050591 41.8106486613319, -87.917941919331 41.8112289797233, -87.9182327477779 41.8178678221213, -87.9182650620498 41.8187266933406, -87.9186205190406 41.825806577716, -87.9185882047687 41.825806577716)))",7
1735385,"Hodgkins, IL",municipality,"MULTIPOLYGON (((-87.8865970755986 41.7535917570867, -87.8729927671333 41.7540095863285, -87.8723141674236 41.7558898179167, -87.8712154821794 41.7569111782856, -87.8694058829536 41.7554023504679, -87.8670146268338 41.7580950278041, -87.8674023980965 41.7599056211854, -87.8675962837278 41.7661034216059, -87.8676932265435 41.7680765041367, -87.8677255408154 41.7684246951716, -87.8678547979029 41.7712798616574, -87.8682102548937 41.7785222351824, -87.8682102548937 41.7785918733894, -87.8586129161427 41.7829094422216, -87.8586129161427 41.7836058242913, -87.8560924029353 41.783698675234, -87.8388042674747 41.7837915261766, -87.8345064693134 41.7821898474162, -87.8326968700876 41.783698675234, -87.8315981848434 41.783698675234, -87.8359929258203 41.7806113813916, -87.8396121242719 41.7772919601926, -87.8417125519447 41.7756902814323, -87.842197266023 41.7745992828564, -87.8440068652488 41.7735082842805, -87.8498880627326 41.7664051871694, -87.8540889180782 41.7613912362675, -87.8577081165298 41.7570040292283, -87.8605840867279 41.754311351892, -87.8613919435251 41.754311351892, -87.865786684502 41.7505973141869, -87.8674023980965 41.7514097599349, -87.873089709949 41.7460011925268, -87.8804896782115 41.7391998609793, -87.8814914206401 41.7391070100366, -87.879197107336 41.7414979218093, -87.8769997368475 41.7441905991455, -87.8753840232531 41.7469064892174, -87.8770966796632 41.7476028712871, -87.8832040770502 41.7397105411637, -87.8842058194788 41.7397105411637, -87.885886161617 41.7401980086125, -87.8861123615202 41.7463029580903, -87.8863062471516 41.746395809033, -87.8865970755986 41.7535917570867)))",7
1735411,"Hoffman Estates, IL",municipality,"MULTIPOLYGON (((-88.2382409822952 42.0567732975044, -88.2382086680233 42.0528967706497, -88.2422156377376 42.0527110687644, -88.24208638065 42.0489970310593, -88.2433143229818 42.0489970310593, -88.2433143229818 42.0542895347891, -88.2433143229818 42.0564715319409, -88.2433143229818 42.0616943974637, -88.238305610839 42.0616943974637, -88.2382409822952 42.0567732975044)), ((-88.2413431523966 42.0670101139292, -88.2429911802629 42.0670101139292, -88.2429911802629 42.0670333266649, -88.2423125805532 42.0670333266649, -88.2413431523966 42.0670101139292)), ((-88.2237965027608 42.0814020100366, -88.2131974215812 42.080496713346, -88.2097074802172 42.0800092458972, -88.2060882817656 42.0791968001492, -88.2011118838947 42.0778040360098, -88.1997869987472 42.0808913298522, -88.1972987998118 42.0849071331209, -88.1897049459179 42.0849071331209, -88.1895110602865 42.0810073935304, -88.1897049459179 42.0801949477825, -88.1897049459179 42.078802183643, -88.1897049459179 42.0778968869524, -88.1896080031022 42.0746006784891, -88.1800106643511 42.0719080011529, -88.1799783500793 42.0713276827614, -88.1797198359041 42.0673350922284, -88.1797198359041 42.0668708375153, -88.1796875216322 42.0668011993083, -88.1669880127799 42.0668011993083, -88.161397643743 42.0665922846874, -88.1606544154896 42.0669636884579, -88.1605897869458 42.0670101139292, -88.1585216735449 42.0670565394005, -88.1505077341164 42.0672886667571, -88.1468885356649 42.0672886667571, -88.1468885356649 42.0673350922284, -88.1460160503239 42.0688903455174, -88.1412012238124 42.0688903455174, -88.1411689095405 42.0697492167367, -88.1411365952686 42.0708634280483, -88.1411042809967 42.0718151502102, -88.1410073381811 42.0745078275465, -88.1411042809967 42.0792896510918, -88.1265951729185 42.0794057147701, -88.1264012872872 42.077989737895, -88.1217157178633 42.077989737895, -88.1217157178633 42.0807520534382, -88.1217157178633 42.0817502010715, -88.1217157178633 42.0849999840635, -88.1216834035914 42.0849999840635, -88.1144126924164 42.085301749627, -88.1143157496007 42.08699627933, -88.1042983253151 42.08699627933, -88.1070127241538 42.0876926613997, -88.1070127241538 42.0960956717076, -88.1117952363934 42.0960956717076, -88.1119891220247 42.0892014892174, -88.1127000360062 42.0892014892174, -88.117999576596 42.0904085514716, -88.1217157178633 42.0911977844839, -88.1217157178633 42.088690809033, -88.1313130566143 42.088690809033, -88.13140999943 42.0914995500475, -88.1306990854485 42.0915924009901, -88.1307960282641 42.0948886094534, -88.1296004002042 42.0944939929472, -88.1288894862227 42.0967920537773, -88.1265951729185 42.0967920537773, -88.1265951729185 42.1029898541978, -88.1281139436973 42.1029898541977, -88.1279846866098 42.1068895937881, -88.1215864607757 42.1070056574664, -88.1215864607757 42.1106036314933, -88.1215864607757 42.1114160772413, -88.1215864607757 42.1178924304896, -88.1067865242506 42.1178924304896, -88.1067865242506 42.1142944564628, -88.1031996400709 42.1142016055201, -88.1030057544395 42.1106036314933, -88.1070127241538 42.1106036314933, -88.1070127241538 42.1105804187576, -88.1069157813381 42.1034076834396, -88.1044922109464 42.1031987688187, -88.0972861283152 42.1032916197613, -88.0972861283152 42.1025488122203, -88.0972861283152 42.0892943401601, -88.0974153854027 42.088690809033, -88.0924389875318 42.0886443835617, -88.0875918467485 42.0885979580903, -88.0875918467485 42.0837929218093, -88.0884966463613 42.0837000708667, -88.0894983887899 42.0839321982233, -88.0924066732599 42.0846053675573, -88.0921158448129 42.0814020100366, -88.0972861283152 42.0814948609792, -88.0975123282184 42.0778968869524, -88.0997096987068 42.0778968869524, -88.0998066415225 42.0762023572494, -88.1023917832736 42.0762023572494, -88.1023917832736 42.0713973209684, -88.1012930980294 42.0713973209684, -88.1012930980294 42.0742989129255, -88.0998066415225 42.0742989129255, -88.0997096987068 42.0761095063068, -88.0979000994811 42.0761095063068, -88.0979000994811 42.0742060619829, -88.0925036160756 42.073997147362, -88.0925036160756 42.0736953817985, -88.0839080197531 42.0733936162349, -88.0828093345089 42.0735096799132, -88.0826154488775 42.0670101139292, -88.0894983887899 42.0670101139292, -88.0892075603429 42.0638067564085, -88.0844896766471 42.0638067564085, -88.0844896766471 42.057817870609, -88.0844896766471 42.0561001281704, -88.0894014459742 42.0560072772277, -88.0894983887899 42.0489970310593, -88.0909848452968 42.0495077112437, -88.0960905002553 42.0490898820019, -88.0994511845317 42.049763051336, -88.0996127558912 42.0498094768073, -88.0992896131723 42.0593963366337, -88.1042983253151 42.0594891875763, -88.1043952681308 42.0483006489896, -88.1043952681308 42.0482077980469, -88.1042336967713 42.0437741655364, -88.1042013824994 42.0433099108233, -88.1042013824994 42.043193847145, -88.1043952681308 42.0409886372576, -88.1019393834672 42.0411047009358, -88.0995158130755 42.0411975518785, -88.0994834988036 42.0412207646141, -88.099386555988 42.0449115895836, -88.0980939851124 42.0450044405263, -88.0980939851124 42.0485095636105, -88.0956057861769 42.0486024145531, -88.0955734719051 42.0485792018174, -88.0947333008359 42.04813815984, -88.0945071009327 42.047998883426, -88.0942485867576 42.047998883426, -88.0926005588913 42.047998883426, -88.0924066732599 42.047998883426, -88.0912110452 42.0476042669199, -88.0894014459742 42.0471632249424, -88.0837141341218 42.0457936735386, -88.0831971057715 42.0490898820019, -88.0797071644075 42.0492523711515, -88.071111568085 42.0496005621864, -88.0648102850667 42.049693413129, -88.0651011135137 42.0438902292147, -88.0645840851635 42.0417082320629, -88.0644871423478 42.0414064664994, -88.0627098573939 42.0411047009358, -88.0626129145782 42.0391084056693, -88.0607386868087 42.0391084056693, -88.0602862870022 42.0391084056693, -88.0602539727303 42.0375531523803, -88.0601893441865 42.0356264953208, -88.0601893441865 42.0355104316425, -88.0700128828408 42.0350926024007, -88.0701098256565 42.0385977254849, -88.0798041072232 42.0384120235996, -88.0799010500389 42.038388810864, -88.0799979928545 42.0344890712736, -88.0845866194628 42.0343033693883, -88.084812819366 42.0314017774312, -88.091792702094 42.031007160925, -88.0915988164627 42.0268520812424, -88.0915988164627 42.0268056557711, -88.0958643003521 42.0266895920928, -88.0996127558912 42.0265967411501, -88.0995158130755 42.0350926024007, -88.0995158130755 42.037506726909, -88.1019716977391 42.037437088702, -88.1105026655178 42.0372049613455, -88.1190982618403 42.0368103448393, -88.1188074333933 42.0372049613455, -88.118904376209 42.0404083188661, -88.1215864607757 42.0405940207514, -88.1213925751444 42.0473953522989, -88.121812660679 42.0474417777702, -88.1233960600015 42.0476042669199, -88.126175087384 42.0474649905059, -88.1389069105083 42.0469078848501, -88.1389069105083 42.0467221829649, -88.1388099676926 42.0395958731181, -88.1446588509045 42.039201256612, -88.1446911651764 42.039201256612, -88.1446911651764 42.0382031089787, -88.1495059916879 42.0382031089787, -88.1495059916879 42.0391084056693, -88.1628841002499 42.0391084056693, -88.1790089219226 42.0389923419911, -88.1793966931852 42.0389923419911, -88.1805923212451 42.0398047877391, -88.184114576881 42.039804787739, -88.1852132621253 42.0389923419911, -88.1852132621253 42.0417082320629, -88.1846962337751 42.0428920815814, -88.1868936042635 42.0428920815815, -88.188800146305 42.0431009962024, -88.188800146305 42.0388994910484, -88.1926132303879 42.0388994910484, -88.1927101732035 42.0418939339482, -88.1944874581574 42.0418010830056, -88.1964909430146 42.0388066401058, -88.1985913706873 42.039201256612, -88.2031153687518 42.0391084056693, -88.2032123115675 42.0420099976265, -88.1984944278717 42.0420099976265, -88.1985913706873 42.0451901424115, -88.1985913706873 42.0452133551472, -88.1983005422403 42.0463972046657, -88.1936149728164 42.0466989702292, -88.1933887729132 42.048811329174, -88.1923870304846 42.0489041801166, -88.1907066883464 42.0532913871558, -88.1934857157289 42.0538020673403, -88.1842115196967 42.0537092163977, -88.1842115196967 42.0609051644514, -88.2029861116642 42.0607891007731, -88.2023075119546 42.0659887535603, -88.2032123115675 42.0659887535603, -88.2028891688486 42.067427943171, -88.201305769526 42.0749952949952, -88.2017904836044 42.0749952949953, -88.2036000828301 42.067427943171, -88.2036970256458 42.0670101139292, -88.204214053996 42.0659887535603, -88.2133913072125 42.0659887535603, -88.2137144499314 42.065199520548, -88.2152009064383 42.0616015465211, -88.2156856205167 42.0607891007731, -88.2177860481894 42.0613694191645, -88.2192401904244 42.0617640356707, -88.2194017617839 42.061810461142, -88.2202096185811 42.0629943106605, -88.2203065613968 42.0661048172386, -88.2236995599451 42.0661976681812, -88.2229886459636 42.065199520548, -88.2226978175166 42.060998015394, -88.2253152735396 42.058491039943, -88.2253152735396 42.0584446144717, -88.2253152735396 42.0571911267462, -88.2268017300465 42.0563090427913, -88.2282881865534 42.0542895347891, -88.2236995599451 42.0544055984674, -88.2233117886825 42.0562394045843, -88.2229886459636 42.0576089559881, -88.2164934773139 42.0577018069307, -88.2156856205167 42.059303485691, -88.2131004787655 42.0606962498305, -88.2057005105029 42.0607891007731, -88.2120017935213 42.0509004753832, -88.2155563634291 42.0449580150549, -88.215588677701 42.0449115895836, -88.2185939049867 42.0447955259053, -88.221696075088 42.0450972914689, -88.228094300922 42.0463043537231, -88.228094300922 42.0464204174013, -88.228094300922 42.0490898820019, -88.2290960433506 42.0490898820019, -88.2291929861663 42.0465596938153, -88.2291929861663 42.0463972046657, -88.2330060702492 42.0466061192866, -88.2335554128713 42.0466757574936, -88.2342986411247 42.0467918211718, -88.2345894695717 42.0518057720738, -88.2336846699588 42.0518986230164, -88.2335877271432 42.049693413129, -88.2329091274335 42.0490898820019, -88.2302916714105 42.0490898820019, -88.2311964710234 42.0528967706497, -88.2341047554934 42.0528967706497, -88.2346864123874 42.0574928923098, -88.2373038684104 42.0568893611827, -88.2376916396731 42.0567965102401, -88.2376916396731 42.0568429357114, -88.238014782392 42.0665922846874, -88.2382086680233 42.0669869011936, -88.2381763537514 42.0669869011936, -88.2382086680233 42.0706545134274, -88.2382086680233 42.071490171911, -88.2382732965671 42.0823769449342, -88.2382732965671 42.0850928350061, -88.2354942691846 42.0840018364302, -88.2325859847146 42.0830965397396, -88.2289991005349 42.082191243049, -88.2237965027608 42.0814020100366), (-88.1790412361945 42.046304353723, -88.1790089219226 42.0463043537231, -88.1790089219226 42.0477899688051, -88.1790412361945 42.0477899688051, -88.1810124067797 42.0477899688051, -88.180915463964 42.0470007357928, -88.1790412361945 42.0463275664587, -88.1790412361945 42.046304353723), (-88.1791058647382 42.0538949182829, -88.1822080348396 42.0538020673403, -88.1822080348396 42.0534074508341, -88.1791058647382 42.0534074508341, -88.1791058647382 42.0538949182829), (-88.1452081935266 42.0609051644514, -88.148601192075 42.0625996941544, -88.1542885039275 42.0645959894209, -88.1542885039275 42.0623907795334, -88.1542885039275 42.060998015394, -88.1452081935266 42.0609051644514), (-88.1039105540524 42.0671029648719, -88.1036520398773 42.0670797521362, -88.0962843858866 42.0664994337447, -88.0941839582138 42.0658959026177, -88.0944424723889 42.0670565394005, -88.094700986564 42.068310027126, -88.0970922426838 42.0681939634477, -88.0970922426838 42.0671029648718, -88.1039105540524 42.0671029648719), (-88.1114074651307 42.0671029648718, -88.1061079245409 42.0671029648718, -88.1060109817252 42.0687974945748, -88.105203124928 42.0688903455174, -88.105203124928 42.0707009388987, -88.1074004954164 42.0707937898413, -88.1083052950293 42.0703991733352, -88.1114074651307 42.0671029648718)))",8
1735866,"Hometown, IL",municipality,"MULTIPOLYGON (((-87.7410859092822 41.7345108883765, -87.7324903129597 41.7346733775261, -87.7309069136371 41.7346965902618, -87.7240886022686 41.7348126539401, -87.7214388319737 41.7348590794114, -87.7214065177018 41.7348590794114, -87.7214388319737 41.7342787610199, -87.7215357747893 41.7329092096162, -87.7216973461488 41.7307968506714, -87.7216973461488 41.7296826393598, -87.7216973461488 41.7278024077716, -87.7219558603239 41.7278024077716, -87.7385977103467 41.7274077912654, -87.7385977103467 41.7274310040011, -87.7386300246186 41.7276863440933, -87.7386946531624 41.7291487464397, -87.7386946531624 41.729195171911, -87.7410859092822 41.729195171911, -87.7410859092822 41.7343019737556, -87.7410859092822 41.7345108883765)))",8
1735879,"Homewood, IL",municipality,"MULTIPOLYGON (((-87.6655028273337 41.5717896114201, -87.659007658684 41.57178961142, -87.6558408600389 41.5718128241557, -87.6412994376888 41.5719056750983, -87.6412994376888 41.5736930557439, -87.636290725546 41.5736002048013, -87.6358060114677 41.5736002048013, -87.6359029542833 41.5758982656314, -87.6349012118548 41.5771053278855, -87.6349012118548 41.5723002916045, -87.632800784182 41.5722074406619, -87.632800784182 41.5681916373932, -87.6314112704908 41.5681916373932, -87.6314112704908 41.5647097270446, -87.6353859259331 41.5631080482843, -87.6352889831174 41.5618081350875, -87.6345134405921 41.5606939237759, -87.6317020989378 41.5606939237759, -87.6317020989378 41.5602993072698, -87.6360968399147 41.5602064563271, -87.6360968399147 41.5592547341652, -87.6360968399147 41.5573977153126, -87.6409116664261 41.5573977153126, -87.6409116664261 41.557374502577, -87.640943980698 41.5534979757222, -87.6410086092418 41.5496910870745, -87.6409762949699 41.5496910870745, -87.639489838463 41.5496678743388, -87.6360322113709 41.5495982361318, -87.635999897099 41.5495982361318, -87.6359029542833 41.5388043140513, -87.6359352685552 41.5388043140513, -87.6370016395276 41.5388043140513, -87.6406854665229 41.5388043140513, -87.6492487485735 41.5388043140513, -87.6493133771173 41.5388043140513, -87.6500566053707 41.5420540970433, -87.6501858624583 41.5427040536417, -87.6502181767302 41.5427040536417, -87.6510906620712 41.542611202699, -87.6515107476058 41.544305732402, -87.6550976317854 41.5441896687237, -87.6551945746011 41.5460931130476, -87.6649857989835 41.5460931130476, -87.665115056071 41.5496910870745, -87.6680556548129 41.5498071507527, -87.6742923092875 41.549992852638, -87.6748093376378 41.5517105950766, -87.686087018527 41.5517105950766, -87.6940040151399 41.5515016804557, -87.6940040151399 41.5498071507527, -87.6940363294117 41.5498071507527, -87.6984956989324 41.5498071507527, -87.6990127272827 41.5544961233555, -87.6990127272827 41.5571655879561, -87.6990127272827 41.5571888006917, -87.6941979007712 41.5571888006917, -87.6942948435868 41.5618545605588, -87.6942948435868 41.5619938369727, -87.6900939882413 41.5619009860301, -87.6901909310569 41.5644079614811, -87.6844066763888 41.5644079614811, -87.6844066763888 41.5680059355079, -87.6800119354119 41.5680987864506, -87.6799149925962 41.5717896114201, -87.675035537541 41.5716967604774, -87.6750032232691 41.5716967604774, -87.6750032232691 41.5718128241557, -87.6748739661815 41.5738555448935, -87.6748093376378 41.5752947345043, -87.6750678518129 41.5787302193815, -87.6751001660848 41.579101623152, -87.6750032232691 41.5790784104164, -87.6720949387991 41.578498092025, -87.6660844842277 41.578498092025, -87.6659875414121 41.5780106245762, -87.665696712965 41.576803562322, -87.6659875414121 41.5745983524346, -87.6678940834535 41.5716967604774, -87.6655028273337 41.5717896114201)))",8
23,Humboldt Park,community area,"MULTIPOLYGON (((-87.69157 41.88821, -87.6952 41.88816, -87.6958 41.88824, -87.69667 41.88829, -87.70141 41.88824, -87.70141 41.88817, -87.70387 41.88817, -87.70387 41.88832, -87.70723 41.88827, -87.70863 41.88822, -87.71986 41.88808, -87.72098 41.88808, -87.72117 41.88806, -87.72421 41.88802, -87.72465 41.88805, -87.72465 41.88785, -87.72587 41.88784, -87.72587 41.888, -87.72697 41.88799, -87.72766 41.88802, -87.72862 41.88797, -87.73491 41.88789, -87.73796 41.88785, -87.73817 41.88788, -87.73852 41.88785, -87.7406 41.88783, -87.74069 41.89072, -87.74075 41.89147, -87.74058 41.89147, -87.74076 41.89283, -87.74104 41.895, -87.74115 41.89579, -87.74117 41.89606, -87.7411 41.89645, -87.74102 41.89652, -87.74107 41.89694, -87.74112 41.89879, -87.74121 41.89879, -87.74133 41.89951, -87.74134 41.90007, -87.74134 41.90064, -87.74116 41.90064, -87.74134 41.90793, -87.74135 41.90858, -87.74141 41.90867, -87.74137 41.90905, -87.74138 41.90944, -87.74137 41.91001, -87.74132 41.91064, -87.74134 41.91108, -87.74128 41.91206, -87.7413 41.91284, -87.74134 41.91391, -87.74103 41.91383, -87.73941 41.91364, -87.73878 41.91357, -87.73801 41.91351, -87.73735 41.91348, -87.73672 41.91348, -87.72834 41.91358, -87.72645 41.9136, -87.72575 41.9136, -87.72419 41.91359, -87.724 41.91363, -87.72235 41.91365, -87.72134 41.91368, -87.721 41.91366, -87.71888 41.91368, -87.71825 41.91367, -87.71788 41.91365, -87.71666 41.91365, -87.71666 41.91356, -87.71489 41.91358, -87.70754 41.91367, -87.70702 41.91367, -87.70686 41.91378, -87.70233 41.91383, -87.70233 41.91393, -87.70198 41.91393, -87.70187 41.91018, -87.70266 41.91018, -87.70451 41.91016, -87.70533 41.91014, -87.70696 41.91013, -87.70699 41.91007, -87.707 41.90958, -87.70697 41.90866, -87.70688 41.90571, -87.70679 41.90303, -87.70679 41.90269, -87.70667 41.89921, -87.70195 41.89925, -87.70195 41.89892, -87.70188 41.89643, -87.70223 41.89657, -87.7022 41.8956, -87.70056 41.89563, -87.69729 41.89566, -87.6967 41.89566, -87.69667 41.89464, -87.69667 41.89434, -87.69321 41.89296, -87.69167 41.89234, -87.6917 41.89201, -87.69165 41.89192, -87.69159 41.88853, -87.69157 41.88821)))",8
41,Hyde Park,community area,"MULTIPOLYGON (((-87.58038 41.80253, -87.58045 41.80213, -87.5805 41.80158, -87.5805 41.8011, -87.58042 41.80038, -87.58028 41.79963, -87.58011 41.79912, -87.57979 41.79844, -87.57994 41.79837, -87.57961 41.79803, -87.57914 41.79763, -87.57836 41.7971, -87.57799 41.79694, -87.57755 41.79686, -87.57732 41.79686, -87.57651 41.79705, -87.57614 41.79703, -87.57588 41.79698, -87.57562 41.79687, -87.57531 41.79665, -87.57523 41.79651, -87.57516 41.79624, -87.5752 41.79605, -87.57533 41.79581, -87.57544 41.79544, -87.57573 41.79536, -87.5761 41.79511, -87.57622 41.79507, -87.57646 41.7951, -87.57662 41.79505, -87.57691 41.79511, -87.57739 41.79504, -87.57783 41.79492, -87.5783 41.79473, -87.57857 41.79456, -87.57901 41.7942, -87.57908 41.79395, -87.57927 41.79364, -87.5793 41.79339, -87.57928 41.7931, -87.57932 41.79257, -87.57952 41.79231, -87.57963 41.79204, -87.57927 41.79143, -87.57868 41.79067, -87.57858 41.7905, -87.57842 41.7901, -87.57827 41.78994, -87.57782 41.78955, -87.57725 41.78914, -87.57639 41.78859, -87.57632 41.78851, -87.57668 41.78847, -87.57668 41.78842, -87.57767 41.78836, -87.57775 41.7882, -87.57764 41.78815, -87.57715 41.78818, -87.57727 41.78808, -87.57733 41.78757, -87.57734 41.78719, -87.57731 41.78681, -87.57714 41.78615, -87.57751 41.78609, -87.57905 41.78603, -87.58035 41.78603, -87.5808 41.78598, -87.58175 41.78603, -87.58305 41.78593, -87.58405 41.78593, -87.58445 41.78583, -87.58516 41.78585, -87.58536 41.78613, -87.58555 41.78626, -87.58606 41.78639, -87.5866 41.78639, -87.5866 41.78614, -87.58844 41.78612, -87.5912 41.7861, -87.59564 41.78606, -87.596 41.78604, -87.59658 41.78599, -87.59693 41.78597, -87.59825 41.78596, -87.60604 41.78587, -87.60606 41.78733, -87.60608 41.78749, -87.6061 41.78868, -87.60622 41.7948, -87.60621 41.79506, -87.60624 41.79529, -87.60634 41.79937, -87.60637 41.80113, -87.60641 41.80225, -87.60586 41.80226, -87.60348 41.80229, -87.60042 41.80232, -87.59793 41.80235, -87.59532 41.80238, -87.59475 41.80239, -87.59217 41.80242, -87.58934 41.80245, -87.5882 41.80247, -87.58681 41.80249, -87.58382 41.80253, -87.58265 41.80253, -87.58165 41.80243, -87.58105 41.80263, -87.58061 41.80258, -87.58038 41.80253)))",8
1737257,"Indian Head Park, IL",municipality,"MULTIPOLYGON (((-87.9069873811606 41.7749938993625, -87.9033035541652 41.7768044927438, -87.9012031264924 41.7784990224468, -87.9005891553265 41.7781044059406, -87.8969053283312 41.7791954045165, -87.896097471534 41.7788936389529, -87.8925105873543 41.7788936389529, -87.8924136445386 41.775504579547, -87.889085274534 41.7755974304896, -87.8892145316216 41.7719994564628, -87.8874049323958 41.7719066055202, -87.8873079895801 41.7700031611963, -87.8926075301699 41.7678675895158, -87.8952896147367 41.7667998036756, -87.8951926719211 41.7645945937882, -87.8967114426999 41.7639910626611, -87.8932861298796 41.7628072131426, -87.8913149592944 41.7615072999457, -87.8916057877414 41.7596967065645, -87.8901839597783 41.7590003244948, -87.8926075301699 41.7589074735522, -87.8927044729856 41.7563076471586, -87.8964852427966 41.7563076471586, -87.8964852427966 41.7570968801709, -87.9013970121238 41.7570040292283, -87.9013970121238 41.7579093259189, -87.8964852427966 41.7580021768615, -87.8966144998842 41.7596038556219, -87.8972930995939 41.7603930886342, -87.9033035541652 41.7605091523125, -87.9064057242666 41.759998472128, -87.9065026670822 41.7610662579683, -87.9065026670822 41.7610894707039, -87.905113153391 41.7622036820155, -87.9053070390223 41.7634107442696, -87.9038852110592 41.7629929150278, -87.9038852110592 41.764199977282, -87.9041114109624 41.766498038112, -87.9033035541652 41.7657088050997, -87.9004922125109 41.7638982117184, -87.9000074984325 41.7641071263394, -87.9029157829026 41.7662891234911, -87.9062118386352 41.7706066923233, -87.905403981838 41.7713959253357, -87.9069873811606 41.7749938993625)))",8
1737608,"Inverness, IL",municipality,"MULTIPOLYGON (((-88.1381959965267 42.1120892465753, -88.1392946817709 42.1119963956327, -88.1379051680797 42.1138998399566, -88.1411042809967 42.1138998399566, -88.1411042809967 42.1172888993625, -88.1410396524529 42.1174746012478, -88.1402641099276 42.1195173219856, -88.1401994813838 42.1197030238709, -88.1393916245866 42.1208636606537, -88.1386160820613 42.1220010847009, -88.1382929393424 42.122743892242, -88.1379374823516 42.1235795507256, -88.1377112824484 42.1240902309101, -88.1374527682733 42.1248098257155, -88.1363863973009 42.1281756723857, -88.1362894544853 42.1284077997423, -88.12559343049 42.1287095653059, -88.1249148307803 42.1288024162485, -88.1217157178633 42.1301023294453, -88.1216510893195 42.1301255421809, -88.1194860331029 42.1312629662281, -88.1193890902873 42.1313093916994, -88.1193567760154 42.1313093916995, -88.1169978341675 42.1320754119761, -88.1166100629048 42.1321914756544, -88.1166100629048 42.1359055133596, -88.1120860648404 42.1359055133596, -88.1119891220247 42.139596338329, -88.1064956958036 42.139596338329, -88.0977062138497 42.1350930676116, -88.0979000994811 42.1346984511054, -88.0956057861769 42.1331896232877, -88.0948948721954 42.1333985379086, -88.0948625579235 42.1333753251729, -88.0774128511034 42.1255062077852, -88.0678155123524 42.1213047026312, -88.0680093979837 42.1175906649261, -88.0727919102233 42.1175906649261, -88.0731150529422 42.1131106069443, -88.0754093662463 42.1125999267598, -88.076087965956 42.1119963956327, -88.0756032518776 42.1105107805507, -88.0778975651817 42.1105107805507, -88.0778975651817 42.1104643550793, -88.0778975651817 42.0970938193408, -88.0778975651817 42.0814948609793, -88.0803857641172 42.0814948609793, -88.0810966780988 42.0827019232334, -88.0828093345089 42.0833983053031, -88.0828093345089 42.0888068727113, -88.0863962186886 42.0888068727113, -88.0874949039328 42.0876926613997, -88.0874949039328 42.0852088986844, -88.0852975334443 42.0852088986844, -88.0854914190757 42.0826322850265, -88.0854914190757 42.0824930086125, -88.0877857323798 42.0833054543605, -88.0877534181079 42.0834447307745, -88.0875918467485 42.0837929218093, -88.0875918467485 42.0885979580903, -88.0924389875318 42.0886443835617, -88.0974153854027 42.088690809033, -88.0972861283152 42.0892943401601, -88.0972861283152 42.1025488122203, -88.0972861283152 42.1032916197613, -88.1044922109464 42.1031987688187, -88.1069157813381 42.1034076834396, -88.1070127241538 42.1105804187576, -88.1070127241538 42.1106036314933, -88.1030057544395 42.1106036314933, -88.1031996400709 42.1142016055201, -88.1067865242506 42.1142944564628, -88.1067865242506 42.1178924304896, -88.1215864607757 42.1178924304896, -88.1215864607757 42.1114160772413, -88.1215864607757 42.1106036314933, -88.1324117418586 42.1105107805507, -88.1324117418586 42.10960548386, -88.1324117418586 42.1032916197613, -88.1310868567111 42.1031987688187, -88.1312161137987 42.1024095358063, -88.1411042809967 42.1024095358063, -88.1411042809967 42.1044986820155, -88.1411042809967 42.1103947168724, -88.1381959965267 42.1103947168724, -88.1381959965267 42.1120892465753), (-88.1376143396327 42.1093965692391, -88.1394885674023 42.1094894201817, -88.1394885674023 42.1083984216059, -88.1376143396327 42.1083984216059, -88.1376143396327 42.1093965692391)))",8
16,Irving Park,community area,"MULTIPOLYGON (((-87.69475 41.96128, -87.6947 41.96111, -87.69467 41.96057, -87.69466 41.96007, -87.69459 41.95965, -87.69458 41.95921, -87.69444 41.95852, -87.6944 41.95808, -87.69434 41.95773, -87.69438 41.95743, -87.69438 41.95707, -87.69427 41.95704, -87.69427 41.95686, -87.69437 41.95682, -87.69439 41.95639, -87.69439 41.95589, -87.69447 41.95538, -87.69444 41.95467, -87.69455 41.95393, -87.69465 41.95369, -87.69507 41.95312, -87.6955 41.95262, -87.69579 41.95217, -87.6964 41.95103, -87.69654 41.95086, -87.69679 41.9504, -87.69686 41.95002, -87.69668 41.94892, -87.69647 41.94796, -87.69637 41.94775, -87.69622 41.94703, -87.6962 41.94671, -87.70028 41.94668, -87.70088 41.94666, -87.70197 41.94666, -87.70343 41.94666, -87.70738 41.94665, -87.70884 41.94663, -87.71034 41.94661, -87.71234 41.94658, -87.71419 41.94656, -87.71463 41.94654, -87.71593 41.94653, -87.72088 41.94647, -87.72215 41.94646, -87.72459 41.94642, -87.7274 41.94638, -87.72733 41.94418, -87.72726 41.94146, -87.72721 41.94015, -87.72719 41.93911, -87.73142 41.93905, -87.73522 41.939, -87.73782 41.93896, -87.74211 41.9389, -87.74216 41.94071, -87.7429 41.9407, -87.74296 41.94254, -87.74225 41.94255, -87.74231 41.94439, -87.74237 41.9471, -87.74238 41.94801, -87.74243 41.95041, -87.7425 41.95348, -87.74273 41.95348, -87.74327 41.95449, -87.74361 41.95517, -87.74426 41.95651, -87.74505 41.95801, -87.74648 41.96075, -87.74444 41.96077, -87.7461 41.96169, -87.74651 41.96192, -87.74701 41.96249, -87.74717 41.96265, -87.74701 41.9628, -87.74698 41.963, -87.7471 41.96324, -87.74766 41.96341, -87.74718 41.9634, -87.74741 41.96384, -87.7476 41.96425, -87.74764 41.96453, -87.74772 41.96709, -87.74772 41.96804, -87.7459 41.96806, -87.74352 41.96809, -87.74016 41.96812, -87.7379 41.96814, -87.73785 41.96655, -87.73673 41.96577, -87.73383 41.96378, -87.72969 41.96094, -87.72861 41.96095, -87.726 41.96098, -87.72389 41.96101, -87.72239 41.96103, -87.7184 41.96108, -87.71517 41.96111, -87.71341 41.96114, -87.70846 41.9612, -87.70651 41.96121, -87.70496 41.96122, -87.70069 41.96124, -87.69475 41.96128)))",8
11,Jefferson Park,community area,"MULTIPOLYGON (((-87.75264 41.96798, -87.75664 41.96793, -87.75783 41.96791, -87.75909 41.9679, -87.76056 41.96788, -87.76075 41.96789, -87.76136 41.9676, -87.76279 41.96769, -87.76478 41.96781, -87.76525 41.96782, -87.76748 41.96779, -87.7675 41.9687, -87.77 41.96866, -87.7754 41.96859, -87.77703 41.96857, -87.77732 41.96855, -87.78419 41.96847, -87.78677 41.96844, -87.78801 41.96842, -87.78801 41.9689, -87.78791 41.97367, -87.78786 41.97643, -87.78785 41.97681, -87.78773 41.98291, -87.78542 41.98291, -87.78436 41.98291, -87.78378 41.98292, -87.78331 41.98291, -87.77824 41.98292, -87.77804 41.98291, -87.77799 41.98495, -87.77793 41.98823, -87.77789 41.99013, -87.77787 41.9916, -87.77783 41.99378, -87.77782 41.99387, -87.78005 41.9949, -87.78287 41.99617, -87.78285 41.99741, -87.78242 41.9974, -87.78002 41.99742, -87.77997 41.99715, -87.7799 41.99696, -87.77962 41.99674, -87.77923 41.99672, -87.77888 41.99678, -87.77875 41.99683, -87.77857 41.99702, -87.77826 41.99715, -87.77801 41.99713, -87.77754 41.99703, -87.77731 41.997, -87.77714 41.99704, -87.77697 41.9972, -87.77678 41.99726, -87.77661 41.99724, -87.77605 41.99674, -87.77576 41.99668, -87.77541 41.99672, -87.77513 41.99678, -87.77487 41.99688, -87.77438 41.99702, -87.77407 41.99706, -87.77349 41.99707, -87.77296 41.997, -87.77245 41.99689, -87.77201 41.99674, -87.77169 41.9966, -87.77143 41.9964, -87.77125 41.99613, -87.77118 41.99588, -87.77115 41.99562, -87.77118 41.99535, -87.77137 41.99492, -87.77157 41.99464, -87.7721 41.99417, -87.7723 41.99405, -87.77262 41.9939, -87.77349 41.99365, -87.77368 41.99346, -87.7737 41.99313, -87.77358 41.9927, -87.77342 41.99236, -87.77302 41.9919, -87.7729 41.9918, -87.77263 41.9917, -87.77214 41.99162, -87.77182 41.99155, -87.77119 41.99153, -87.77098 41.99146, -87.77084 41.99126, -87.77094 41.99104, -87.77113 41.99096, -87.7714 41.99091, -87.77157 41.9907, -87.77173 41.99028, -87.7717 41.99001, -87.7714 41.98955, -87.77112 41.98932, -87.77094 41.98923, -87.77048 41.98907, -87.77022 41.98903, -87.76947 41.98899, -87.76882 41.98888, -87.76845 41.98881, -87.7682 41.98878, -87.76793 41.98879, -87.76776 41.98887, -87.76762 41.98907, -87.7676 41.98925, -87.76767 41.98951, -87.76758 41.98965, -87.76723 41.98988, -87.7669 41.99002, -87.76636 41.99013, -87.76596 41.99016, -87.76565 41.99012, -87.7655 41.99002, -87.76493 41.98984, -87.76466 41.9897, -87.76431 41.9894, -87.76415 41.98937, -87.76394 41.98944, -87.76377 41.98968, -87.7635 41.98976, -87.76304 41.98979, -87.76277 41.98998, -87.7626 41.99026, -87.76248 41.99027, -87.7621 41.99015, -87.76204 41.99009, -87.76204 41.98986, -87.7617 41.98922, -87.76159 41.98891, -87.7616 41.98874, -87.76169 41.98857, -87.76184 41.98845, -87.76217 41.98833, -87.76227 41.98825, -87.76232 41.98809, -87.76229 41.98796, -87.76209 41.98779, -87.76183 41.98768, -87.76114 41.98775, -87.76093 41.98783, -87.76067 41.98798, -87.75909 41.98506, -87.75879 41.98431, -87.75816 41.98296, -87.75801 41.98296, -87.75642 41.9799, -87.75506 41.9773, -87.75533 41.97746, -87.75533 41.97692, -87.75528 41.97511, -87.75519 41.97251, -87.75289 41.97254, -87.7528 41.97237, -87.7528 41.9718, -87.75274 41.9715, -87.75263 41.96821, -87.75264 41.96798)))",8
1738830,"Justice, IL",municipality,"MULTIPOLYGON (((-87.8540889180782 41.7613912362675, -87.8464950641843 41.761693001831, -87.8462042357373 41.7619019164519, -87.8457841502027 41.7619019164519, -87.8452024933087 41.7619251291876, -87.8391920387373 41.7621108310728, -87.8379964106774 41.7619019164519, -87.8252969018251 41.7622036820155, -87.8198034756039 41.7622965329581, -87.8190925616224 41.7467904255391, -87.8201912468666 41.7457922779059, -87.821516132014 41.7457922779059, -87.8210960464795 41.743888833582, -87.8189956188067 41.7440048972603, -87.818898675991 41.7411033053031, -87.8209991036638 41.7410104543605, -87.8209021608481 41.7404069232334, -87.8188663617191 41.7404301359691, -87.8146978206454 41.7404997741761, -87.8145039350141 41.7386891807948, -87.8143100493828 41.7332109751797, -87.8181877620095 41.7330949115014, -87.8182200762813 41.7331181242371, -87.8185432190002 41.7333502515936, -87.8234873025993 41.7369018001492, -87.8234873025993 41.7375981822189, -87.8258139301753 41.7392927119219, -87.8258139301753 41.7402676468195, -87.8258139301753 41.7402908595551, -87.8259431872628 41.7402908595551, -87.8286899003734 41.7402908595551, -87.8332138984379 41.7401980086125, -87.8330846413503 41.7329092096162, -87.8351850690231 41.7328163586735, -87.8381902963088 41.7327002949953, -87.8381902963088 41.7327235077309, -87.8381902963088 41.7336984426285, -87.8381902963088 41.7346037393191, -87.8429081800046 41.7346965902618, -87.8431020656359 41.7398033921063, -87.8480138349631 41.7398033921063, -87.8482723491382 41.7465582981826, -87.8483046634101 41.74699934016, -87.8474968066128 41.7470921911027, -87.8477876350598 41.7544042028347, -87.8502112054515 41.7544042028347, -87.8529579185621 41.754380990099, -87.8605840867279 41.754311351892, -87.8577081165298 41.7570040292283, -87.8540889180782 41.7613912362675)))",8
1739519,"Kenilworth, IL",municipality,"MULTIPOLYGON (((-87.72599514431 42.091801315611, -87.7231838026557 42.0917781028754, -87.7214065177018 42.0917548901397, -87.7197584898354 42.091731677404, -87.7174964908032 42.0917084646684, -87.7174964908032 42.0923119957955, -87.7174964908032 42.093495845314, -87.7174641765313 42.093495845314, -87.7165916911903 42.093495845314, -87.7131986926419 42.093495845314, -87.7113890934162 42.0949118221891, -87.7108074365222 42.0953992896379, -87.7101611510844 42.094981460396, -87.7095794941904 42.0946100566255, -87.7070912952549 42.0930083778652, -87.7069943524393 42.0928923141869, -87.7060572385545 42.0918941665536, -87.7057017815637 42.0914995500475, -87.7034397825314 42.0900835731724, -87.7031812683563 42.0899210840228, -87.7029227541812 42.0897818076089, -87.7027934970937 42.0896889566662, -87.7027934970937 42.08699627933, -87.7027934970937 42.0859052807541, -87.707058980983 42.0860213444324, -87.7127139785636 42.0862070463176, -87.7127139785636 42.0848374949139, -87.7127139785636 42.0847910694426, -87.7139419208954 42.0848142821782, -87.7147497776926 42.0848374949139, -87.7156545773055 42.0848607076495, -87.7167855768216 42.0848839203852, -87.7175934336189 42.0849071331209, -87.7175934336189 42.0826090722908, -87.722214374499 42.0827019232334, -87.7226021457617 42.0827019232334, -87.7245086878031 42.087808725078, -87.7251872875128 42.0895961057236, -87.72599514431 42.091801315611)))",8
39,Kenwood,community area,"MULTIPOLYGON (((-87.59215 41.81693, -87.59216 41.81658, -87.59199 41.81629, -87.59171 41.81603, -87.59142 41.81592, -87.5912 41.81545, -87.59111 41.81536, -87.59089 41.815, -87.59062 41.81471, -87.59046 41.81465, -87.59035 41.81438, -87.5905 41.8143, -87.59032 41.81414, -87.59022 41.81375, -87.58983 41.8133, -87.58957 41.81306, -87.58928 41.81293, -87.58913 41.81282, -87.58891 41.81255, -87.58876 41.81228, -87.58844 41.81209, -87.5883 41.81204, -87.58766 41.81197, -87.58738 41.81187, -87.58729 41.81167, -87.58719 41.81159, -87.58721 41.81149, -87.58707 41.81143, -87.58693 41.81117, -87.587 41.81108, -87.58699 41.81091, -87.58704 41.81064, -87.58702 41.81044, -87.58692 41.81011, -87.58675 41.80979, -87.58664 41.80971, -87.58645 41.80944, -87.58648 41.80931, -87.58627 41.8092, -87.58611 41.80884, -87.58615 41.80872, -87.58571 41.80807, -87.5857 41.80798, -87.58546 41.80762, -87.58516 41.80722, -87.58489 41.80694, -87.58452 41.80662, -87.58426 41.80644, -87.5839 41.80624, -87.58365 41.80603, -87.5832 41.80576, -87.58225 41.80512, -87.58174 41.80474, -87.58151 41.80455, -87.58137 41.80438, -87.58117 41.80425, -87.58089 41.80419, -87.58067 41.80421, -87.58018 41.80397, -87.58005 41.80384, -87.58002 41.80359, -87.58019 41.80336, -87.58045 41.80293, -87.58029 41.80287, -87.58038 41.80253, -87.58061 41.80258, -87.58105 41.80263, -87.58165 41.80243, -87.58265 41.80253, -87.58382 41.80253, -87.58681 41.80249, -87.5882 41.80247, -87.58934 41.80245, -87.59217 41.80242, -87.59475 41.80239, -87.59532 41.80238, -87.59793 41.80235, -87.60042 41.80232, -87.60348 41.80229, -87.60586 41.80226, -87.60641 41.80225, -87.60642 41.80251, -87.60648 41.80551, -87.60661 41.81158, -87.60668 41.81472, -87.60668 41.8153, -87.60671 41.81681, -87.60158 41.81688, -87.59959 41.81689, -87.59911 41.8169, -87.59688 41.81693, -87.59646 41.81691, -87.5964 41.81682, -87.59596 41.81683, -87.59526 41.81694, -87.59215 41.81693)))",8
1740793,"La Grange Park, IL",municipality,"MULTIPOLYGON (((-87.8908948737598 41.833791758782, -87.8860154187046 41.8339078224603, -87.8845289621977 41.8339774606673, -87.8842058194788 41.834000673403, -87.884141190935 41.834000673403, -87.8834625912253 41.8340238861386, -87.8828486200594 41.8340238861386, -87.878615450442 41.8340935243456, -87.8764503942254 41.8342095880239, -87.874253023737 41.8343024389665, -87.8741883951932 41.8343024389665, -87.8749962519904 41.8360666068765, -87.8758041087876 41.8378075620507, -87.8766765941286 41.839548517225, -87.8781953649074 41.8427054492744, -87.8716032534421 41.8431000657805, -87.8715063106264 41.8443999789773, -87.8663037128523 41.8443999789773, -87.865495856055 41.8454909775532, -87.8654312275113 41.8455374030246, -87.8653019704237 41.8456070412315, -87.8653019704237 41.8455606157602, -87.8653019704237 41.8437964478503, -87.8634923711979 41.8437964478503, -87.8636862568292 41.8418001525838, -87.8521500617648 41.8421019181473, -87.8520854332211 41.8421019181473, -87.8517946047741 41.8348595446223, -87.8517946047741 41.8347899064153, -87.8615212006127 41.83460420453, -87.8615858291565 41.8346042045301, -87.8610041722625 41.8200266065374, -87.8610041722625 41.8200033938017, -87.8724757387831 41.8196784155025, -87.8804573639397 41.8194462881459, -87.8854983903544 41.819307011732, -87.8868232755018 41.8192837989963, -87.8875018752115 41.8192605862607, -87.8894084172529 41.8191909480537, -87.8894407315248 41.8192141607894, -87.8894407315248 41.819237373525, -87.8901839597783 41.8197016282382, -87.8901839597783 41.8268975762919, -87.8908948737598 41.833791758782)))",9
1740767,"La Grange, IL",municipality,"MULTIPOLYGON (((-87.8894084172529 41.8191909480537, -87.8875018752115 41.8192605862607, -87.8868232755018 41.8192837989963, -87.8854983903544 41.819307011732, -87.8804573639397 41.8194462881459, -87.8724757387831 41.8196784155025, -87.8610041722625 41.8200033938017, -87.860551772456 41.820049819273, -87.8600024298339 41.8200962447443, -87.8600024298339 41.820049819273, -87.8598085442026 41.8143859117727, -87.859679287115 41.8109968523667, -87.8594854014837 41.8053097321308, -87.8594854014837 41.8052865193951, -87.8593238301242 41.8016189071613, -87.8591945730367 41.7983923369049, -87.8598085442026 41.7979977203987, -87.8640740280919 41.7979048694561, -87.8642032851795 41.7979048694561, -87.8642032851795 41.7978816567205, -87.8641063423638 41.7953978940052, -87.8664006556679 41.7943068954293, -87.8737036811148 41.7940051298657, -87.8736067382992 41.7918927709209, -87.8748023663591 41.7912892397939, -87.8748023663591 41.7903375176319, -87.8748023663591 41.7902910921606, -87.8793586786954 41.7902446666893, -87.8833010198659 41.790198241218, -87.8833979626816 41.7920088345992, -87.878615450442 41.7921016855418, -87.8791001645203 41.802988458565, -87.8817176205433 41.802988458565, -87.8839473053037 41.802988458565, -87.8840119338475 41.802988458565, -87.8834949054972 41.7946086609928, -87.8883097320087 41.7943068954293, -87.8887621318151 41.8046597755324, -87.8894084172529 41.8191909480537)))",9
6,Lake View,community area,"MULTIPOLYGON (((-87.64102 41.95481, -87.64085 41.95426, -87.64078 41.95419, -87.64067 41.9539, -87.64059 41.95362, -87.64049 41.95361, -87.64022 41.9529, -87.63984 41.95203, -87.63952 41.95135, -87.6392 41.95063, -87.63889 41.95, -87.63845 41.94905, -87.63814 41.94848, -87.63791 41.94802, -87.63755 41.94744, -87.63688 41.94657, -87.63649 41.94609, -87.63625 41.94577, -87.63584 41.94532, -87.63515 41.94459, -87.63471 41.94415, -87.63316 41.94275, -87.633 41.94249, -87.63303 41.94234, -87.63315 41.94222, -87.63345 41.94215, -87.63364 41.94219, -87.63388 41.9424, -87.63406 41.94292, -87.63427 41.94312, -87.63449 41.9432, -87.63469 41.94322, -87.6349 41.94317, -87.63516 41.94302, -87.63548 41.94291, -87.63573 41.94292, -87.6359 41.94298, -87.63607 41.94311, -87.63618 41.94325, -87.63696 41.94491, -87.63682 41.94506, -87.63731 41.94576, -87.63742 41.94583, -87.6381 41.94604, -87.6387 41.94621, -87.63889 41.94632, -87.63964 41.94634, -87.64002 41.94641, -87.64026 41.94653, -87.6401 41.94673, -87.64027 41.94671, -87.64041 41.94684, -87.64078 41.94731, -87.64103 41.94756, -87.64143 41.94782, -87.64187 41.94801, -87.64211 41.94798, -87.64213 41.94787, -87.64189 41.94754, -87.64136 41.94705, -87.64064 41.94647, -87.64033 41.94619, -87.6401 41.94602, -87.64003 41.94592, -87.64004 41.94578, -87.6402 41.94553, -87.64012 41.94539, -87.6402 41.9453, -87.64041 41.94525, -87.6405 41.94507, -87.64046 41.94484, -87.63959 41.94361, -87.63933 41.94353, -87.63911 41.94338, -87.63885 41.94312, -87.63867 41.94287, -87.63851 41.94252, -87.63843 41.94213, -87.6384 41.94179, -87.6384 41.94144, -87.63826 41.94115, -87.63754 41.94029, -87.63712 41.93984, -87.63704 41.93982, -87.63695 41.94027, -87.63673 41.94024, -87.63682 41.93977, -87.63631 41.93975, -87.63584 41.93979, -87.6358 41.93962, -87.6355 41.93972, -87.63517 41.93996, -87.63499 41.94016, -87.63478 41.9407, -87.63473 41.941, -87.6347 41.94142, -87.6346 41.94155, -87.63445 41.9416, -87.63433 41.94174, -87.63412 41.94171, -87.634 41.94163, -87.63385 41.94135, -87.63388 41.94074, -87.63386 41.94039, -87.63373 41.94003, -87.63355 41.93937, -87.63317 41.93844, -87.63299 41.93809, -87.63237 41.93739, -87.63229 41.93725, -87.63243 41.93719, -87.63233 41.93701, -87.63219 41.93649, -87.63221 41.9364, -87.6321 41.93585, -87.63172 41.9352, -87.63145 41.93482, -87.63071 41.93392, -87.63044 41.93368, -87.63042 41.93351, -87.63053 41.93322, -87.63071 41.93307, -87.63069 41.93259, -87.63076 41.93258, -87.63077 41.93304, -87.63091 41.93299, -87.63138 41.93298, -87.63138 41.93281, -87.63144 41.93265, -87.6316 41.93259, -87.63182 41.93259, -87.632 41.93261, -87.63244 41.9326, -87.63256 41.93264, -87.63282 41.93294, -87.63393 41.93292, -87.63393 41.93302, -87.63424 41.933, -87.63447 41.93293, -87.63472 41.93281, -87.63624 41.93286, -87.63735 41.93294, -87.63809 41.93294, -87.64006 41.93291, -87.64987 41.93271, -87.65094 41.9327, -87.65472 41.93263, -87.65717 41.93259, -87.65951 41.93255, -87.66336 41.93249, -87.66707 41.93243, -87.67035 41.93239, -87.67336 41.93235, -87.67338 41.93341, -87.67347 41.936, -87.67335 41.936, -87.67344 41.93944, -87.67345 41.94024, -87.6735 41.94087, -87.67355 41.943, -87.67363 41.94539, -87.67365 41.94647, -87.67372 41.94694, -87.67361 41.94717, -87.67365 41.94847, -87.67368 41.94884, -87.67372 41.95049, -87.67371 41.95069, -87.67375 41.95234, -87.67375 41.95254, -87.6738 41.95409, -87.67379 41.95437, -87.67389 41.95766, -87.67388 41.95797, -87.67398 41.96154, -87.66848 41.96161, -87.66595 41.96164, -87.66591 41.96148, -87.66519 41.95964, -87.66464 41.95834, -87.66447 41.95797, -87.66371 41.95674, -87.66288 41.95539, -87.66225 41.95439, -87.65747 41.95446, -87.65659 41.95446, -87.65568 41.95448, -87.65131 41.95455, -87.6451 41.95465, -87.64431 41.95467, -87.644 41.95466, -87.64102 41.95481)))",9
1742028,"Lansing, IL",municipality,"MULTIPOLYGON (((-87.5647146133118 41.5810979184185, -87.5632927853487 41.5810979184186, -87.5633897281643 41.5849976580089, -87.5637128708832 41.5865064858267, -87.5637128708832 41.5876903353452, -87.5617093860261 41.5875974844025, -87.5617093860261 41.5865064858267, -87.5588980443717 41.5865064858267, -87.5588980443717 41.586552911298, -87.5586072159247 41.5923096697409, -87.5586395301966 41.5928899881324, -87.5587041587404 41.5944452414214, -87.5587041587404 41.5944916668927, -87.5585749016528 41.5945148796284, -87.5568622452427 41.594607730571, -87.5567976166989 41.594607730571, -87.5534046181506 41.5953041126407, -87.553275361063 41.5952576871694, -87.5526613898972 41.5950255598128, -87.5525967613534 41.5950023470772, -87.5525321328096 41.594747006985, -87.5523705614501 41.5941899013292, -87.5522736186345 41.5937488593517, -87.5522089900907 41.5934935192595, -87.5521443615469 41.5934703065238, -87.5514657618372 41.5932149664316, -87.5514011332935 41.5931917536959, -87.549494591252 41.5940970503866, -87.5486867344548 41.593795284823, -87.5472972207636 41.5933078173742, -87.5461985355193 41.5934703065238, -87.5444858791092 41.5937024338804, -87.5412544519203 41.592982839075, -87.5408989949295 41.5928899881324, -87.5408989949295 41.5928435626611, -87.5408020521139 41.5917293513495, -87.5408020521139 41.5917061386139, -87.5422885086208 41.5892920141055, -87.5414160232798 41.5885027810932, -87.5397356811415 41.5870403787468, -87.539606424054 41.5869011023328, -87.5384754245379 41.5875974844026, -87.536698139584 41.5886884829784, -87.5357287114273 41.5876206971382, -87.5355994543397 41.5875046334599, -87.5345007690955 41.587295718839, -87.5341129978328 41.587365357046, -87.5311077705472 41.5878992499661, -87.5303645422937 41.5857172528143, -87.5302999137499 41.5855083381934, -87.5281994860771 41.5852065726299, -87.5281025432615 41.5852065726299, -87.527068486561 41.5847191051811, -87.5270038580173 41.5846958924454, -87.527068486561 41.5845334032958, -87.5277470862707 41.5826531717076, -87.5278117148145 41.582490682558, -87.5271654293767 41.5818407259596, -87.5271008008329 41.5817943004883, -87.5267453438421 41.5817246622813, -87.5252912016071 41.5813996839821, -87.5252912016071 41.5813532585108, -87.5252912016071 41.5771053278855, -87.5252912016071 41.5702807836023, -87.525323515879 41.5665435331615, -87.525323515879 41.5634794520548, -87.525323515879 41.5614135185813, -87.525323515879 41.558860117659, -87.5254204586947 41.5575369917266, -87.5254204586947 41.5573512898413, -87.5253881444228 41.5513159785705, -87.5254204586947 41.5502946182015, -87.5292981713214 41.5504106818798, -87.5254850872385 41.5486929394412, -87.5283933717085 41.5486000884986, -87.5295889997684 41.5489947050048, -87.5295889997684 41.5477644300149, -87.5295889997684 41.5473930262444, -87.5254204586947 41.5475090899227, -87.5254204586947 41.547485877187, -87.5254204586947 41.5456520710701, -87.5254204586947 41.5429129682626, -87.5254527729666 41.5398953126272, -87.525614344326 41.5283353702699, -87.525614344326 41.5265479896243, -87.525614344326 41.5184931703513, -87.525614344326 41.5174485972467, -87.525614344326 41.5174021717754, -87.5293627998651 41.5174021717754, -87.529395114137 41.5174021717754, -87.529395114137 41.5210929967449, -87.5300090853029 41.5229035901261, -87.5312047133628 41.5229035901261, -87.5312047133628 41.5246909707717, -87.5294274284089 41.5246909707717, -87.5292981713214 41.5246909707717, -87.5292981713214 41.5282889447986, -87.5294920569527 41.5282889447986, -87.5297182568559 41.5282889447986, -87.5317863702568 41.5282889447986, -87.5338544836577 41.5282889447986, -87.535825654243 41.5282889447986, -87.5368920252153 41.5282889447986, -87.536988968031 41.5375972517971, -87.5391863385194 41.5375044008545, -87.5391863385194 41.5414041404449, -87.5402850237636 41.5411023748813, -87.5439042222152 41.5410095239387, -87.5438072793995 41.5427969045843, -87.5456491928972 41.5427969045843, -87.5503993908649 41.5427969045843, -87.5490098771737 41.5434004357114, -87.548912934358 41.5478108554862, -87.5491068199894 41.5544032724129, -87.5480081347451 41.5550996544826, -87.5453906787221 41.5541015068493, -87.5452937359065 41.5557031856097, -87.5491068199894 41.5554942709887, -87.5490098771737 41.5574905662553, -87.5549880174732 41.5574905662553, -87.5549880174732 41.5574673535196, -87.5548910746575 41.5538925922284, -87.5587041587404 41.5537068903432, -87.5587041587404 41.5574441407839, -87.5587041587404 41.5574905662553, -87.5733102096343 41.5574905662553, -87.5733102096343 41.5583958629459, -87.5765093225513 41.5583958629459, -87.5765093225513 41.5574905662553, -87.5782219789614 41.5574673535196, -87.5816149775097 41.5573977153126, -87.5817119203254 41.5538925922284, -87.5829075483853 41.5538925922284, -87.583004491201 41.5574905662553, -87.5817119203254 41.5574905662553, -87.5817119203254 41.558999394073, -87.5831014340166 41.5589065431303, -87.583004491201 41.5628991336634, -87.5799992639153 41.5628991336634, -87.5799992639153 41.5610885402821, -87.5767032081826 41.5610885402821, -87.5767032081826 41.5596029252001, -87.5735040952656 41.5593940105791, -87.5735687238094 41.5647329397803, -87.5736010380813 41.5671934897599, -87.5756045229384 41.5674952553235, -87.5755075801227 41.5647329397803, -87.5755075801227 41.5647097270446, -87.5777695791549 41.5647329397803, -87.5806132350812 41.5648025779873, -87.5806132350812 41.5709075274651, -87.5803870351779 41.571998526041, -87.5786097502241 41.5713949949139, -87.5781896646895 41.5738091194222, -87.5782866075052 41.5778017099552, -87.5782866075052 41.5781963264614, -87.5718883816711 41.5781963264614, -87.5719853244868 41.579310537773, -87.5647146133118 41.579310537773, -87.5647146133118 41.5810979184185), (-87.529685942584 41.5504106818798, -87.5295889997684 41.5492036196257, -87.5267130295702 41.5492036196257, -87.529685942584 41.5504106818798), (-87.5672028122472 41.5647329397803, -87.5672997550629 41.5665899586329, -87.5711128391458 41.5680059355079, -87.5707896964269 41.5651971944934, -87.569594068367 41.5647329397803, -87.5694971255514 41.5647097270446, -87.5672028122472 41.5647097270446, -87.5672028122472 41.5647329397803), (-87.5675905835099 41.5707914637868, -87.5696910111827 41.5707914637868, -87.5702080395329 41.5690969340838, -87.5684953831228 41.5689112321986, -87.5683984403071 41.5674952553235, -87.5636159280675 41.5654061091143, -87.5638098136989 41.5699093798318, -87.5645853562242 41.5699093798318, -87.5645853562242 41.57178961142, -87.5655870986528 41.5720913769836, -87.5641006421459 41.5746912033772, -87.5655870986528 41.5746912033772, -87.5655870986528 41.5736002048013, -87.5675905835099 41.5707914637868)))",9
1742795,"Lemont, IL",municipality,"MULTIPOLYGON (((-87.9710988965884 41.6498076159637, -87.9717128677543 41.6509914654822, -87.97180981057 41.6535912918758, -87.962794128713 41.6538002064967, -87.9615985006531 41.6501093815272, -87.9585932733674 41.6502950834125, -87.9484142777223 41.650596848976, -87.9482850206348 41.6485077027669, -87.9508055338421 41.6483916390886, -87.9506116482108 41.6430991353587, -87.9507732195702 41.6430991353587, -87.9515487620956 41.6430759226231, -87.9615985006531 41.6428902207378, -87.9621155290033 41.6447008141191, -87.9614046150217 41.6469988749491, -87.9595950157959 41.6465114075003, -87.9592072445333 41.648298788146, -87.9614046150217 41.648298788146, -87.9615985006531 41.6499933178489, -87.9710988965884 41.6498076159637), (-87.9584963305517 41.646604258443, -87.9558142459849 41.646604258443, -87.9558142459849 41.6473006405127, -87.9583024449204 41.6473934914553, -87.9584963305517 41.646604258443)), ((-87.9317077991557 41.6544037376238, -87.9315139135244 41.6472077895701, -87.934809969257 41.6470917258918, -87.9350038548884 41.6521985277363, -87.935391626151 41.6544965885664, -87.9317077991557 41.6544037376238)), ((-87.9364903113953 41.6508057635969, -87.9413051379067 41.650596848976, -87.9414020807224 41.6541948230029, -87.9395924814966 41.6543108866811, -87.9395924814966 41.6528949098061, -87.9376859394552 41.6530109734843, -87.9378151965427 41.6544037376238, -87.9366841970266 41.6541948230029, -87.9364903113953 41.6508057635969)), ((-87.9414020807224 41.6547055031873, -87.9414990235381 41.657908860708, -87.9368134541142 41.6580017116506, -87.9365872542109 41.6551001196935, -87.9370073397455 41.6547983541299, -87.9414020807224 41.6547055031873)), ((-87.9286056290543 41.6582106262715, -87.9285086862387 41.6567017984538, -87.9318047419714 41.6563071819476, -87.9318047419714 41.6580945625932, -87.9286056290543 41.6582106262715)), ((-87.9338082268285 41.6673100186491, -87.9361025401326 41.6671939549708, -87.9361994829483 41.6688884846738, -87.932192513234 41.6690045483521, -87.9320955704184 41.6654065743252, -87.9320955704184 41.6653601488539, -87.9319986276027 41.6634102790587, -87.9340021124598 41.663595980944, -87.9337112840128 41.665290510647, -87.9337112840128 41.6653369361183, -87.9338082268285 41.6673100186491)), ((-88.0038009397402 41.6845106557711, -88.0003109983761 41.6856945052896, -88.0002140555605 41.6857177180252, -87.9913922593348 41.6858802071748, -87.9871267754454 41.6859730581175, -87.9910044880721 41.6846963576563, -87.9915861449661 41.6846963576563, -87.995108400602 41.6810055326868, -87.9909075452564 41.6823054458836, -87.9909075452564 41.6801930869388, -87.9891948888463 41.6807037671233, -87.9897119171965 41.6817019147565, -87.9813102065054 41.6843945920928, -87.9810840066022 41.685601654347, -87.978789693298 41.6862980364167, -87.9795975500953 41.6872961840499, -87.979371350192 41.6873193967856, -87.9789512646575 41.6873193967856, -87.9783696077635 41.6872961840499, -87.9779818365008 41.6872265458429, -87.9774001796068 41.687087269429, -87.9767215798971 41.6868319293368, -87.9762691800907 41.6866926529228, -87.975590580381 41.6865533765089, -87.9752674376621 41.6865301637732, -87.9746534664962 41.6865533765089, -87.9742010666898 41.6866694401872, -87.9734901527082 41.6869015675437, -87.9726176673672 41.6871336949003, -87.9717774962981 41.6872497585786, -87.9712927822198 41.6872497585786, -87.9708403824133 41.6871801203716, -87.9705172396944 41.6871104821647, -87.9699355828004 41.6869015675437, -87.9693216116345 41.6867622911298, -87.9688368975562 41.6867390783941, -87.9676735837682 41.6867622911298, -87.9666718413396 41.6867390783941, -87.9612430436623 41.6897799467652, -87.9606290724964 41.6900817123288, -87.9584317020079 41.6910334344907, -87.9578500451139 41.6913584127899, -87.9559111888006 41.6928904533433, -87.9556849888974 41.6930297297572, -87.9552972176347 41.6931457934355, -87.9526797616117 41.6936332608843, -87.9519688476301 41.6938189627696, -87.9487374204412 41.6947706849315, -87.9479941921878 41.6950492377594, -87.9476710494689 41.695211726909, -87.9472186496624 41.6955134924725, -87.9450859077178 41.6970919584972, -87.9415959663538 41.696906256612, -87.939204710234 41.6988097009358, -87.9393985958653 41.7002953160179, -87.9374920538238 41.7011077617659, -87.9332911984783 41.703196907975, -87.9336143411972 41.701711292893, -87.9368134541142 41.6986007863149, -87.9359086545013 41.6959081089787, -87.9378151965427 41.6959081089787, -87.9375889966395 41.694399281161, -87.9355855117824 41.694399281161, -87.9351977405197 41.6925886877797, -87.9339051696441 41.6910102217551, -87.9308029995428 41.6889907137529, -87.9318047419714 41.6876908005561, -87.9339051696441 41.6884103953615, -87.9338082268285 41.6871104821646, -87.9327095415842 41.6871104821647, -87.9325156559529 41.6834892954021, -87.9352946833354 41.6837910609657, -87.9369103969298 41.6827000623898, -87.9372012253768 41.6882943316832, -87.9378151965427 41.6888050118676, -87.939786367128 41.6888050118676, -87.939786367128 41.6905923925132, -87.9390108246026 41.6907084561915, -87.9391077674183 41.6937028990913, -87.9428885372293 41.6934939844704, -87.9427915944136 41.6923101349519, -87.9427915944136 41.6882014807405, -87.9497068485979 41.6876908005561, -87.9521950475334 41.6872033331073, -87.9526151330679 41.6899888613861, -87.9547155607407 41.6930065170216, -87.9551033320034 41.6928904533433, -87.9530029043306 41.6898031595009, -87.9614046150217 41.6865998019802, -87.9660901844456 41.6865069510376, -87.9685137548373 41.6852998887834, -87.9717128677543 41.6843945920928, -87.9716159249387 41.6830018279533, -87.9700002113442 41.6833035935169, -87.9699032685285 41.6816090638139, -87.9714866678511 41.6813072982504, -87.9711958394041 41.6762004964058, -87.9754936375654 41.6761076454632, -87.9762045515469 41.6752951997152, -87.9760106659156 41.6688884846738, -87.9764953799939 41.6674028695918, -87.972391467464 41.6654994252679, -87.9709050109571 41.6662886582802, -87.9684814405654 41.6645477031059, -87.9683844977498 41.6645012776346, -87.9675766409525 41.6645709158416, -87.9660901844456 41.6647101922555, -87.9661871272613 41.6655922762105, -87.9621155290033 41.6657083398888, -87.9566867313259 41.6697009304218, -87.9566867313259 41.6720918421945, -87.952001161902 41.6722079058728, -87.951710333455 41.6719989912519, -87.9568159884135 41.6680992516615, -87.9552972176347 41.6670082530856, -87.9537138183121 41.6671011040282, -87.9512902479205 41.666706487522, -87.9499976770449 41.667588571477, -87.9476064209251 41.6665904238438, -87.9466046784965 41.6665904238438, -87.9456998788836 41.6651048087617, -87.9470893925749 41.6650583832904, -87.9496099057822 41.6649887450834, -87.9496099057822 41.6650119578191, -87.9496099057822 41.6658940417741, -87.9516133906393 41.6658011908314, -87.9515487620956 41.6649655323478, -87.9514841335518 41.6636888318866, -87.9501915626762 41.6636888318866, -87.9500946198606 41.6623889186898, -87.9513871907361 41.6621103658619, -87.9511933051048 41.6544965885664, -87.9706141825101 41.6541019720602, -87.9707111253258 41.655401885257, -87.9731023814456 41.6553090343144, -87.9738132954271 41.6561911182694, -87.9754936375654 41.6553090343144, -87.9785958076667 41.6534055899905, -87.9826997201966 41.6532895263122, -87.9827966630123 41.6569107130747, -87.9840892338878 41.6567946493965, -87.9839922910722 41.6554947361996, -87.9851879191321 41.6551001196935, -87.9839922910722 41.6551001196935, -87.9839922910722 41.6532895263122, -87.9851879191321 41.6532895263122, -87.9849940335007 41.6502022324698, -87.9862866043763 41.6501093815272, -87.9864158614639 41.6531966753696, -87.9877084323394 41.653103824427, -87.9876114895237 41.6499004669063, -87.9914892021504 41.6492040848366, -87.9911983737034 41.6472077895701, -87.9920062305006 41.6472077895701, -87.9928140872979 41.648902319273, -87.9926848302103 41.6499933178489, -87.9947852578831 41.6499004669063, -87.9947852578831 41.6512003801031, -87.9923940017633 41.6512932310457, -87.9923940017633 41.6530109734843, -87.995399229049 41.6528949098061, -87.9954961718647 41.6548912050726, -87.9966917999246 41.6547983541299, -87.9973057710905 41.6538930574393, -87.9995031415789 41.6534055899905, -87.9992123131319 41.6447936650617, -87.9993738844914 41.6446543886478, -88.0025083688646 41.6420081367829, -88.0025406831365 41.6419617113115, -88.0034131684775 41.6419384985759, -88.0052873962471 41.6419152858402, -88.0052873962471 41.6436098155432, -88.0067092242102 41.6436098155432, -88.0070969954728 41.6450025796826, -88.0023144832333 41.6456061108097, -88.0013127408047 41.6465114075003, -88.0014096836204 41.6479041716398, -88.0031869685743 41.6492040848366, -88.0027022544959 41.6511075291605, -88.0024114260489 41.6554947361997, -88.0036070541088 41.6564000328903, -88.00619219586 41.6563071819477, -88.00619219586 41.6544037376238, -88.0070000526572 41.6544037376238, -88.0069031098415 41.6492040848366, -88.0065153385789 41.6473934914553, -88.0083895663484 41.6473006405127, -88.0101991655742 41.6465114075003, -88.0103930512055 41.6479041716398, -88.0091974231456 41.6479041716398, -88.0092943659613 41.6491112338939, -88.0122026504313 41.6491112338939, -88.0141091924728 41.6499933178489, -88.0143030781041 41.6560982673267, -88.0167912770396 41.6561911182694, -88.0166943342239 41.6541019720602, -88.0190855903437 41.6554947361997, -88.0201842755879 41.6544965885664, -88.0177930194681 41.6541948230029, -88.0166943342239 41.6530109734843, -88.0151109349013 41.6489951702157, -88.0279073865694 41.6488094683304, -88.0280043293851 41.651409294724, -88.0239004168551 41.6515021456666, -88.0239973596708 41.6551929706361, -88.0281012722007 41.6551929706361, -88.0282628435602 41.660346197952, -88.0283597863758 41.663526342737, -88.0283597863758 41.6638048955649, -88.0283921006477 41.6649887450834, -88.0269056441408 41.6662886582802, -88.0262916729749 41.6651048087617, -88.0239004168551 41.6621103658619, -88.0237065312238 41.6561911182694, -88.0167912770396 41.6563071819477, -88.0167912770396 41.6573981805235, -88.0193117902469 41.6592087739048, -88.021896931998 41.6618086002984, -88.0214122179197 41.6622960677472, -88.0239004168551 41.6649887450834, -88.0251929877307 41.6651976597043, -88.0262916729749 41.666706487522, -88.0252899305464 41.6671011040282, -88.0239973596708 41.6657083398888, -88.0217999891824 41.6661958073376, -88.0177930194681 41.6681921026041, -88.0183100478183 41.6693991648583, -88.0174052482054 41.6704901634342, -88.0207013039381 41.6706990780551, -88.0284890434634 41.6676117842127, -88.0284890434634 41.6678671243049, -88.0284890434634 41.6687027827886, -88.0232864456893 41.6706990780551, -88.021606103551 41.6715115238031, -88.0166943342239 41.6732989044487, -88.0143030781041 41.6739952865184, -88.0100052799429 41.6746916685881, -88.0101022227585 41.6761076454632, -88.0285536720072 41.6701187596636, -88.0285859862791 41.6713954601248, -88.0285859862791 41.6725096714363, -88.0132043928599 41.6775004096026, -88.0019913405144 41.6812840855147, -87.9993092559476 41.6821893822053, -88.0023144832333 41.6819108293775, -88.0024114260489 41.6819108293775, -88.0035101112932 41.6839303373796, -88.0038009397402 41.6845106557711), (-87.9918123448693 41.6512932310457, -87.9905844025376 41.6512932310457, -87.9905844025376 41.653103824427, -87.9923940017633 41.6530109734843, -87.9918123448693 41.6512932310457), (-87.9989861132287 41.6560054163841, -87.9974027139061 41.6554947361996, -87.9974027139061 41.6567017984538, -87.9989861132287 41.6560054163841), (-87.9630849571599 41.6583034772142, -87.9658962988143 41.6582106262715, -87.9658962988143 41.6592087739048, -87.9630849571599 41.6592087739048, -87.9632142142475 41.6618086002984, -87.9644098423074 41.6625978333107, -87.9656377846392 41.6617621748271, -87.96599324163 41.6615068347348, -87.9678028408558 41.6625978333107, -87.9692892973626 41.664408426692, -87.9700971541599 41.6645012776346, -87.9675120124088 41.6612979201139, -87.9675766409525 41.6603229852163, -87.9676089552244 41.6600908578598, -87.9721975818327 41.6571892659026, -87.9630849571599 41.6573981805235, -87.9630849571599 41.6583034772142), (-87.9539077039435 41.6626906842534, -87.9539077039435 41.6648030431982, -87.9563959028789 41.6647101922555, -87.9562989600633 41.6629924498169, -87.9587871589987 41.6629924498169, -87.958690216183 41.6612050691713, -87.9543924180218 41.6612979201139, -87.9539077039435 41.6626906842534), (-87.9858988331136 41.67970561949, -87.9858988331136 41.6784985572359, -87.9816979777681 41.67970561949, -87.9831844342749 41.6806109161807, -87.9858988331136 41.67970561949), (-87.9795006072796 41.6782896426149, -87.9788866361137 41.6797984704327, -87.9763014943626 41.6804020015598, -87.9765923228096 41.6813072982504, -87.9810840066022 41.6798913213753, -87.9810840066022 41.6790092374203, -87.982311948934 41.6782896426149, -87.9816010349524 41.6778950261088, -87.9795006072796 41.6782896426149), (-87.9382999106211 41.6960009599213, -87.9410143094597 41.696093810864, -87.9428885372293 41.6943064302184, -87.9381060249897 41.694399281161, -87.9382999106211 41.6960009599213)), ((-88.0039948253715 41.6857409307609, -88.0036716826526 41.6857177180252, -88.0037039969245 41.6856945052896, -88.0040271396434 41.6849052722772, -88.0041887110028 41.6845106557711, -88.0049319392563 41.6856480798183, -88.0044472251779 41.6856712925539, -88.0039948253715 41.6857409307609)), ((-87.9544247322937 41.6866926529228, -87.9600151013305 41.6865998019802, -87.9552972176347 41.6882943316832, -87.9537138183121 41.6882014807406, -87.9535845612246 41.6869944184864, -87.9543924180218 41.6866926529228, -87.9544247322937 41.6866926529228)), ((-87.9421776232477 41.7023380367557, -87.9420806804321 41.7027094405262, -87.9417898519851 41.7030344188255, -87.9414990235381 41.7032433334464, -87.9410466237316 41.7034522480673, -87.940658852469 41.7036147372169, -87.9406265381971 41.7036147372169, -87.9405942239252 41.7035915244812, -87.9394955386809 41.7019898457209, -87.942112994704 41.7005970815815, -87.9421453089759 41.7005738688458, -87.9419837376164 41.7010613362946, -87.9419837376164 41.7012470381799, -87.9420160518883 41.7017809311, -87.9421776232477 41.7023380367557)))",9
7,Lincoln Park,community area,"MULTIPOLYGON (((-87.63182 41.93259, -87.63182 41.93245, -87.63128 41.93243, -87.63085 41.93218, -87.63074 41.93199, -87.63067 41.93178, -87.6307 41.93161, -87.63079 41.9314, -87.63095 41.93082, -87.631 41.93042, -87.63101 41.93009, -87.63096 41.92965, -87.63083 41.92902, -87.63069 41.92861, -87.6304 41.92809, -87.63061 41.92801, -87.63033 41.92764, -87.63003 41.92735, -87.62979 41.92709, -87.62964 41.92681, -87.6296 41.92659, -87.62963 41.92623, -87.62971 41.9261, -87.62988 41.92617, -87.63018 41.9259, -87.63027 41.92576, -87.63027 41.92544, -87.63019 41.92469, -87.63008 41.92405, -87.6299 41.92349, -87.62958 41.92321, -87.62927 41.92301, -87.629 41.92276, -87.62838 41.92313, -87.62834 41.92308, -87.62927 41.92253, -87.62949 41.92245, -87.62943 41.9223, -87.62899 41.9217, -87.62885 41.92149, -87.62868 41.9213, -87.62854 41.92104, -87.62776 41.92141, -87.6277 41.92137, -87.62876 41.92087, -87.62893 41.92083, -87.62892 41.92074, -87.62868 41.9203, -87.62843 41.91999, -87.62823 41.91984, -87.62796 41.91951, -87.62735 41.91981, -87.62733 41.91976, -87.62837 41.91925, -87.62841 41.91915, -87.62815 41.91881, -87.62789 41.91854, -87.62749 41.91823, -87.62735 41.91801, -87.62683 41.91831, -87.6268 41.91826, -87.62786 41.91765, -87.62791 41.91761, -87.62758 41.91722, -87.62708 41.91685, -87.62671 41.91645, -87.62609 41.91685, -87.62604 41.9168, -87.62681 41.9163, -87.62663 41.91614, -87.62629 41.91577, -87.62609 41.91564, -87.6258 41.91554, -87.62564 41.91538, -87.62545 41.91523, -87.62501 41.91484, -87.62455 41.91456, -87.62402 41.91419, -87.62354 41.91396, -87.62327 41.91382, -87.62291 41.91369, -87.62243 41.91358, -87.62173 41.91354, -87.62109 41.91361, -87.62077 41.91378, -87.62059 41.9138, -87.62052 41.91372, -87.62044 41.9135, -87.62026 41.91379, -87.6202 41.91398, -87.6202 41.91451, -87.62014 41.91451, -87.62013 41.91407, -87.62017 41.91387, -87.62029 41.9136, -87.62044 41.91342, -87.62078 41.91319, -87.62126 41.91301, -87.62159 41.91294, -87.62209 41.91291, -87.62263 41.9128, -87.62303 41.91264, -87.62329 41.91248, -87.62446 41.91158, -87.62471 41.91157, -87.6264 41.91138, -87.62657 41.91168, -87.6269 41.91132, -87.62717 41.91126, -87.63101 41.9112, -87.63138 41.91121, -87.63197 41.91117, -87.63505 41.91117, -87.63685 41.91115, -87.64222 41.91107, -87.64306 41.91105, -87.64362 41.91101, -87.64498 41.91098, -87.64879 41.91092, -87.65578 41.9108, -87.65686 41.91079, -87.65693 41.91109, -87.65741 41.91237, -87.6576 41.91282, -87.65772 41.91344, -87.65786 41.91382, -87.65808 41.91412, -87.65865 41.91472, -87.65923 41.91516, -87.65987 41.91546, -87.66027 41.91572, -87.66074 41.91598, -87.66093 41.91613, -87.66117 41.91619, -87.66133 41.91619, -87.66207 41.91593, -87.66265 41.9156, -87.66303 41.9155, -87.66362 41.91563, -87.66377 41.91569, -87.6639 41.9159, -87.66422 41.91681, -87.6643 41.91713, -87.66445 41.91756, -87.66475 41.918, -87.66496 41.91816, -87.66543 41.9186, -87.66572 41.91894, -87.66646 41.92004, -87.66734 41.92089, -87.66768 41.92135, -87.6681 41.92204, -87.66837 41.92218, -87.66893 41.92229, -87.66928 41.9224, -87.66951 41.92242, -87.67015 41.92238, -87.67089 41.92239, -87.67111 41.92242, -87.67165 41.92256, -87.67216 41.92282, -87.67297 41.92341, -87.67346 41.92379, -87.67377 41.92401, -87.67426 41.9244, -87.67442 41.92464, -87.67446 41.92485, -87.67451 41.92596, -87.67455 41.92615, -87.67475 41.92644, -87.67494 41.92667, -87.67583 41.92724, -87.67652 41.9276, -87.6772 41.92785, -87.67779 41.92803, -87.67829 41.92813, -87.67971 41.92847, -87.67984 41.92862, -87.67995 41.92887, -87.6804 41.92981, -87.68047 41.92994, -87.6808 41.93065, -87.68129 41.93094, -87.68215 41.93141, -87.68284 41.93216, -87.68284 41.93224, -87.67594 41.93232, -87.67336 41.93235, -87.67035 41.93239, -87.66707 41.93243, -87.66336 41.93249, -87.65951 41.93255, -87.65717 41.93259, -87.65472 41.93263, -87.65094 41.9327, -87.64987 41.93271, -87.64006 41.93291, -87.63809 41.93294, -87.63735 41.93294, -87.63624 41.93286, -87.63472 41.93281, -87.63447 41.93293, -87.63424 41.933, -87.63393 41.93302, -87.63393 41.93292, -87.63282 41.93294, -87.63256 41.93264, -87.63244 41.9326, -87.632 41.93261, -87.63182 41.93259)))",9
4,Lincoln Square,community area,"MULTIPOLYGON (((-87.67441 41.97611, -87.67435 41.97423, -87.67434 41.97347, -87.67429 41.97328, -87.67425 41.9719, -87.67419 41.97026, -87.67421 41.97005, -87.6741 41.96635, -87.67408 41.96508, -87.67402 41.96326, -87.67398 41.96154, -87.67736 41.96148, -87.67861 41.96147, -87.68093 41.96144, -87.68315 41.96141, -87.68643 41.96135, -87.68893 41.96132, -87.69475 41.96128, -87.69493 41.96174, -87.69516 41.96218, -87.69548 41.96294, -87.69562 41.96319, -87.69597 41.96357, -87.69605 41.96369, -87.69667 41.9643, -87.69704 41.96473, -87.69729 41.96492, -87.69793 41.96554, -87.69831 41.9659, -87.69847 41.96609, -87.69902 41.96663, -87.69911 41.96674, -87.69949 41.96709, -87.69987 41.96748, -87.70011 41.96766, -87.70073 41.96826, -87.70108 41.96853, -87.70144 41.96895, -87.70154 41.96921, -87.70188 41.96955, -87.70202 41.96963, -87.70256 41.97024, -87.70306 41.97099, -87.70322 41.97125, -87.70357 41.97196, -87.70376 41.97269, -87.70382 41.97306, -87.70404 41.97356, -87.70421 41.97402, -87.70446 41.97487, -87.70449 41.97521, -87.70459 41.97538, -87.70464 41.97562, -87.70471 41.97571, -87.70473 41.97586, -87.70483 41.97615, -87.70487 41.97646, -87.70517 41.97741, -87.70534 41.97806, -87.70536 41.97819, -87.70551 41.97866, -87.70565 41.979, -87.70591 41.97984, -87.70596 41.97993, -87.70608 41.98046, -87.7062 41.98072, -87.70625 41.98096, -87.70636 41.9812, -87.7065 41.98177, -87.70666 41.98214, -87.70672 41.98245, -87.7069 41.98309, -87.70234 41.98312, -87.69852 41.98313, -87.69446 41.98316, -87.68945 41.98318, -87.68946 41.98408, -87.68961 41.98882, -87.68967 41.99051, -87.68685 41.99056, -87.68051 41.99067, -87.67676 41.99073, -87.67485 41.99077, -87.67471 41.99077, -87.6746 41.9868, -87.6747 41.98654, -87.67461 41.98348, -87.67459 41.98238, -87.67451 41.97982, -87.67442 41.97969, -87.67437 41.97802, -87.67446 41.97783, -87.67441 41.97611)))",9
1743744,"Lincolnwood, IL",municipality,"MULTIPOLYGON (((-87.7617993575631 42.0045910677472, -87.7559827886231 42.0045910677472, -87.7505863052176 42.0045910677472, -87.7505539909457 42.0053803007595, -87.7501985339549 42.0109977827886, -87.7502954767706 42.014688607758, -87.7502954767706 42.0154082025634, -87.7502631624987 42.0154082025634, -87.7453190788997 42.0153153516208, -87.7448989933651 42.0152921388851, -87.7446081649181 42.0153153516208, -87.7438326223928 42.0153849898278, -87.7435094796739 42.0154082025634, -87.7290973144114 42.0154082025634, -87.7237977738216 42.0154082025634, -87.7236362024621 42.0154082025634, -87.7236038881902 42.0154082025634, -87.7237008310059 42.0118102285366, -87.709094780112 42.0119030794792, -87.709094780112 42.0118566540079, -87.7091270943839 42.0110209955242, -87.7091917229277 42.0105103153398, -87.7092886657434 42.0069123413129, -87.709385608559 42.0038946856775, -87.709385608559 41.9973951196935, -87.7134895210889 41.9973254814865, -87.7140388637111 41.9973022687509, -87.716979462453 41.9972790560152, -87.7192091472133 41.9972790560152, -87.7264475441165 41.9972558432795, -87.72890342878 41.9972558432795, -87.7323287416003 41.9972326305439, -87.7359479400518 41.9972326305439, -87.7390177958813 41.9972558432795, -87.7483243061854 41.9972790560152, -87.7528806185217 41.9973022687509, -87.7529129327936 41.9973022687509, -87.7531714469687 41.9974415451648, -87.7549810461945 41.9983004163841, -87.7563705598857 41.9989503729825, -87.7566290740608 41.9990432239251, -87.7575338736737 41.9994842659026, -87.7614439005723 42.0013180720195, -87.7622840716414 42.0016894757901, -87.7619609289225 42.0026644106877, -87.7618639861068 42.0035464946426, -87.761831671835 42.0044982168046, -87.7617993575631 42.0045910677472)))",9
22,Logan Square,community area,"MULTIPOLYGON (((-87.68284 41.93224, -87.68284 41.93216, -87.68215 41.93141, -87.68129 41.93094, -87.6808 41.93065, -87.68047 41.92994, -87.6804 41.92981, -87.67995 41.92887, -87.67984 41.92862, -87.67971 41.92847, -87.67829 41.92813, -87.67779 41.92803, -87.6772 41.92785, -87.67652 41.9276, -87.67583 41.92724, -87.67494 41.92667, -87.67475 41.92644, -87.67455 41.92615, -87.67451 41.92596, -87.67446 41.92485, -87.67442 41.92464, -87.67426 41.9244, -87.67377 41.92401, -87.67346 41.92379, -87.67297 41.92341, -87.67216 41.92282, -87.67165 41.92256, -87.67111 41.92242, -87.67089 41.92239, -87.67015 41.92238, -87.66951 41.92242, -87.66928 41.9224, -87.66893 41.92229, -87.66837 41.92218, -87.6681 41.92204, -87.66768 41.92135, -87.66734 41.92089, -87.66646 41.92004, -87.66572 41.91894, -87.66543 41.9186, -87.66496 41.91816, -87.66475 41.918, -87.66445 41.91756, -87.6643 41.91713, -87.66422 41.91681, -87.6639 41.9159, -87.66377 41.91569, -87.66362 41.91563, -87.66381 41.91551, -87.66594 41.91458, -87.66621 41.91449, -87.66681 41.91435, -87.66744 41.91429, -87.6678 41.91431, -87.66793 41.91428, -87.66901 41.91426, -87.67023 41.9143, -87.6757 41.91421, -87.67633 41.91419, -87.67755 41.91418, -87.67756 41.91473, -87.67974 41.91469, -87.68245 41.91463, -87.68242 41.91359, -87.68315 41.91407, -87.68714 41.91401, -87.68751 41.914, -87.69116 41.91397, -87.69709 41.91392, -87.6971 41.91401, -87.69799 41.91401, -87.69824 41.91396, -87.70163 41.91393, -87.70198 41.91393, -87.70233 41.91393, -87.70233 41.91383, -87.70686 41.91378, -87.70702 41.91367, -87.70754 41.91367, -87.71489 41.91358, -87.71666 41.91356, -87.71666 41.91365, -87.71788 41.91365, -87.71825 41.91367, -87.71888 41.91368, -87.721 41.91366, -87.72134 41.91368, -87.72235 41.91365, -87.72314 41.91539, -87.72406 41.91538, -87.72411 41.91688, -87.72422 41.91721, -87.72391 41.91721, -87.72406 41.91744, -87.72488 41.91903, -87.72661 41.919, -87.7267 41.92189, -87.72708 41.92266, -87.72644 41.92266, -87.72669 41.92315, -87.72674 41.92332, -87.72677 41.92449, -87.7277 41.92448, -87.72957 41.92809, -87.73004 41.92901, -87.73146 41.93174, -87.72898 41.93177, -87.72665 41.93181, -87.72534 41.93182, -87.72289 41.93185, -87.71888 41.9319, -87.71664 41.93193, -87.715 41.93194, -87.71415 41.93196, -87.71273 41.93197, -87.71225 41.93199, -87.71127 41.93199, -87.70784 41.93204, -87.70706 41.93204, -87.70464 41.93205, -87.70352 41.93206, -87.69853 41.9321, -87.69662 41.93211, -87.69636 41.93211, -87.69428 41.93213, -87.69376 41.93214, -87.69319 41.93214, -87.69119 41.93215, -87.69014 41.93216, -87.68886 41.93217, -87.68788 41.93219, -87.68792 41.93259, -87.68797 41.93552, -87.68799 41.93611, -87.68767 41.93591, -87.6874 41.93563, -87.68703 41.93528, -87.68692 41.93514, -87.68683 41.93492, -87.6866 41.93468, -87.68597 41.93404, -87.68549 41.93381, -87.68526 41.9338, -87.68506 41.9337, -87.68466 41.93368, -87.68427 41.93363, -87.68353 41.93345, -87.68341 41.93335, -87.68306 41.93277, -87.68284 41.93234, -87.68284 41.93224)))",9
32,Loop,community area,"MULTIPOLYGON (((-87.60949 41.88941, -87.60949 41.8894, -87.60769 41.88938, -87.60765 41.88868, -87.60751 41.88865, -87.60544 41.88868, -87.6052 41.88873, -87.60515 41.88869, -87.60474 41.88869, -87.60473 41.88858, -87.60513 41.88857, -87.60521 41.88846, -87.60513 41.88836, -87.60252 41.8884, -87.60252 41.88828, -87.60541 41.88823, -87.60781 41.88819, -87.60985 41.88798, -87.60988 41.8878, -87.60988 41.88717, -87.60994 41.8871, -87.60996 41.88527, -87.60998 41.88481, -87.60997 41.88437, -87.60999 41.88409, -87.61274 41.88407, -87.61276 41.88369, -87.61291 41.88336, -87.61303 41.88322, -87.61338 41.88295, -87.61371 41.88277, -87.61422 41.8826, -87.61467 41.88253, -87.61546 41.8825, -87.61579 41.88245, -87.616 41.88237, -87.61624 41.88222, -87.61643 41.88197, -87.61651 41.88174, -87.6165 41.88142, -87.61575 41.88143, -87.61572 41.88058, -87.61648 41.88057, -87.61646 41.87979, -87.61637 41.87979, -87.61634 41.87784, -87.6163 41.87783, -87.61624 41.87703, -87.61619 41.87602, -87.61618 41.87498, -87.61619 41.87464, -87.61624 41.87378, -87.6162 41.87198, -87.61628 41.87198, -87.61623 41.87172, -87.61627 41.87157, -87.61621 41.86891, -87.61586 41.86876, -87.61557 41.86855, -87.61535 41.86831, -87.6166 41.86818, -87.61854 41.868, -87.61896 41.86751, -87.61921 41.86755, -87.6204 41.86752, -87.62318 41.86749, -87.62564 41.86744, -87.62631 41.86744, -87.62886 41.8674, -87.62994 41.86739, -87.63362 41.86733, -87.63473 41.86732, -87.63481 41.86803, -87.63496 41.86899, -87.63507 41.86995, -87.63518 41.87062, -87.63544 41.87198, -87.63554 41.87239, -87.63587 41.87398, -87.63593 41.87415, -87.63607 41.87468, -87.63629 41.87521, -87.63635 41.87529, -87.63683 41.87575, -87.63707 41.87604, -87.63733 41.87648, -87.63743 41.8767, -87.63766 41.87732, -87.63777 41.87812, -87.63786 41.87845, -87.6381 41.87908, -87.63811 41.87942, -87.6382 41.87978, -87.63828 41.88038, -87.63829 41.88103, -87.63826 41.88156, -87.63822 41.88177, -87.63823 41.88213, -87.63814 41.8832, -87.63808 41.88339, -87.63792 41.88431, -87.63788 41.88472, -87.63776 41.88559, -87.63765 41.88608, -87.63759 41.88624, -87.63744 41.88643, -87.63727 41.88657, -87.63684 41.88682, -87.63598 41.88735, -87.6358 41.88744, -87.63562 41.88746, -87.63484 41.88748, -87.63427 41.88753, -87.63377 41.88754, -87.63337 41.88749, -87.63223 41.88749, -87.63126 41.88746, -87.63078 41.88744, -87.62928 41.88743, -87.62824 41.88746, -87.62762 41.88752, -87.62726 41.88767, -87.62636 41.88825, -87.62599 41.88852, -87.62566 41.88869, -87.62509 41.88892, -87.62444 41.88888, -87.62403 41.88883, -87.62386 41.8889, -87.62361 41.88892, -87.62271 41.88885, -87.6212 41.88867, -87.61908 41.88844, -87.61801 41.88832, -87.61726 41.88834, -87.61692 41.88836, -87.61585 41.8884, -87.61527 41.88843, -87.61397 41.88842, -87.61255 41.88964, -87.61259 41.89017, -87.61271 41.89024, -87.61441 41.89023, -87.61732 41.89019, -87.61868 41.89017, -87.61987 41.89018, -87.61987 41.89048, -87.61868 41.89044, -87.61795 41.89044, -87.61785 41.89054, -87.61733 41.89052, -87.61703 41.89052, -87.61651 41.89045, -87.61606 41.89046, -87.61606 41.89051, -87.61555 41.89055, -87.61441 41.89057, -87.61441 41.89041, -87.61362 41.89046, -87.61356 41.89059, -87.61144 41.89064, -87.61137 41.88975, -87.61123 41.88932, -87.60955 41.88932, -87.60949 41.88941)))",9
31,Lower West Side,community area,"MULTIPOLYGON (((-87.63516 41.85773, -87.63532 41.85724, -87.63549 41.85695, -87.63616 41.8563, -87.63698 41.85568, -87.63748 41.85534, -87.63844 41.85489, -87.63904 41.85458, -87.63939 41.85429, -87.63965 41.85396, -87.63987 41.8536, -87.64034 41.853, -87.64115 41.8518, -87.64218 41.85046, -87.64264 41.85003, -87.64332 41.8497, -87.644 41.84952, -87.64489 41.84943, -87.64585 41.84939, -87.6468 41.84922, -87.64759 41.84895, -87.64864 41.84862, -87.64964 41.84841, -87.651 41.84832, -87.65158 41.84819, -87.65258 41.84801, -87.65312 41.84796, -87.6575 41.84718, -87.6586 41.84727, -87.66072 41.84573, -87.66077 41.84585, -87.66164 41.84536, -87.66252 41.84492, -87.66345 41.84451, -87.66378 41.8443, -87.66389 41.84411, -87.66431 41.84281, -87.66495 41.84173, -87.66497 41.84163, -87.66484 41.84125, -87.66457 41.84077, -87.66453 41.84044, -87.66457 41.83989, -87.66454 41.83957, -87.66429 41.83908, -87.66576 41.83823, -87.66614 41.83804, -87.66698 41.83767, -87.66763 41.83748, -87.66824 41.83733, -87.66878 41.83724, -87.66926 41.83719, -87.67004 41.83715, -87.67056 41.83715, -87.67056 41.83736, -87.67088 41.83735, -87.67458 41.83728, -87.67676 41.83723, -87.67873 41.83719, -87.67945 41.83714, -87.68013 41.83704, -87.68045 41.83698, -87.68144 41.83669, -87.68458 41.83572, -87.68685 41.83499, -87.6874 41.83481, -87.68746 41.83492, -87.68751 41.83682, -87.68749 41.83703, -87.68756 41.8448, -87.68779 41.84838, -87.68787 41.85202, -87.68791 41.85335, -87.68798 41.85509, -87.68802 41.8569, -87.68803 41.85698, -87.68802 41.8571, -87.68807 41.85935, -87.68742 41.85935, -87.68583 41.85938, -87.68581 41.85843, -87.68482 41.85862, -87.68132 41.85889, -87.67857 41.85905, -87.67785 41.85913, -87.67605 41.85943, -87.67427 41.85956, -87.6736 41.85953, -87.67308 41.85952, -87.67134 41.85954, -87.66981 41.85958, -87.66591 41.85962, -87.66036 41.85971, -87.65036 41.85987, -87.64522 41.85994, -87.64476 41.85996, -87.64336 41.85997, -87.64125 41.86, -87.64051 41.86, -87.63901 41.86003, -87.63894 41.85768, -87.63777 41.85769, -87.63602 41.85774, -87.63516 41.85773)))",9
1745421,"Lynwood, IL",municipality,"MULTIPOLYGON (((-87.583004491201 41.5284978594195, -87.5824551485789 41.5285442848908, -87.5778988362425 41.5288924759257, -87.5778988362425 41.5271050952801, -87.5729870669154 41.5271979462227, -87.5729870669154 41.5330939810796, -87.5776080077955 41.5330939810796, -87.5777049506112 41.5311905367557, -87.5788036358554 41.5311905367557, -87.579805378284 41.5326065136308, -87.5807101778968 41.5310976858131, -87.5824874628507 41.5310280476061, -87.583295319648 41.5310048348705, -87.5839092908139 41.5323975990099, -87.5834892052793 41.5336975122067, -87.5845878905235 41.5342081923912, -87.5831014340166 41.5362973386003, -87.5831983768323 41.5388971649939, -87.5825844056664 41.5388971649939, -87.5732132668186 41.5389900159365, -87.573084009731 41.5375972517971, -87.5694001827357 41.5375972517971, -87.5694971255514 41.5427040536417, -87.5598028439846 41.5428897555269, -87.557088445146 41.5427969045843, -87.5503993908649 41.5427969045843, -87.5456491928972 41.5427969045843, -87.5438072793995 41.5427969045843, -87.5439042222152 41.5410095239387, -87.5402850237636 41.5411023748813, -87.5391863385194 41.5414041404449, -87.5391863385194 41.5375044008545, -87.536988968031 41.5375972517971, -87.5368920252153 41.5282889447986, -87.535825654243 41.5282889447986, -87.5338544836577 41.5282889447986, -87.5317863702568 41.5282889447986, -87.5297182568559 41.5282889447986, -87.5294920569527 41.5282889447986, -87.5292981713214 41.5282889447986, -87.5292981713214 41.5246909707717, -87.5294274284089 41.5246909707717, -87.5312047133628 41.5246909707717, -87.5312047133628 41.5229035901261, -87.5300090853029 41.5229035901261, -87.529395114137 41.5210929967449, -87.529395114137 41.5174021717754, -87.5293627998651 41.5174021717754, -87.525614344326 41.5174021717754, -87.525614344326 41.5124346463448, -87.5255497157822 41.5085349067544, -87.5255497157822 41.5068171643158, -87.5255497157822 41.5008282785162, -87.5255497157822 41.498878408721, -87.5255497157822 41.4975088573172, -87.5255497157822 41.4969053261902, -87.5255497157822 41.4952572219585, -87.52619600122 41.4947929672454, -87.529395114137 41.4954893493151, -87.5303968565656 41.4966035606266, -87.5303968565656 41.4979034738234, -87.5292981713214 41.4978106228808, -87.5292981713214 41.4992033870202, -87.5387985672567 41.4992033870202, -87.5387985672567 41.4989944723993, -87.5488159915424 41.4989944723993, -87.548912934358 41.5025924464262, -87.5437103365839 41.5025924464261, -87.5437426508558 41.5064689732809, -87.5438072793995 41.510995456734, -87.5431933082337 41.510995456734, -87.5431933082337 41.5167986406483, -87.5426116513397 41.519189552421, -87.5415129660954 41.519189552421, -87.5416099089111 41.5158004930151, -87.5409959377452 41.5154058765089, -87.5409959377452 41.519189552421, -87.5389924528881 41.519189552421, -87.5389924528881 41.5223000589991, -87.5436133937682 41.5223000589991, -87.5436133937682 41.5230892920114, -87.5389924528881 41.5229964410688, -87.5389924528881 41.5245052688865, -87.5463924211507 41.5245981198291, -87.546586306782 41.528196093856, -87.5472002779479 41.528196093856, -87.5474911063949 41.5245981198291, -87.5473941635792 41.5210001458023, -87.548912934358 41.5210001458022, -87.548912934358 41.5196073816628, -87.5472002779479 41.5187949359148, -87.5471033351322 41.5168914915909, -87.5485897916391 41.5173093208328, -87.5534046181506 41.5174021717754, -87.5533076753349 41.5138041977485, -87.5534046181506 41.5148951963244, -87.5582840732058 41.5148951963244, -87.5582840732058 41.5158933439577, -87.5630988997173 41.5158004930151, -87.563195842533 41.5138041977486, -87.5680106690445 41.5138041977485, -87.5706927536112 41.5135952831276, -87.5706927536112 41.520884082124, -87.5706927536112 41.5209072948596, -87.5717914388555 41.5209072948596, -87.5717914388555 41.5222072080564, -87.5728901240997 41.5223000589991, -87.5728901240997 41.5241106523803, -87.5680106690445 41.5241106523803, -87.5680106690445 41.5243892052082, -87.5778018934268 41.5242963542656, -87.5778018934268 41.5207912311813, -87.5777049506112 41.5173093208328, -87.5783835503208 41.5172164698901, -87.5785128074084 41.5171932571545, -87.5789005786711 41.5184003194087, -87.5801608352747 41.520814443917, -87.5806132350812 41.5216733151363, -87.5812918347908 41.5229964410688, -87.5818088631411 41.5229964410688, -87.5821966344037 41.523994588702, -87.5873022893622 41.523994588702, -87.5873022893622 41.5246909707717, -87.5823905200351 41.5246909707717, -87.583004491201 41.5284978594195), (-87.5778988362425 41.5264087132104, -87.5729870669154 41.5262926495321, -87.5729870669154 41.5267104787739, -87.5778988362425 41.5264087132104), (-87.5686892687541 41.5298906235589, -87.5686892687541 41.5320958334464, -87.5725992956527 41.5317940678828, -87.5725992956527 41.5294031561101, -87.56930323992 41.5281032429133, -87.5686892687541 41.5298906235589), (-87.5681076118601 41.5375972517971, -87.5684953831228 41.5375972517971, -87.5684953831228 41.5320958334464, -87.5681076118601 41.5320958334464, -87.5681076118601 41.5375972517971)))",9
1745434,"Lyons, IL",municipality,"MULTIPOLYGON (((-87.8316951276591 41.8206069249288, -87.8318890132904 41.8191909480537, -87.8319536418342 41.8186338423979, -87.8319859561061 41.8184017150414, -87.8319859561061 41.8183552895701, -87.8319859561061 41.8183088640987, -87.8317920704747 41.8181463749491, -87.830564128143 41.8173339292011, -87.8304994995992 41.8173107164655, -87.8304671853273 41.8172875037298, -87.8279143578481 41.8165911216601, -87.8260078158066 41.8173107164655, -87.8253938446407 41.819307011732, -87.821806960461 41.8210479669063, -87.8217100176454 41.8210943923776, -87.8212899321108 41.8209086904923, -87.8210637322076 41.8209086904923, -87.8161196486086 41.8210247541706, -87.812500450157 41.8210943923776, -87.8103030796685 41.821001541435, -87.8051327961663 41.8228353475519, -87.8027092257746 41.8236942187712, -87.8026445972308 41.8221157527465, -87.8026122829589 41.8211408178489, -87.8026122829589 41.8210943923776, -87.8025476544152 41.8200962447443, -87.8024830258714 41.8187266933406, -87.8024183973276 41.8175196310864, -87.8020952546087 41.8105093849179, -87.8020952546087 41.8103236830327, -87.8020952546087 41.810300470297, -87.8020629403368 41.8089541316289, -87.8020306260649 41.8084898769158, -87.8019336832493 41.804752626475, -87.8018690547055 41.8034527132782, -87.8018044261617 41.8008064614133, -87.8053913103414 41.7992976335956, -87.8161842771523 41.7989030170894, -87.8171860195809 41.7989030170894, -87.81220962171 41.8022920764953, -87.8121126788943 41.8061686033501, -87.8121126788943 41.8061918160857, -87.8160550200648 41.8060989651431, -87.8187694189035 41.8060525396718, -87.8205143895855 41.8060061142005, -87.8210960464795 41.8043115844975, -87.825006073378 41.8043115844975, -87.8253938446407 41.8058900505222, -87.8399029527189 41.8056114976943, -87.8399029527189 41.8056347104299, -87.8400322098065 41.808675578801, -87.8402584097097 41.8147573155432, -87.8403230382535 41.8164518452462, -87.8403876667972 41.8179838857995, -87.8404846096129 41.8204444357792, -87.8404846096129 41.8204908612505, -87.8324060416406 41.8206997758714, -87.8316951276591 41.8206069249288)))",10
1747007,"Markham, IL",municipality,"MULTIPOLYGON (((-87.7171087195405 41.6109030710023, -87.7074144379738 41.6110887728876, -87.7076083236051 41.6157545327547, -87.7078991520521 41.622091609589, -87.7046030963195 41.6221380350604, -87.6982048704854 41.6222076732673, -87.6952642717435 41.6223237369456, -87.6932931011583 41.6223933751526, -87.6931961583426 41.620605994507, -87.6931961583426 41.6187025501831, -87.6866040468773 41.6187954011257, -87.6908049022228 41.615592043605, -87.6859900757114 41.6156848945477, -87.6850852760985 41.6157081072833, -87.6837927052229 41.6154063417198, -87.6807874779372 41.6154063417198, -87.6804966494902 41.6082103936661, -87.6804966494902 41.6044963559609, -87.6801088782276 41.6041017394548, -87.6801088782276 41.6040321012478, -87.6800119354119 41.6016411894751, -87.6800119354119 41.6014090621185, -87.6797534212368 41.6013858493829, -87.6784285360893 41.6013394239116, -87.6755202516193 41.6012233602333, -87.6752294231723 41.6012001474976, -87.6751971089004 41.6012001474976, -87.6752294231723 41.6028482517293, -87.6752940517161 41.6053088017089, -87.6752617374442 41.6053088017089, -87.669509797048 41.6054016526516, -87.6672154837438 41.5983217682761, -87.6669569695687 41.5975093225281, -87.6667953982093 41.5969986423437, -87.6597508869375 41.5969057914011, -87.6596862583937 41.5969057914011, -87.6594923727624 41.596975429608, -87.6583936875181 41.5973004079072, -87.6559378028546 41.5973004079072, -87.6522862901311 41.5973004079072, -87.6518662045965 41.5972075569646, -87.6502181767302 41.5969057914011, -87.6501858624583 41.5969057914011, -87.6558731743108 41.5863439966771, -87.6559054885827 41.5862975712058, -87.6751324803566 41.5862279329988, -87.6821123630847 41.5862047202631, -87.6847944476515 41.5862975712058, -87.6848913904671 41.5827924481215, -87.6882843890155 41.5826995971789, -87.6883167032874 41.5828156608572, -87.6883490175593 41.5845566160315, -87.688413646103 41.5862975712058, -87.7002083553426 41.5862279329988, -87.7066065811766 41.5862047202631, -87.710839750794 41.5862047202631, -87.7160100342963 41.5862047202631, -87.7153960631304 41.5878063990235, -87.7154930059461 41.5914043730503, -87.7171087195405 41.5914043730503, -87.7171087195405 41.5921936060627, -87.7154930059461 41.59210075512, -87.7155899487617 41.5934935192595, -87.7139096066235 41.5934935192595, -87.7139096066235 41.5943988159501, -87.7159130914806 41.5944916668927, -87.7159130914806 41.5956058782043, -87.7142004350705 41.5960004947104, -87.7150729204115 41.5972771951716, -87.7151052346834 41.5973004079072, -87.716106977112 41.5965111748949, -87.716688634006 41.5963951112166, -87.7167855768216 41.6011305092907, -87.7167855768216 41.6018036786247, -87.7167855768216 41.6027089753153, -87.7168178910935 41.6027089753153, -87.7197908041073 41.6025929116371, -87.719887746923 41.6035910592703, -87.7193707185727 41.6035910592703, -87.7169148339092 41.6035910592703, -87.7169148339092 41.6036606974773, -87.7170440909967 41.6086746483792, -87.7171087195405 41.6109030710023)))",10
1747540,"Matteson, IL",municipality,"MULTIPOLYGON (((-87.7711058678671 41.5281032429133, -87.7668080697059 41.5281032429133, -87.7668080697059 41.5281496683846, -87.7667111268902 41.5297049216737, -87.7657093844616 41.5295888579954, -87.765030784752 41.528126455649, -87.7649984704801 41.5281032429133, -87.7548841033788 41.5280336047064, -87.7512002763835 41.5280103919707, -87.7359802543237 41.5280103919707, -87.7280955719828 41.5280103919707, -87.7277078007201 41.5267104787739, -87.7277078007201 41.5226018245626, -87.7237008310059 41.5217893788146, -87.7237977738216 41.527987179235, -87.7237977738216 41.5280103919707, -87.7232161169275 41.5280103919707, -87.7232161169275 41.5279871792351, -87.7232161169275 41.5173093208328, -87.7234100025589 41.506190420453, -87.7229899170243 41.506190420453, -87.722796031393 41.5132006666214, -87.7223113173146 41.5147094944392, -87.7196938612916 41.5142916651973, -87.7188860044944 41.515196961888, -87.7165916911903 41.515196961888, -87.7164947483746 41.5142916651973, -87.7154930059461 41.5134095812424, -87.7131986926419 41.5134095812424, -87.7131663783701 41.5120864553099, -87.7131663783701 41.5102758619287, -87.7131017498263 41.5060975695104, -87.7128109213793 41.5060975695104, -87.7100318939968 41.506190420453, -87.7097087512779 41.506190420453, -87.7068004668079 41.506190420453, -87.6995943841766 41.506190420453, -87.6983018133011 41.506190420453, -87.698334127573 41.5061672077173, -87.7004991837895 41.5021049789774, -87.7003052981582 41.5021049789774, -87.6983987561168 41.50219782992, -87.6983987561168 41.4992730252272, -87.6983987561168 41.498808770514, -87.6908049022228 41.4989016214567, -87.6908049022228 41.4950018818663, -87.6958136143656 41.4953036474298, -87.6983987561168 41.4950947328089, -87.6984956989324 41.4914967587821, -87.703278211172 41.4915896097247, -87.7033105254439 41.4915896097247, -87.7130048070106 41.491496758782, -87.7228929742087 41.491496758782, -87.7321994845127 41.4914039078394, -87.7321348559689 41.4917520988743, -87.732102541697 41.4918913752882, -87.751620361918 41.4918913752882, -87.7603129010562 41.4918913752882, -87.7670019553372 41.4920074389665, -87.7902036025535 41.4921002899091, -87.7903005453692 41.4921002899091, -87.7903005453692 41.4990176851349, -87.7903005453692 41.5063993350739, -87.7903974881849 41.5102990746643, -87.7872953180835 41.510391925607, -87.7873922608992 41.5112972222976, -87.7903974881849 41.5112972222976, -87.7903974881849 41.5280103919707, -87.7842900907979 41.528056817442, -87.7808001494338 41.5281032429133, -87.7724953815584 41.5281032429133, -87.7711058678671 41.5281032429133), (-87.7742080379685 41.4924949064153, -87.7710089250514 41.4924949064153, -87.7710089250514 41.4989944723993, -87.751620361918 41.4989944723993, -87.7515880476461 41.4989944723993, -87.7515880476461 41.498808770514, -87.742604680061 41.4986927068358, -87.7324903129597 41.4983909412722, -87.7323933701441 41.4992033870202, -87.7515880476461 41.4993890889055, -87.7516526761899 41.5020817662417, -87.7516849904618 41.5060975695104, -87.7604098438718 41.5060975695104, -87.7604098438718 41.5031031266106, -87.759214215812 41.5031031266106, -87.759214215812 41.4993890889055, -87.768229897669 41.4993890889055, -87.7709766107796 41.4993890889055, -87.7710089250514 41.4993890889055, -87.7808001494338 41.4992033870202, -87.7807032066182 41.5056101020616, -87.7796045213739 41.5060975695104, -87.7901066597379 41.5060975695104, -87.7902036025535 41.5057958039468, -87.7902036025535 41.4989944723993, -87.7902036025535 41.49230920453, -87.7767931797196 41.49230920453, -87.7742080379685 41.4924949064153), (-87.7317147704344 41.508697395904, -87.7287095431487 41.508697395904, -87.7287095431487 41.5132935175641, -87.7309069136371 41.5132935175641, -87.7312946848998 41.5121096680456, -87.7323933701441 41.5116918388037, -87.7312946848998 41.5113900732402, -87.7317147704344 41.508697395904)), ((-87.7184012904161 41.5279639664994, -87.7184012904161 41.5217893788146, -87.7226021457617 41.5217893788146, -87.7226990885773 41.527987179235, -87.7226990885773 41.5280103919707, -87.7184012904161 41.5280103919707, -87.7184012904161 41.5279639664994)))",10
1747774,"Maywood, IL",municipality,"MULTIPOLYGON (((-87.8632015427509 41.8712106886613, -87.8605194581841 41.8712571141327, -87.8594854014837 41.8712803268683, -87.8589037445897 41.871303539604, -87.8591945730367 41.8759925122067, -87.8592592015804 41.877594190967, -87.8594530872118 41.8820510362132, -87.8595823442993 41.8857418611827, -87.8598085442026 41.8907093866133, -87.8597439156588 41.8906861738777, -87.8516330334146 41.8897576644514, -87.844233065152 41.8888987932321, -87.8442007508801 41.8888987932321, -87.8442007508801 41.8889452187034, -87.8445562078709 41.8975339308965, -87.8445885221428 41.8983928021158, -87.8431990084516 41.8983695893802, -87.8396121242719 41.8982999511732, -87.8342156408664 41.8986017167367, -87.8346680406729 41.89553763563, -87.8347003549448 41.8953983592161, -87.834635726401 41.8953055082734, -87.8336016697005 41.8937270422487, -87.8335370411568 41.8936574040418, -87.8335047268849 41.8936109785705, -87.8334400983411 41.8935645530991, -87.8321798417374 41.8927985328225, -87.8302409854241 41.8916378960396, -87.8302086711522 41.8915914705683, -87.8301763568803 41.8915682578326, -87.8301440426084 41.8914521941543, -87.8298208998895 41.890662961142, -87.8296593285301 41.8902219191645, -87.8295946999863 41.8901058554862, -87.8296593285301 41.8900594300149, -87.8310811564932 41.8892701970026, -87.8323414130969 41.8885970276685, -87.8325029844563 41.8885041767259, -87.8325676130001 41.8883881130476, -87.8336016697005 41.8866935833446, -87.8343125836821 41.8866935833446, -87.8339894409632 41.8790101678421, -87.8273003866822 41.8791958697274, -87.8273003866822 41.8791726569917, -87.8273327009541 41.8791262315204, -87.8287868431891 41.876108575885, -87.8287222146453 41.8760853631493, -87.8273973294978 41.8757139593788, -87.8258462444472 41.8753193428726, -87.8258139301753 41.875296130137, -87.8257816159034 41.8752497046657, -87.8249091305624 41.8739033659976, -87.8254907874564 41.8721391980876, -87.8254907874564 41.8720927726163, -87.8298855284333 41.8718606452597, -87.8311134707651 41.8717910070528, -87.8336986125162 41.8717910070528, -87.8336986125162 41.8715588796962, -87.8335047268849 41.8667306306795, -87.8334077840692 41.8645022080564, -87.8412601521382 41.8643397189068, -87.8431990084516 41.8642932934355, -87.8448470363179 41.8642700806999, -87.8481107777787 41.8642004424929, -87.8483692919538 41.8710714122474, -87.8484016062257 41.871233901397, -87.8484016062257 41.8714892414892, -87.8505666624423 41.8714196032822, -87.8533133755529 41.871303539604, -87.8532487470091 41.8693304570731, -87.8531841184653 41.8678912674624, -87.8600670583777 41.8676823528414, -87.8630076571196 41.8675895018988, -87.8630076571196 41.8676127146345, -87.8630399713915 41.8682858839685, -87.8632015427509 41.8711874759257, -87.8632015427509 41.8712106886613)))",10
1745564,"McCook, IL",municipality,"MULTIPOLYGON (((-87.8594854014837 41.8053097321308, -87.8594530872118 41.8053097321308, -87.8527963472026 41.8054025830734, -87.8399029527189 41.8056114976943, -87.8253938446407 41.8058900505222, -87.825006073378 41.8043115844975, -87.8210960464795 41.8043115844975, -87.8205143895855 41.8060061142005, -87.8187694189035 41.8060525396718, -87.8160550200648 41.8060989651431, -87.8121126788943 41.8061918160857, -87.8121126788943 41.8061686033501, -87.81220962171 41.8022920764953, -87.8171860195809 41.7989030170894, -87.8251999590094 41.7986941024685, -87.8266864155163 41.7985084005832, -87.8297885856176 41.7950961284416, -87.829691642802 41.7915910053574, -87.8325029844563 41.7915910053574, -87.8340863837789 41.7895018591482, -87.8315981848434 41.7875055638817, -87.829691642802 41.7888054770785, -87.8295946999863 41.7869948836973, -87.8302086711522 41.7859038851214, -87.8311134707651 41.7850914393734, -87.8326968700876 41.783698675234, -87.8345064693134 41.7821898474162, -87.8388042674747 41.7837915261766, -87.8560924029353 41.783698675234, -87.8586129161427 41.7836058242913, -87.8586129161427 41.7842557808897, -87.8591299444929 41.7964424671097, -87.8591945730367 41.7983923369049, -87.8593238301242 41.8016189071613, -87.8594854014837 41.8052865193951, -87.8594854014837 41.8053097321308)))",10
59,McKinley Park,community area,"MULTIPOLYGON (((-87.65611 41.82331, -87.65765 41.82327, -87.65998 41.82321, -87.6634 41.82318, -87.66636 41.82314, -87.66826 41.82319, -87.67056 41.82317, -87.67484 41.82312, -87.67597 41.82309, -87.68424 41.823, -87.68473 41.82301, -87.68546 41.82297, -87.68608 41.82296, -87.68607 41.82317, -87.68612 41.82428, -87.6862 41.82442, -87.68667 41.82489, -87.68611 41.82523, -87.6866 41.82595, -87.68686 41.82654, -87.68686 41.82665, -87.68736 41.82662, -87.68744 41.8284, -87.68732 41.83024, -87.68736 41.83024, -87.68737 41.83079, -87.68742 41.83372, -87.68745 41.8347, -87.6874 41.83481, -87.68685 41.83499, -87.68458 41.83572, -87.68144 41.83669, -87.68045 41.83698, -87.68013 41.83704, -87.67945 41.83714, -87.67873 41.83719, -87.67676 41.83723, -87.67458 41.83728, -87.67088 41.83735, -87.67056 41.83736, -87.67056 41.83715, -87.67004 41.83715, -87.66926 41.83719, -87.66878 41.83724, -87.66824 41.83733, -87.66763 41.83748, -87.66698 41.83767, -87.66614 41.83804, -87.66576 41.83823, -87.66429 41.83908, -87.66344 41.83782, -87.66336 41.83765, -87.66317 41.83699, -87.66308 41.83683, -87.66249 41.83615, -87.66199 41.8357, -87.66167 41.83526, -87.66129 41.83487, -87.66035 41.83438, -87.65866 41.83256, -87.65743 41.8312, -87.65737 41.83088, -87.65741 41.83031, -87.65752 41.82933, -87.65757 41.82876, -87.65756 41.82823, -87.65753 41.8278, -87.65735 41.82649, -87.65735 41.82607, -87.65714 41.82404, -87.65611 41.82331)))",10
1748242,"Melrose Park, IL",municipality,"MULTIPOLYGON (((-87.9034004969809 41.8998087789909, -87.903368182709 41.8998087789909, -87.9021402403772 41.8998552044622, -87.8983917848381 41.8999944808762, -87.8983917848381 41.9008069266242, -87.8983917848381 41.9018050742574, -87.8972930995939 41.9018282869931, -87.8970345854187 41.9018282869931, -87.8936092725985 41.9018979252001, -87.8935123297828 41.9026639454767, -87.8935123297828 41.9027567964194, -87.8935123297828 41.9028032218907, -87.8902809025939 41.9028032218907, -87.8886975032714 41.9028032218907, -87.8886975032714 41.9011319049234, -87.8886975032714 41.9011086921877, -87.8878573322022 41.9005515865319, -87.8873079895801 41.9002033954971, -87.8873079895801 41.9001801827614, -87.8873079895801 41.9001569700258, -87.8874372466677 41.898857056829, -87.8875018752115 41.8983928021158, -87.8852398761793 41.8979285474027, -87.8851106190917 41.897905334667, -87.8851106190917 41.8973946544826, -87.8849167334604 41.8973714417469, -87.8822023346217 41.8970000379764, -87.8800372784051 41.897092888919, -87.8799080213175 41.897092888919, -87.8799080213175 41.8988338440933, -87.8799080213175 41.8999944808762, -87.8798433927738 41.9000409063475, -87.8788093360733 41.9008069266242, -87.8788093360733 41.9010854794521, -87.8788093360733 41.9034067530178, -87.8764180799535 41.9034996039604, -87.8757394802439 41.9035228166961, -87.8738975667462 41.903592454903, -87.8739945095619 41.9047995171572, -87.8704076253822 41.907793960057, -87.8759010516033 41.9077011091143, -87.8759656801471 41.9077011091143, -87.8856922759857 41.9074921944934, -87.8895053600686 41.9073993435508, -87.8895053600686 41.9074457690221, -87.8895376743405 41.9087224694833, -87.8896023028843 41.9109973175777, -87.888794446087 41.9119026142683, -87.8888913889027 41.9145952916045, -87.8840119338475 41.9147113552828, -87.8841088766631 41.915105971789, -87.8833979626816 41.9147113552828, -87.8727019386863 41.9148970571681, -87.8662067700366 41.9149899081107, -87.8646879992578 41.9160112684796, -87.8645910564421 41.9155934392378, -87.8645910564421 41.915105971789, -87.8645910564421 41.9116008487047, -87.8600024298339 41.9149899081107, -87.8547998320598 41.9152916736742, -87.8549937176911 41.9190057113794, -87.8522470045805 41.919098562322, -87.8522146903086 41.919098562322, -87.8447500935023 41.9135507184999, -87.8399998955346 41.9099991699444, -87.8399998955346 41.9100223826801, -87.8400968383502 41.9113919340838, -87.8350881262074 41.9112990831412, -87.8349911833918 41.9084207039197, -87.8349911833918 41.9083974911841, -87.8340217552351 41.9084207039197, -87.8279143578481 41.9084903421267, -87.8279143578481 41.9057976647904, -87.8301117283365 41.9051012827207, -87.8302409854241 41.9050084317781, -87.8318243847466 41.9041031350875, -87.8319859561061 41.9040102841448, -87.8321475274655 41.9038013695239, -87.8327291843595 41.9030817747186, -87.8327938129033 41.9029889237759, -87.8328584414471 41.902849647362, -87.8336016697005 41.9012479686017, -87.8337955553319 41.9008069266242, -87.8339894409632 41.8998087789909, -87.8342156408664 41.8986017167367, -87.8396121242719 41.8982999511732, -87.8431990084516 41.8983695893802, -87.8445885221428 41.8983928021158, -87.8445562078709 41.8975339308965, -87.8442007508801 41.8889452187034, -87.8442007508801 41.8888987932321, -87.844233065152 41.8888987932321, -87.8516330334146 41.8897576644514, -87.8597439156588 41.8906861738777, -87.8598085442026 41.8907093866133, -87.8601640011933 41.890732599349, -87.8639124567325 41.8911968540621, -87.8640093995481 41.8928913837651, -87.8727019386863 41.8927056818798, -87.8784861933544 41.8927056818798, -87.8834949054972 41.8924039163163, -87.8835272197691 41.8924039163163, -87.8850783048198 41.892427129052, -87.8929953014326 41.8924967672589, -87.8955158146399 41.8927056818798, -87.9003629554233 41.8931467238573, -87.9031096685339 41.8934020639496, -87.9031096685339 41.8934252766852, -87.9034004969809 41.8966054214702, -87.9034004969809 41.8967911233555, -87.9034004969809 41.8998087789909)))",10
1748554,"Merrionette Park, IL",municipality,"MULTIPOLYGON (((-87.7100965225406 41.6804948525024, -87.7072205523425 41.6805644907094, -87.7071559237987 41.6805412779737, -87.7052816960291 41.680587703445, -87.7052816960291 41.6806805543876, -87.7053463245729 41.6825143605045, -87.7054109531167 41.6841856774719, -87.7005638123333 41.6842553156788, -87.7005961266052 41.6856016543469, -87.7005961266052 41.6860891217957, -87.6994004985453 41.6860891217957, -87.6994004985453 41.6861587600027, -87.6994651270891 41.687899715177, -87.6956843572781 41.6879925661196, -87.6955874144624 41.6843017411502, -87.6952965860154 41.6770593676251, -87.6952965860154 41.6769897294182, -87.7099026369093 41.6768040275329, -87.7099026369093 41.6768272402686, -87.7100965225406 41.6804948525024)))",10
1748892,"Midlothian, IL",municipality,"MULTIPOLYGON (((-87.7522989616277 41.6343015085447, -87.7497138198766 41.6346961250509, -87.7472902494849 41.6339997429812, -87.7473871923006 41.6367620585243, -87.7473871923006 41.6368084839957, -87.7434125368582 41.6375048660654, -87.7434125368582 41.6374352278584, -87.7433155940425 41.6349978906144, -87.7433155940425 41.6346961250509, -87.743186336955 41.6342086576021, -87.743186336955 41.6337908283602, -87.742313851614 41.6323980642208, -87.739987224038 41.6320034477146, -87.7374990251025 41.6316088312085, -87.7367234825772 41.6325837661061, -87.7366911683053 41.6326069788417, -87.731230056356 41.6326534043131, -87.7277724292639 41.6326998297844, -87.7275139150888 41.6326998297844, -87.7271907723699 41.6326998297844, -87.7142973778862 41.6330015953479, -87.7141358065267 41.6330015953479, -87.7092886657434 41.6329087444053, -87.7091917229277 41.6328855316696, -87.7071882380706 41.6326998297844, -87.7055402102042 41.6326998297844, -87.7043445821443 41.6326998297844, -87.7043122678725 41.6326998297844, -87.7042799536006 41.63272304252, -87.7036013538909 41.6333033609114, -87.6985926417481 41.6333033609114, -87.6985926417481 41.6332801481758, -87.6985926417481 41.6330712335549, -87.6985926417481 41.632792680727, -87.6985603274762 41.6322355750712, -87.6985280132043 41.6312606401736, -87.6984956989324 41.6307963854605, -87.6984310703887 41.6287536647226, -87.6983987561168 41.6275698152041, -87.698334127573 41.6259217109725, -87.6982048704854 41.6222540987387, -87.6982048704854 41.6222076732673, -87.7046030963195 41.6221380350604, -87.7078991520521 41.622091609589, -87.7076083236051 41.6157545327547, -87.7074144379738 41.6110887728876, -87.7171087195405 41.6109030710023, -87.7171087195405 41.6109494964736, -87.7173026051719 41.6160562983182, -87.7173995479875 41.6181918699987, -87.7220851174114 41.6180061681134, -87.7270938295542 41.6138975139021, -87.7271261438261 41.6139207266377, -87.7280955719828 41.6152902780415, -87.7296143427616 41.615592043605, -87.7296143427616 41.6158938091686, -87.7302929424713 41.6161955747321, -87.732102541697 41.6161027237895, -87.732102541697 41.6180061681134, -87.7333951125726 41.618911464804, -87.7333951125726 41.619793548759, -87.735301654614 41.619793548759, -87.7357863686924 41.6210934619558, -87.7372081966555 41.6216041421402, -87.7393086243283 41.6232986718432, -87.739696395591 41.6251789034314, -87.739696395591 41.6252021161671, -87.740278052485 41.6251789034314, -87.7415059948167 41.6251092652245, -87.7415059948167 41.6241111175912, -87.7405042523882 41.6232986718432, -87.7433155940425 41.6232986718432, -87.7433155940425 41.6226951407161, -87.7445112221024 41.6226022897735, -87.7445112221024 41.6217898440255, -87.7469024782222 41.6217898440255, -87.7469024782222 41.6232058209006, -87.745803792978 41.6242968194765, -87.7462885070563 41.6249932015462, -87.7469994210379 41.6249932015462, -87.7480981062821 41.6249932015462, -87.7488090202637 41.6249932015462, -87.7537854181346 41.6249932015462, -87.7537854181346 41.6255967326733, -87.7530098756093 41.6255967326733, -87.7532037612406 41.6275001769972, -87.7539146752221 41.6275001769972, -87.7539146752221 41.6278019425607, -87.7540116180378 41.629403621321, -87.7568875882359 41.629403621321, -87.7569845310516 41.6321891495999, -87.7542055036691 41.6321891495999, -87.7522989616277 41.6329087444053, -87.7522989616277 41.6343015085447)))",10
18,Montclare,community area,"MULTIPOLYGON (((-87.78942 41.91752, -87.79152 41.91814, -87.79511 41.91945, -87.79512 41.91955, -87.80073 41.92159, -87.80253 41.92225, -87.80327 41.92251, -87.80402 41.92277, -87.80473 41.92299, -87.80559 41.92322, -87.80623 41.92338, -87.80627 41.92465, -87.80631 41.92556, -87.80634 41.92643, -87.80657 41.93305, -87.80662 41.93452, -87.80675 41.93801, -87.80413 41.93804, -87.79897 41.93812, -87.79795 41.93813, -87.79457 41.93819, -87.79077 41.93825, -87.79072 41.9366, -87.7907 41.9363, -87.79059 41.93278, -87.79069 41.93278, -87.7905 41.92656, -87.79026 41.91899, -87.79023 41.91868, -87.79008 41.91822, -87.78994 41.91802, -87.78964 41.91768, -87.78942 41.91752)))",10
75,Morgan Park,community area,"MULTIPOLYGON (((-87.64215 41.68508, -87.64967 41.68498, -87.65043 41.68497, -87.65581 41.6849, -87.65652 41.68489, -87.6616 41.68482, -87.66155 41.68388, -87.66152 41.68289, -87.66137 41.67754, -87.66404 41.67749, -87.66677 41.67744, -87.66732 41.67596, -87.6684 41.67619, -87.66795 41.67742, -87.67017 41.67738, -87.67136 41.67735, -87.67267 41.67733, -87.6785 41.67723, -87.67956 41.67723, -87.68113 41.67727, -87.68169 41.6773, -87.68285 41.67727, -87.68522 41.67722, -87.68621 41.67721, -87.68587 41.67797, -87.68578 41.6782, -87.68565 41.67867, -87.68558 41.67915, -87.68557 41.67962, -87.68572 41.68448, -87.68807 41.68444, -87.69563 41.68433, -87.69567 41.68567, -87.69577 41.68808, -87.69592 41.69162, -87.69576 41.69172, -87.69209 41.69176, -87.6921 41.6922, -87.69171 41.69221, -87.69171 41.69227, -87.69101 41.69228, -87.69124 41.69898, -87.68863 41.69902, -87.68539 41.69905, -87.68355 41.69907, -87.68154 41.69909, -87.68124 41.69907, -87.67986 41.69906, -87.67674 41.69912, -87.67461 41.69915, -87.66922 41.69926, -87.66575 41.69933, -87.66512 41.69934, -87.66283 41.69939, -87.6617 41.69941, -87.65874 41.69944, -87.65778 41.69946, -87.65732 41.69947, -87.65207 41.69954, -87.65123 41.69955, -87.64974 41.69957, -87.64716 41.6996, -87.644 41.69963, -87.64261 41.69964, -87.64249 41.69581, -87.64244 41.69429, -87.64239 41.6929, -87.64234 41.69105, -87.64231 41.6903, -87.64215 41.68508)))",10
1750647,"Morton Grove, IL",municipality,"MULTIPOLYGON (((-87.825587730272 42.0548930659162, -87.815699563074 42.0551019805371, -87.8153441060832 42.0551019805371, -87.8060375957792 42.0551948314797, -87.8060052815073 42.0551948314797, -87.8060052815073 42.0564947446765, -87.7996070556733 42.0564947446765, -87.7995101128576 42.0552180442154, -87.7995101128576 42.0551948314797, -87.7956970287747 42.0551948314797, -87.7955031431433 42.0551948314797, -87.7856796044891 42.055241256951, -87.775791437291 42.055310895158, -87.7736586953464 42.055310895158, -87.7652892989271 42.055380533365, -87.7639320995078 42.0554037461006, -87.7638997852359 42.0554037461006, -87.7638997852359 42.0551019805371, -87.7638997852359 42.0516897083955, -87.7642229279547 42.0409189990506, -87.7642875564985 42.0385977254849, -87.765903270093 42.0370888976672, -87.765903270093 42.0359050481486, -87.7642875564985 42.0356961335277, -87.7643844993142 42.0336998382612, -87.7619286146506 42.0336069873186, -87.7618963003787 42.0336069873186, -87.7620901860101 42.0263878265292, -87.7621871288257 42.0227898525024, -87.7622517573695 42.0227898525024, -87.766484926987 42.0227898525024, -87.7675512979593 42.0246468713549, -87.7677128693188 42.0249022114472, -87.7676805550469 42.0249486369185, -87.7670988981529 42.0264110392649, -87.7808647779776 42.0264110392649, -87.7808970922495 42.0264110392649, -87.7794106357426 42.0236022982504, -87.7803477496274 42.0235558727791, -87.7829005771066 42.0233933836295, -87.7861966328393 42.0235558727791, -87.7864874612863 42.0235558727791, -87.789492688572 42.023695149193, -87.789492688572 42.0237183619287, -87.789492688572 42.0246932968263, -87.7903974881849 42.0255057425743, -87.7906236880881 42.0254593171029, -87.7918839446918 42.0252039770107, -87.7921747731388 42.0254128916316, -87.7927887443047 42.0258771463448, -87.7927887443047 42.0259003590804, -87.795890914406 42.0264110392649, -87.7959232286779 42.0286858873593, -87.7959232286779 42.0287091000949, -87.7959555429498 42.0306589698901, -87.7959555429498 42.0314482029025, -87.7959878572217 42.0323070741218, -87.7959878572217 42.0336069873186, -87.7978943992631 42.0336069873186, -87.8008026837332 42.0336069873186, -87.8007057409175 42.0408029353723, -87.8062637956824 42.0408029353723, -87.8073301666547 42.0408029353723, -87.8082995948114 42.0408029353723, -87.8203851324979 42.0405011698088, -87.8203851324979 42.0421956995117, -87.8199004184196 42.044006292893, -87.8258139301753 42.044006292893, -87.8257816159034 42.0453062060898, -87.8257816159034 42.0457240353316, -87.8257169873596 42.0476739051268, -87.825587730272 42.0548698531805, -87.825587730272 42.0548930659162)))",10
74,Mount Greenwood,community area,"MULTIPOLYGON (((-87.69646 41.70714, -87.69644 41.70626, -87.6963 41.70229, -87.69615 41.69894, -87.69602 41.69893, -87.69576 41.69172, -87.69592 41.69162, -87.69577 41.68808, -87.69605 41.68808, -87.69615 41.68803, -87.69661 41.68798, -87.69743 41.68796, -87.69947 41.68793, -87.69941 41.68633, -87.6994 41.68615, -87.70062 41.68614, -87.70055 41.68426, -87.70542 41.68419, -87.70539 41.68349, -87.70528 41.68084, -87.70528 41.68058, -87.70581 41.68057, -87.70715 41.68055, -87.70732 41.68057, -87.7088 41.68056, -87.70993 41.68055, -87.71013 41.68046, -87.71136 41.68044, -87.71139 41.68127, -87.71158 41.68127, -87.7116 41.68183, -87.71141 41.68184, -87.71151 41.68409, -87.71548 41.68404, -87.71931 41.68398, -87.72281 41.68392, -87.7249 41.68388, -87.72728 41.68386, -87.72968 41.6838, -87.73195 41.68377, -87.73678 41.68367, -87.73733 41.68367, -87.73945 41.68363, -87.73966 41.68906, -87.73974 41.69086, -87.73688 41.69101, -87.73639 41.69103, -87.73224 41.6911, -87.73042 41.69113, -87.72812 41.69119, -87.72182 41.6913, -87.72053 41.69132, -87.72032 41.69128, -87.72037 41.69221, -87.72053 41.69615, -87.72059 41.69745, -87.72066 41.69928, -87.72068 41.70025, -87.72076 41.70245, -87.72084 41.70428, -87.72088 41.70501, -87.72098 41.70787, -87.72107 41.71069, -87.72109 41.71156, -87.7211 41.71253, -87.72113 41.71317, -87.71843 41.71321, -87.71258 41.7133, -87.71258 41.71319, -87.71252 41.71147, -87.7113 41.71149, -87.71118 41.70766, -87.71112 41.70607, -87.71019 41.70609, -87.70921 41.70609, -87.70792 41.7061, -87.70502 41.70615, -87.70261 41.70618, -87.70214 41.70617, -87.70132 41.70618, -87.70137 41.70705, -87.7012 41.70708, -87.69668 41.70714, -87.69646 41.70714)))",11
1751089,"Mount Prospect, IL",municipality,"MULTIPOLYGON (((-87.9512902479205 42.0953992896379, -87.9368134541142 42.0953064386952, -87.9368134541142 42.0880408524346, -87.9368134541142 42.0879944269632, -87.926085115847 42.087808725078, -87.9168755483586 42.087808725078, -87.9149043777734 42.087808725078, -87.9149043777734 42.0914995500475, -87.9076982951421 42.0914995500475, -87.9078921807735 42.0947029075681, -87.9049838963034 42.0950975240743, -87.9049515820316 42.0975812867896, -87.9048869534878 42.1023863230707, -87.9048869534878 42.1024095358063, -87.8886005604557 42.1022006211854, -87.8899900741469 42.1001114749763, -87.891702730557 42.0892014892174, -87.8919289304603 42.0875533849858, -87.8925752158981 42.0830965397396, -87.8927044729856 42.082191243049, -87.8927044729856 42.080496713346, -87.9026895829993 42.0805895642886, -87.901914040474 42.0782915034586, -87.9029157829026 42.0798003312763, -87.9076982951421 42.0798003312763, -87.9076982951421 42.0671029648718, -87.9087969803864 42.0661048172386, -87.9118345219439 42.0661280299742, -87.9182973763217 42.0661976681812, -87.9182973763217 42.0661744554456, -87.9182973763217 42.064990605927, -87.920559375354 42.0661744554456, -87.9205916896259 42.0661976681812, -87.9206886324415 42.0661976681812, -87.9213995464231 42.0661976681812, -87.9213995464231 42.0661744554456, -87.9213026036074 42.0554037461006, -87.9234030312802 42.0554037461006, -87.9233060884645 42.0521075376373, -87.9224982316673 42.0518057720738, -87.9224982316673 42.0517593466025, -87.9224012888516 42.0486024145531, -87.9251156876903 42.0480917343687, -87.9287995146857 42.0479060324834, -87.9407557952846 42.0476042669199, -87.9407881095565 42.0476042669198, -87.9407881095565 42.0475810541842, -87.9406911667408 42.0373906632307, -87.9415959663538 42.0373906632307, -87.9415959663538 42.0355104316425, -87.9406911667408 42.0355104316425, -87.9404972811095 42.0227202142954, -87.9404972811095 42.0226970015597, -87.9416605948975 42.0226970015597, -87.942985480045 42.0226970015597, -87.9430177943169 42.0226737888241, -87.9432116799482 42.0207935572359, -87.9473155924781 42.0207935572359, -87.9483819634504 42.0225809378815, -87.9484142777223 42.0226041506171, -87.9492544487914 42.0225809378815, -87.951710333455 42.0225112996745, -87.951710333455 42.0225345124101, -87.951710333455 42.024507594941, -87.9582055021047 42.0243915312627, -87.9599504727867 42.0257146571952, -87.9642159566761 42.0288948019802, -87.9644098423074 42.0288948019802, -87.965702413183 42.0298929496135, -87.9692246688189 42.032562414214, -87.9698063257129 42.0330034561915, -87.9698063257129 42.0330963071341, -87.9699032685285 42.0368103448393, -87.9669949840585 42.0369031957819, -87.9669949840585 42.0381102580361, -87.9690954117313 42.0388994910484, -87.9690954117313 42.0389459165197, -87.969192354547 42.0441919947782, -87.9700002113442 42.0441919947782, -87.9700002113442 42.0477899688051, -87.9697093828972 42.0502969442561, -87.9730054386299 42.0514111555676, -87.9729084958142 42.0551948314797, -87.9742980095055 42.0551948314797, -87.9751058663027 42.0563090427913, -87.9750735520308 42.057887508816, -87.975008923487 42.061810461142, -87.9738132954271 42.0625068432117, -87.9701940969755 42.0625068432117, -87.9701940969755 42.0664762210091, -87.9701940969755 42.0664994337447, -87.9677058980401 42.0664994337447, -87.9677058980401 42.0664530082734, -87.9677058980401 42.0628086087753, -87.9617923862844 42.062692545097, -87.9618893291001 42.065803051675, -87.9604998154088 42.0664065828021, -87.9660901844456 42.0664065828021, -87.9660901844456 42.0664297955378, -87.9660901844456 42.0694242384375, -87.9660901844456 42.0723954686017, -87.9636989283259 42.0723954686017, -87.962794128713 42.0717919374746, -87.9576884737545 42.0717919374746, -87.9562989600633 42.0722097667164, -87.9562989600633 42.0722329794521, -87.9562989600633 42.0736025308558, -87.9529059615149 42.0736025308558, -87.9513871907361 42.0736025308559, -87.9514841335518 42.0807984789095, -87.946475421409 42.0807984789095, -87.9464107928652 42.0807984789095, -87.9464107928652 42.0875998104571, -87.9447950792707 42.0875998104571, -87.9453444218929 42.0880640651702, -87.9472509639343 42.0897121694019, -87.9498037914136 42.0918941665536, -87.9503208197638 42.0922655703242, -87.9545539893813 42.0952368004883, -87.9548125035564 42.0953992896379, -87.9512902479205 42.0953992896379)))",11
8,Near North Side,community area,"MULTIPOLYGON (((-87.62446 41.91158, -87.62466 41.91143, -87.62469 41.91086, -87.6248 41.91063, -87.62504 41.9104, -87.62512 41.91019, -87.62514 41.90983, -87.62509 41.90912, -87.62502 41.90855, -87.6248 41.90754, -87.6246 41.90701, -87.62357 41.90409, -87.62372 41.90406, -87.62356 41.90393, -87.62317 41.90373, -87.62287 41.90349, -87.62259 41.9032, -87.6223 41.90286, -87.62195 41.90241, -87.62185 41.90218, -87.62187 41.90206, -87.62127 41.90189, -87.62057 41.90176, -87.61992 41.90157, -87.61964 41.90143, -87.61939 41.90126, -87.61923 41.90111, -87.61898 41.90078, -87.6188 41.90049, -87.61795 41.89922, -87.6172 41.89807, -87.61685 41.89756, -87.61636 41.89689, -87.61587 41.89614, -87.61491 41.89468, -87.61369 41.89314, -87.61337 41.89324, -87.61287 41.89337, -87.61255 41.89342, -87.61203 41.89334, -87.61138 41.89434, -87.61135 41.8944, -87.61083 41.89521, -87.61038 41.89594, -87.61018 41.89622, -87.61003 41.89625, -87.60882 41.89628, -87.60801 41.89628, -87.60785 41.89626, -87.60723 41.89626, -87.60655 41.89629, -87.60587 41.89631, -87.60514 41.89631, -87.605 41.89634, -87.60403 41.89634, -87.60313 41.89637, -87.60243 41.89638, -87.60234 41.89623, -87.60232 41.89419, -87.60229 41.89332, -87.60235 41.89327, -87.60429 41.89325, -87.60982 41.89316, -87.6098 41.89223, -87.60446 41.89232, -87.60304 41.89234, -87.60091 41.89238, -87.60078 41.89245, -87.60059 41.89243, -87.60058 41.89225, -87.59855 41.89228, -87.59852 41.89146, -87.60057 41.89143, -87.60056 41.89112, -87.60072 41.89108, -87.60089 41.89116, -87.6039 41.89111, -87.60452 41.8911, -87.60954 41.89102, -87.60949 41.88941, -87.60955 41.88932, -87.61123 41.88932, -87.61137 41.88975, -87.61144 41.89064, -87.61356 41.89059, -87.61362 41.89046, -87.61441 41.89041, -87.61441 41.89057, -87.61555 41.89055, -87.61606 41.89051, -87.61606 41.89046, -87.61651 41.89045, -87.61703 41.89052, -87.61733 41.89052, -87.61785 41.89054, -87.61795 41.89044, -87.61868 41.89044, -87.61987 41.89048, -87.61987 41.89018, -87.61868 41.89017, -87.61732 41.89019, -87.61441 41.89023, -87.61271 41.89024, -87.61259 41.89017, -87.61255 41.88964, -87.61397 41.88842, -87.61527 41.88843, -87.61585 41.8884, -87.61692 41.88836, -87.61726 41.88834, -87.61801 41.88832, -87.61908 41.88844, -87.6212 41.88867, -87.62271 41.88885, -87.62361 41.88892, -87.62386 41.8889, -87.62403 41.88883, -87.62444 41.88888, -87.62509 41.88892, -87.62566 41.88869, -87.62599 41.88852, -87.62636 41.88825, -87.62726 41.88767, -87.62762 41.88752, -87.62824 41.88746, -87.62928 41.88743, -87.63078 41.88744, -87.63126 41.88746, -87.63223 41.88749, -87.63337 41.88749, -87.63377 41.88754, -87.63427 41.88753, -87.63484 41.88748, -87.63562 41.88746, -87.6358 41.88744, -87.63598 41.88735, -87.63684 41.88682, -87.63727 41.88657, -87.63744 41.88643, -87.63759 41.88624, -87.63839 41.88674, -87.63856 41.88688, -87.63877 41.88717, -87.63885 41.88738, -87.63906 41.88815, -87.6392 41.88846, -87.63928 41.88886, -87.63936 41.88909, -87.63944 41.88924, -87.64012 41.89001, -87.64067 41.89065, -87.64119 41.89144, -87.64127 41.89164, -87.64157 41.89206, -87.64193 41.89238, -87.64204 41.89251, -87.64245 41.89288, -87.64272 41.89305, -87.64294 41.89323, -87.64322 41.89339, -87.64355 41.89355, -87.64381 41.89393, -87.64398 41.89403, -87.64412 41.89428, -87.64419 41.89594, -87.64423 41.89665, -87.64443 41.89725, -87.64478 41.89755, -87.64489 41.8977, -87.64541 41.89777, -87.64632 41.89787, -87.6479 41.89798, -87.64879 41.8981, -87.6494 41.89832, -87.65086 41.89942, -87.65136 41.89975, -87.6519 41.90002, -87.65212 41.90009, -87.65248 41.90015, -87.65258 41.90013, -87.65343 41.90029, -87.65451 41.90054, -87.65538 41.90082, -87.65589 41.90118, -87.65616 41.9017, -87.65618 41.90193, -87.65647 41.90263, -87.65734 41.90341, -87.6575 41.90361, -87.65816 41.90454, -87.65829 41.90505, -87.65817 41.90568, -87.65796 41.90706, -87.65774 41.90845, -87.65749 41.9091, -87.65923 41.90908, -87.65895 41.90986, -87.65694 41.91053, -87.65686 41.91079, -87.65578 41.9108, -87.64879 41.91092, -87.64498 41.91098, -87.64362 41.91101, -87.64306 41.91105, -87.64222 41.91107, -87.63685 41.91115, -87.63505 41.91117, -87.63197 41.91117, -87.63138 41.91121, -87.63101 41.9112, -87.62717 41.91126, -87.6269 41.91132, -87.62657 41.91168, -87.6264 41.91138, -87.62471 41.91157, -87.62446 41.91158)))",11
33,Near South Side,community area,"MULTIPOLYGON (((-87.60914 41.8447, -87.60941 41.84523, -87.60941 41.84528, -87.61158 41.84528, -87.6124 41.84518, -87.615 41.84518, -87.61499 41.84512, -87.61596 41.8451, -87.6162 41.84517, -87.61644 41.84554, -87.6166 41.84565, -87.61721 41.84567, -87.61767 41.84573, -87.61784 41.84574, -87.62033 41.8457, -87.62638 41.84561, -87.62724 41.84559, -87.62917 41.84557, -87.62919 41.84614, -87.6292 41.84714, -87.6292 41.84751, -87.62922 41.84797, -87.62923 41.84872, -87.62925 41.8489, -87.62932 41.85172, -87.62935 41.85289, -87.63006 41.85289, -87.6301 41.85331, -87.63016 41.85497, -87.63016 41.85551, -87.63019 41.85634, -87.63023 41.85779, -87.63107 41.85777, -87.63221 41.85776, -87.6341 41.85773, -87.63516 41.85773, -87.63509 41.85821, -87.6348 41.85889, -87.63456 41.85923, -87.63451 41.85939, -87.63452 41.86043, -87.63456 41.861, -87.63456 41.86168, -87.63458 41.86234, -87.63457 41.86291, -87.63462 41.86373, -87.6347 41.86632, -87.63469 41.86676, -87.63473 41.86732, -87.63362 41.86733, -87.62994 41.86739, -87.62886 41.8674, -87.62631 41.86744, -87.62564 41.86744, -87.62318 41.86749, -87.6204 41.86752, -87.61921 41.86755, -87.61896 41.86751, -87.61854 41.868, -87.6166 41.86818, -87.61535 41.86831, -87.61474 41.86833, -87.6144 41.86846, -87.61414 41.8685, -87.61381 41.86852, -87.6133 41.8685, -87.61306 41.86845, -87.61277 41.86832, -87.6126 41.86819, -87.61242 41.86795, -87.61235 41.86777, -87.61234 41.86752, -87.61249 41.86718, -87.61269 41.86698, -87.61269 41.86676, -87.61066 41.86679, -87.61058 41.86683, -87.60775 41.86687, -87.60753 41.86705, -87.60724 41.86718, -87.60684 41.86725, -87.60651 41.86723, -87.60628 41.86717, -87.606 41.86703, -87.60584 41.86689, -87.60565 41.86662, -87.60561 41.86643, -87.60564 41.86619, -87.60572 41.86601, -87.60589 41.8658, -87.60605 41.86569, -87.60605 41.8648, -87.60629 41.8648, -87.60634 41.86501, -87.60659 41.86522, -87.60667 41.86524, -87.60699 41.86514, -87.6073 41.86488, -87.60747 41.86466, -87.60757 41.86437, -87.60758 41.86411, -87.60753 41.86386, -87.60709 41.86275, -87.60698 41.86242, -87.60681 41.86232, -87.60677 41.86222, -87.60653 41.86221, -87.60641 41.86208, -87.60609 41.86208, -87.60602 41.86202, -87.60599 41.86128, -87.60596 41.86009, -87.60684 41.86007, -87.60707 41.85997, -87.60701 41.85909, -87.60681 41.85645, -87.60675 41.85564, -87.6066 41.85342, -87.60651 41.85337, -87.6075 41.85328, -87.60876 41.85318, -87.609 41.85319, -87.60932 41.85327, -87.60968 41.85348, -87.60985 41.85367, -87.60992 41.85399, -87.60945 41.85642, -87.60934 41.85668, -87.60934 41.85688, -87.60946 41.85709, -87.60977 41.85739, -87.60992 41.85767, -87.60999 41.85804, -87.60988 41.8586, -87.60994 41.8588, -87.61007 41.85896, -87.61042 41.8592, -87.61048 41.85932, -87.61036 41.85976, -87.61043 41.86009, -87.61067 41.86022, -87.61067 41.86066, -87.61053 41.8607, -87.61035 41.86086, -87.61036 41.86141, -87.61028 41.86141, -87.61004 41.86181, -87.60988 41.86216, -87.60978 41.8625, -87.60969 41.86301, -87.60967 41.86326, -87.60961 41.86342, -87.60965 41.86352, -87.60974 41.8641, -87.60996 41.86464, -87.6101 41.86491, -87.61037 41.86533, -87.61045 41.86533, -87.61048 41.86587, -87.61158 41.86587, -87.61267 41.86585, -87.61265 41.86529, -87.61274 41.8653, -87.61304 41.86467, -87.61329 41.86401, -87.61342 41.86347, -87.61346 41.8631, -87.61343 41.86286, -87.61326 41.86239, -87.61295 41.86181, -87.61265 41.86138, -87.61256 41.86138, -87.61255 41.86083, -87.61242 41.86072, -87.6122 41.86064, -87.61221 41.86047, -87.61239 41.86046, -87.61239 41.86036, -87.61215 41.86036, -87.61218 41.86019, -87.61232 41.86016, -87.61244 41.86, -87.61235 41.85965, -87.6122 41.85928, -87.61217 41.85868, -87.61227 41.85852, -87.61254 41.8585, -87.61272 41.85837, -87.61284 41.8582, -87.61304 41.85762, -87.61307 41.85727, -87.61304 41.85697, -87.6129 41.85659, -87.61285 41.85637, -87.61263 41.85601, -87.61224 41.85567, -87.61149 41.85521, -87.61136 41.85511, -87.61112 41.85481, -87.61104 41.85459, -87.61096 41.85385, -87.6109 41.85359, -87.61077 41.85321, -87.61048 41.85267, -87.61014 41.85221, -87.60944 41.85136, -87.60924 41.851, -87.60919 41.8507, -87.6092 41.85046, -87.6095 41.84899, -87.60954 41.84871, -87.60949 41.84808, -87.60943 41.84786, -87.6093 41.84761, -87.60858 41.84665, -87.60845 41.84637, -87.60841 41.84608, -87.60843 41.84589, -87.60855 41.8456, -87.609 41.84502, -87.60914 41.8447)))",11
28,Near West Side,community area,"MULTIPOLYGON (((-87.63759 41.88624, -87.63765 41.88608, -87.63776 41.88559, -87.63788 41.88472, -87.63792 41.88431, -87.63808 41.88339, -87.63814 41.8832, -87.63823 41.88213, -87.63822 41.88177, -87.63826 41.88156, -87.63829 41.88103, -87.63828 41.88038, -87.6382 41.87978, -87.63811 41.87942, -87.6381 41.87908, -87.63786 41.87845, -87.63777 41.87812, -87.63766 41.87732, -87.63743 41.8767, -87.63733 41.87648, -87.63707 41.87604, -87.63683 41.87575, -87.63635 41.87529, -87.63629 41.87521, -87.63607 41.87468, -87.63593 41.87415, -87.63587 41.87398, -87.63554 41.87239, -87.63544 41.87198, -87.63518 41.87062, -87.63507 41.86995, -87.63496 41.86899, -87.63481 41.86803, -87.63473 41.86732, -87.63469 41.86676, -87.6347 41.86632, -87.63462 41.86373, -87.63457 41.86291, -87.63458 41.86234, -87.63456 41.86168, -87.63456 41.861, -87.63452 41.86043, -87.63451 41.85939, -87.63456 41.85923, -87.6348 41.85889, -87.63509 41.85821, -87.63516 41.85773, -87.63602 41.85774, -87.63777 41.85769, -87.63894 41.85768, -87.63901 41.86003, -87.64051 41.86, -87.64125 41.86, -87.64336 41.85997, -87.64476 41.85996, -87.64522 41.85994, -87.65036 41.85987, -87.66036 41.85971, -87.66591 41.85962, -87.66981 41.85958, -87.67134 41.85954, -87.67308 41.85952, -87.6736 41.85953, -87.67427 41.85956, -87.67605 41.85943, -87.67785 41.85913, -87.67857 41.85905, -87.68132 41.85889, -87.68482 41.85862, -87.68581 41.85843, -87.68583 41.85938, -87.68742 41.85935, -87.68807 41.85935, -87.68817 41.85935, -87.68821 41.85952, -87.6882 41.86037, -87.68821 41.86115, -87.68812 41.86115, -87.68818 41.86307, -87.68878 41.86379, -87.69075 41.86657, -87.69047 41.86658, -87.69071 41.86697, -87.69084 41.86707, -87.69087 41.86723, -87.69103 41.86762, -87.69111 41.86796, -87.69117 41.86848, -87.69119 41.8693, -87.69124 41.8694, -87.69121 41.87006, -87.69126 41.87031, -87.69122 41.87064, -87.69123 41.87102, -87.69115 41.87112, -87.69145 41.87841, -87.69143 41.87841, -87.6915 41.88112, -87.69216 41.88112, -87.69219 41.88134, -87.69226 41.88417, -87.69228 41.88441, -87.69159 41.88444, -87.69161 41.88545, -87.69158 41.88568, -87.69162 41.88619, -87.69156 41.88647, -87.69138 41.88682, -87.69127 41.88697, -87.6909 41.88734, -87.69062 41.88753, -87.69012 41.88777, -87.68949 41.88795, -87.68929 41.88803, -87.68896 41.88807, -87.68867 41.88818, -87.68847 41.88818, -87.68785 41.88833, -87.68724 41.88841, -87.68662 41.88842, -87.68662 41.88864, -87.68599 41.88858, -87.68174 41.88865, -87.67929 41.8887, -87.67875 41.8887, -87.67529 41.88876, -87.67279 41.88879, -87.67181 41.88881, -87.66899 41.88886, -87.66726 41.88887, -87.66686 41.88886, -87.66512 41.88887, -87.66365 41.88889, -87.66194 41.8889, -87.66084 41.88891, -87.66068 41.88887, -87.66048 41.88892, -87.65902 41.88893, -87.65599 41.88897, -87.65486 41.88899, -87.65333 41.88899, -87.65197 41.88901, -87.65002 41.88903, -87.64963 41.88903, -87.64857 41.88905, -87.64758 41.88906, -87.64757 41.88858, -87.64432 41.88859, -87.64433 41.88904, -87.64192 41.88907, -87.64159 41.88906, -87.64081 41.88909, -87.64068 41.88905, -87.63983 41.88906, -87.63936 41.88909, -87.63928 41.88886, -87.6392 41.88846, -87.63906 41.88815, -87.63885 41.88738, -87.63877 41.88717, -87.63856 41.88688, -87.63839 41.88674, -87.63759 41.88624)))",11
61,New City,community area,"MULTIPOLYGON (((-87.63546 41.79448, -87.63759 41.79444, -87.64048 41.79438, -87.64261 41.79435, -87.64494 41.7943, -87.64628 41.7943, -87.64861 41.79426, -87.64986 41.79424, -87.65015 41.79424, -87.65344 41.7942, -87.65467 41.79417, -87.65487 41.79417, -87.65499 41.79417, -87.65825 41.79413, -87.65909 41.79411, -87.65989 41.7941, -87.66323 41.79406, -87.66397 41.79403, -87.66713 41.79399, -87.6693 41.79397, -87.67281 41.79393, -87.6754 41.79391, -87.67882 41.79387, -87.67888 41.79446, -87.67925 41.79609, -87.67936 41.79663, -87.67941 41.79703, -87.67946 41.79881, -87.67948 41.79984, -87.67955 41.80238, -87.67953 41.80282, -87.67939 41.80426, -87.67941 41.80485, -87.68192 41.80486, -87.68222 41.80481, -87.68376 41.8048, -87.68375 41.80474, -87.68437 41.80472, -87.68435 41.80568, -87.68435 41.80593, -87.68443 41.80843, -87.68387 41.80842, -87.68388 41.8092, -87.68395 41.81132, -87.68397 41.81243, -87.68402 41.81363, -87.68404 41.81466, -87.68409 41.81625, -87.6841 41.81685, -87.68419 41.82062, -87.68423 41.82181, -87.68424 41.823, -87.67597 41.82309, -87.67484 41.82312, -87.67056 41.82317, -87.66826 41.82319, -87.66636 41.82314, -87.6634 41.82318, -87.65998 41.82321, -87.65765 41.82327, -87.65611 41.82331, -87.65333 41.82337, -87.65271 41.82337, -87.64635 41.82345, -87.64401 41.82348, -87.63953 41.82354, -87.63755 41.82356, -87.63711 41.82358, -87.63612 41.82359, -87.63608 41.82179, -87.63611 41.82179, -87.63608 41.81996, -87.63603 41.81905, -87.63606 41.819, -87.63604 41.81815, -87.63589 41.81815, -87.63582 41.81726, -87.63572 41.81635, -87.63616 41.81635, -87.63621 41.81578, -87.63622 41.81542, -87.63616 41.81261, -87.63618 41.81195, -87.63625 41.81148, -87.63638 41.81091, -87.63586 41.81092, -87.63582 41.80942, -87.63577 41.80905, -87.63592 41.80904, -87.63588 41.80796, -87.63582 41.80601, -87.63573 41.80239, -87.63568 41.80119, -87.6356 41.80065, -87.63554 41.79916, -87.6355 41.79766, -87.63549 41.79716, -87.63551 41.79646, -87.63546 41.79448)))",11
1753000,"Niles, IL",municipality,"MULTIPOLYGON (((-87.8402907239816 42.0564947446765, -87.8402907239816 42.059303485691, -87.8354112689263 42.0593963366337, -87.8353143261107 42.0619033120846, -87.8322121560093 42.0619961630273, -87.8322121560093 42.0606962498305, -87.8307903280462 42.0605105479452, -87.8304025567835 42.0605105479452, -87.8305964424149 42.0554965970433, -87.829691642802 42.0548002149736, -87.825587730272 42.0548930659162, -87.825587730272 42.0548698531805, -87.8257169873596 42.0476739051268, -87.8257816159034 42.0457240353316, -87.8257816159034 42.0453062060898, -87.8258139301753 42.044006292893, -87.8199004184196 42.044006292893, -87.8203851324979 42.0421956995117, -87.8203851324979 42.0405011698088, -87.8082995948114 42.0408029353723, -87.8073301666547 42.0408029353723, -87.8062637956824 42.0408029353723, -87.8007057409175 42.0408029353723, -87.8008026837332 42.0336069873186, -87.7978943992631 42.0336069873186, -87.7959878572217 42.0336069873186, -87.7959878572217 42.0323070741218, -87.7959555429498 42.0314482029025, -87.7959555429498 42.0306589698901, -87.7959232286779 42.0287091000949, -87.7959232286779 42.0286858873593, -87.795890914406 42.0264110392649, -87.7927887443047 42.0259003590804, -87.7927887443047 42.0258771463448, -87.7921747731388 42.0254128916316, -87.7918839446918 42.0252039770107, -87.7906236880881 42.0254593171029, -87.7903974881849 42.0255057425743, -87.789492688572 42.0246932968263, -87.789492688572 42.0237183619287, -87.789492688572 42.023695149193, -87.7864874612863 42.0235558727791, -87.7861966328393 42.0235558727791, -87.7829005771066 42.0233933836295, -87.7803477496274 42.0235558727791, -87.7794106357426 42.0236022982504, -87.7794106357426 42.0235790855147, -87.7785381504016 42.0219541940187, -87.7771163224385 42.0192150912112, -87.7770840081666 42.0191918784755, -87.7696517256321 42.0191918784755, -87.7670988981529 42.0191918784755, -87.7673897265999 42.0090943384647, -87.767648240775 42.0085372328089, -87.7677128693188 42.008397956395, -87.7679067549501 42.0042893021836, -87.769393211457 42.005008896989, -87.7694578400008 42.0050553224603, -87.7701687539823 42.0064480865998, -87.7704272681574 42.0063320229215, -87.7723661244708 42.0100924860979, -87.7733032383556 42.0119030794792, -87.7733355526275 42.0119495049505, -87.7741434094247 42.0119495049505, -87.7760176371943 42.0119727176862, -87.776954751079 42.0119959304218, -87.7769224368071 42.0146421822867, -87.7768901225353 42.015501053506, -87.7780211220514 42.015501053506, -87.7791198072956 42.0155474789774, -87.7790874930237 42.0152921388851, -87.7790874930237 42.0119959304218, -87.7802508068117 42.0119959304218, -87.7814141205997 42.0120191431575, -87.7820604060375 42.0119959304218, -87.7847748048762 42.0119959304218, -87.7875215179868 42.0119959304218, -87.7877800321619 42.0120191431575, -87.7887171460467 42.0119959304218, -87.7832237198255 42.0055427899091, -87.7829652056504 42.0052874498169, -87.7825451201158 42.0048928333107, -87.7823189202126 42.0047303441611, -87.782221977397 42.0046374932185, -87.7823189202126 42.0045446422759, -87.7869075468209 42.002501921538, -87.7888787174061 42.0014573484335, -87.7901066597379 42.0008073918351, -87.7912053449821 42.0009930937203, -87.7931765155673 42.0009698809847, -87.7971188567378 42.000946668249, -87.7971188567378 42.0000181588227, -87.797926713535 41.9999949460871, -87.7994777985857 41.9999949460871, -87.7997363127608 42.0012252210769, -87.7998009413046 42.0015037739048, -87.7998009413046 42.0015269866404, -87.8010935121802 42.0015501993761, -87.8046803963599 42.0015037739048, -87.806102224323 42.0015037739048, -87.8067485097607 42.0015037739048, -87.8066515669451 42.0117173775939, -87.8065546241294 42.0185187091415, -87.8065546241294 42.0189597511189, -87.8065869384013 42.0189597511189, -87.8065869384013 42.0190061765903, -87.8163135342399 42.0187972619693, -87.8163135342399 42.0234630218364, -87.8163135342399 42.0259932100231, -87.8206759609449 42.0259003590804, -87.8218715890048 42.0258771463448, -87.8253292160969 42.0258075081378, -87.8264279013412 42.0257842954021, -87.835799040189 42.0255985935169, -87.835799040189 42.0281984199105, -87.8395151814562 42.0281055689679, -87.8407108095161 42.0291037166011, -87.8454933217557 42.0290108656585, -87.8453963789401 42.0362996646548, -87.8406138667005 42.0362996646548, -87.8406138667005 42.0399672768886, -87.8406138667005 42.0399904896243, -87.8433928940829 42.0399208514173, -87.8467858926313 42.0398047877391, -87.8467858926313 42.0398280004747, -87.8465920069999 42.0411975518785, -87.8431020656359 42.0412904028211, -87.8429081800046 42.0435884636512, -87.8386103818433 42.0435884636512, -87.8386103818433 42.046304353723, -87.8404846096129 42.0462115027804, -87.8403876667972 42.0502040933134, -87.8453640646681 42.0501112423708, -87.8453963789401 42.0501112423708, -87.8457841502027 42.0516897083955, -87.8502112054515 42.0512950918893, -87.8503081482672 42.0542895347891, -87.8549290891473 42.0541038329038, -87.8549937176911 42.0541038329038, -87.8549937176911 42.0575857432524, -87.8549937176911 42.058491039943, -87.8496941771013 42.0587928055066, -87.84950029147 42.0543127475247, -87.84950029147 42.0542895347891, -87.8486924346727 42.0542895347891, -87.8488863203041 42.0524093032009, -87.8475937494285 42.0525021541435, -87.8474968066128 42.0543823857317, -87.8474968066128 42.0544055984674, -87.8453963789401 42.05449844941, -87.8437160368018 42.055310895158, -87.8403876667972 42.0551948314797, -87.8403553525253 42.0557055116642, -87.8402907239816 42.056192979113, -87.8403230382535 42.0562161918486, -87.841615609129 42.0568893611827, -87.8403230382535 42.0565179574122, -87.8402907239816 42.0564947446765), (-87.8357020973733 42.0342105184457, -87.8357020973733 42.0317963939373, -87.8345064693134 42.0317963939373, -87.8346034121291 42.0291965675437, -87.8277851007605 42.0294983331073, -87.8260078158066 42.0294054821647, -87.8260078158066 42.0330963071342, -87.8202881896823 42.0331891580768, -87.8258139301753 42.0395958731181, -87.8283990719264 42.0391084056693, -87.8284960147421 42.0398047877391, -87.8349911833918 42.0395958731181, -87.8349911833918 42.0369031957819, -87.8357020973733 42.0369031957819, -87.8357020973733 42.0342105184457), (-87.8452994361244 42.0515968574529, -87.8444915793271 42.0508076244405, -87.8403876667972 42.0509004753832, -87.8403876667972 42.0525021541435, -87.8412924664101 42.0525021541435, -87.841615609129 42.0542895347891, -87.8452994361244 42.0541966838465, -87.8452994361244 42.0538020673403, -87.8452994361244 42.0525021541435, -87.8452994361244 42.0515968574529)))",11
1753377,"Norridge, IL",municipality,"MULTIPOLYGON (((-87.8184139619127 41.9706076227452, -87.8185109047284 41.9670096487183, -87.8194157043413 41.9670096487183, -87.8194157043413 41.966963223247, -87.8195126471569 41.9632956110132, -87.8171860195809 41.9633884619558, -87.8169921339496 41.9670096487183, -87.8163781627837 41.9670560741896, -87.8163458485118 41.9670560741896, -87.815699563074 41.9671024996609, -87.815699563074 41.9670560741896, -87.8157965058897 41.9633884619558, -87.8140838494796 41.9635045256341, -87.8140838494796 41.9625063780008, -87.8121126788943 41.9628081435644, -87.8072009095672 41.9628081435644, -87.8072009095672 41.96459552421, -87.8051974247101 41.9646419496813, -87.8044218821847 41.9646651624169, -87.8034524540281 41.9646883751526, -87.8025153401433 41.9647115878882, -87.8025476544152 41.9623671015869, -87.8026122829589 41.9590941058592, -87.8013520263553 41.9590941058592, -87.8012873978115 41.9590941058592, -87.8012873978115 41.9567264068222, -87.8030646827654 41.9558675356029, -87.8072978523829 41.953894453072, -87.8072978523829 41.9535694747728, -87.8072978523829 41.9528034544961, -87.8182847048251 41.9525249016683, -87.8228087028896 41.95240883799, -87.8221947317237 41.9528963054388, -87.8222916745394 41.9594887223654, -87.8268156726038 41.9594887223654, -87.8326645558158 41.9593030204801, -87.8326645558158 41.9594422968941, -87.8338601838757 41.9594190841584, -87.8357667259171 41.9593726586871, -87.8367038398019 41.9593958714228, -87.8367038398019 41.9627617180931, -87.8367038398019 41.9658025864641, -87.83667152553 41.9665918194765, -87.8367038398019 41.9665918194765, -87.8394182386406 41.9665453940052, -87.8403876667972 41.9665221812695, -87.8440391795207 41.9664525430625, -87.8465596927281 41.9664061175912, -87.8465596927281 41.9686113274786, -87.8464950641843 41.971907535942, -87.841615609129 41.971907535942, -87.841615609129 41.9700969425607, -87.8367038398019 41.9701897935033, -87.8367038398019 41.9702362189746, -87.83667152553 41.9702362189746, -87.8366392112581 41.9713272175505, -87.837253182424 41.9713968557575, -87.8378994678618 41.9714897067001, -87.8379317821337 41.9719771741489, -87.8379640964056 41.9738341930015, -87.8408400666037 41.9738109802658, -87.8415509805852 41.9738109802658, -87.8415509805852 41.9746930642208, -87.8366392112581 41.9747859151634, -87.8366392112581 41.9748091278991, -87.8366068969862 41.9748091278991, -87.8366068969862 41.9752037444053, -87.8338924981475 41.9753894462905, -87.8336016697005 41.9753894462905, -87.8335693554287 41.9752501698766, -87.8336339839724 41.9749251915774, -87.8335370411568 41.9749251915774, -87.8334077840692 41.9740431076224, -87.8334077840692 41.9739270439441, -87.8334077840692 41.9739038312085, -87.8317920704747 41.9739038312085, -87.831727441931 41.973323512817, -87.831727441931 41.9730681727248, -87.8292392429955 41.9730913854605, -87.8267510440601 41.9730913854605, -87.8266864155163 41.9730913854605, -87.8266864155163 41.9739966821511, -87.8194157043413 41.974205596772, -87.8194157043413 41.9740895330937, -87.8194157043413 41.9732306618744, -87.8189956188067 41.9732306618744, -87.8189956188067 41.9732074491388, -87.8189956188067 41.9706076227452, -87.8184139619127 41.9706076227452)))",11
5,North Center,community area,"MULTIPOLYGON (((-87.67336 41.93235, -87.67594 41.93232, -87.68284 41.93224, -87.68284 41.93234, -87.68306 41.93277, -87.68341 41.93335, -87.68353 41.93345, -87.68427 41.93363, -87.68466 41.93368, -87.68506 41.9337, -87.68526 41.9338, -87.68549 41.93381, -87.68597 41.93404, -87.6866 41.93468, -87.68683 41.93492, -87.68692 41.93514, -87.68703 41.93528, -87.6874 41.93563, -87.68767 41.93591, -87.68799 41.93611, -87.68849 41.93644, -87.68878 41.9365, -87.68925 41.93653, -87.68993 41.93662, -87.69007 41.93666, -87.69041 41.93691, -87.69072 41.93741, -87.69087 41.93786, -87.69106 41.93825, -87.69149 41.9388, -87.69167 41.93893, -87.6919 41.93901, -87.69234 41.93923, -87.69244 41.93939, -87.69279 41.93953, -87.69306 41.93979, -87.69331 41.93994, -87.69363 41.94027, -87.69387 41.9407, -87.69408 41.94103, -87.69446 41.94152, -87.69491 41.94219, -87.695 41.94235, -87.69528 41.94278, -87.69545 41.94332, -87.69548 41.94359, -87.69619 41.94658, -87.6962 41.94671, -87.69622 41.94703, -87.69637 41.94775, -87.69647 41.94796, -87.69668 41.94892, -87.69686 41.95002, -87.69679 41.9504, -87.69654 41.95086, -87.6964 41.95103, -87.69579 41.95217, -87.6955 41.95262, -87.69507 41.95312, -87.69465 41.95369, -87.69455 41.95393, -87.69444 41.95467, -87.69447 41.95538, -87.69439 41.95589, -87.69439 41.95639, -87.69437 41.95682, -87.69427 41.95686, -87.69427 41.95704, -87.69438 41.95707, -87.69438 41.95743, -87.69434 41.95773, -87.6944 41.95808, -87.69444 41.95852, -87.69458 41.95921, -87.69459 41.95965, -87.69466 41.96007, -87.69467 41.96057, -87.6947 41.96111, -87.69475 41.96128, -87.68893 41.96132, -87.68643 41.96135, -87.68315 41.96141, -87.68093 41.96144, -87.67861 41.96147, -87.67736 41.96148, -87.67398 41.96154, -87.67388 41.95797, -87.67389 41.95766, -87.67379 41.95437, -87.6738 41.95409, -87.67375 41.95254, -87.67375 41.95234, -87.67371 41.95069, -87.67372 41.95049, -87.67368 41.94884, -87.67365 41.94847, -87.67361 41.94717, -87.67372 41.94694, -87.67365 41.94647, -87.67363 41.94539, -87.67355 41.943, -87.6735 41.94087, -87.67345 41.94024, -87.67344 41.93944, -87.67335 41.936, -87.67347 41.936, -87.67338 41.93341, -87.67336 41.93235)))",11
29,North Lawndale,community area,"MULTIPOLYGON (((-87.72024 41.86988, -87.71965 41.8699, -87.71804 41.86992, -87.71797 41.86995, -87.71627 41.86994, -87.71474 41.86996, -87.70603 41.87007, -87.70579 41.87006, -87.70576 41.86914, -87.70411 41.86916, -87.70061 41.8692, -87.6987 41.86923, -87.69631 41.86925, -87.69574 41.86924, -87.69362 41.86927, -87.69257 41.86929, -87.69119 41.8693, -87.69117 41.86848, -87.69111 41.86796, -87.69103 41.86762, -87.69087 41.86723, -87.69084 41.86707, -87.69071 41.86697, -87.69047 41.86658, -87.69075 41.86657, -87.68878 41.86379, -87.68818 41.86307, -87.68812 41.86115, -87.68821 41.86115, -87.6882 41.86037, -87.68821 41.85952, -87.68817 41.85935, -87.68807 41.85935, -87.68802 41.8571, -87.68803 41.85698, -87.69173 41.85616, -87.69556 41.85529, -87.69557 41.85556, -87.69574 41.85557, -87.70123 41.85548, -87.70293 41.85546, -87.70288 41.85381, -87.70367 41.85363, -87.70422 41.85361, -87.70519 41.8536, -87.70639 41.85359, -87.7111 41.85355, -87.7112 41.85356, -87.71116 41.85232, -87.71114 41.852, -87.71242 41.85172, -87.71256 41.8517, -87.71513 41.85167, -87.71743 41.85164, -87.72228 41.85159, -87.72224 41.85036, -87.72223 41.84937, -87.73314 41.84693, -87.73838 41.84576, -87.73932 41.8456, -87.73945 41.84961, -87.73947 41.84961, -87.7395 41.85136, -87.73977 41.85866, -87.73998 41.86597, -87.73977 41.86597, -87.73989 41.86897, -87.73977 41.86902, -87.73785 41.86955, -87.73267 41.87099, -87.73265 41.87093, -87.73261 41.8701, -87.73258 41.86901, -87.73121 41.86903, -87.73008 41.86904, -87.72684 41.86908, -87.72529 41.8691, -87.72527 41.86854, -87.7202 41.8686, -87.72024 41.86988)))",11
13,North Park,community area,"MULTIPOLYGON (((-87.7069 41.98309, -87.70672 41.98245, -87.70666 41.98214, -87.7065 41.98177, -87.70636 41.9812, -87.70625 41.98096, -87.7062 41.98072, -87.70608 41.98046, -87.70596 41.97993, -87.70591 41.97984, -87.70565 41.979, -87.70551 41.97866, -87.70536 41.97819, -87.70534 41.97806, -87.70517 41.97741, -87.70487 41.97646, -87.70483 41.97615, -87.70473 41.97586, -87.70471 41.97571, -87.70464 41.97562, -87.70459 41.97538, -87.70449 41.97521, -87.70446 41.97487, -87.70421 41.97402, -87.70404 41.97356, -87.70478 41.97397, -87.70553 41.97413, -87.70587 41.97423, -87.70722 41.97456, -87.70779 41.97468, -87.70809 41.97471, -87.70874 41.97469, -87.70936 41.97456, -87.71035 41.97426, -87.71083 41.97407, -87.71115 41.97387, -87.7113 41.9737, -87.71164 41.97308, -87.71202 41.97267, -87.71232 41.97245, -87.71325 41.97214, -87.71365 41.97204, -87.71403 41.97198, -87.71462 41.97194, -87.71567 41.97193, -87.71596 41.97199, -87.7162 41.9721, -87.71696 41.97253, -87.71774 41.97292, -87.71807 41.97311, -87.71871 41.97336, -87.71915 41.97359, -87.71972 41.97383, -87.72013 41.97397, -87.72056 41.97409, -87.72109 41.97412, -87.72177 41.97422, -87.72243 41.97442, -87.7228 41.97458, -87.72355 41.97505, -87.72379 41.97525, -87.72393 41.97545, -87.72421 41.9757, -87.72444 41.97582, -87.72505 41.97599, -87.72568 41.97611, -87.72597 41.97613, -87.72623 41.9761, -87.72656 41.97602, -87.72691 41.97586, -87.72712 41.97573, -87.72731 41.97555, -87.72823 41.97554, -87.72818 41.97364, -87.72813 41.97189, -87.73183 41.97185, -87.73188 41.9736, -87.73204 41.97367, -87.73312 41.97366, -87.73317 41.97549, -87.73848 41.97544, -87.74105 41.97541, -87.74418 41.97538, -87.74485 41.97539, -87.74611 41.97538, -87.74799 41.97535, -87.74803 41.97633, -87.74812 41.97928, -87.74815 41.98025, -87.74819 41.9808, -87.74817 41.9812, -87.74819 41.98191, -87.74826 41.98369, -87.74798 41.98368, -87.74772 41.98359, -87.74743 41.98345, -87.74731 41.98334, -87.74713 41.98309, -87.74699 41.98264, -87.74585 41.98264, -87.745 41.98265, -87.74311 41.98271, -87.74302 41.98262, -87.74227 41.98263, -87.74183 41.98265, -87.74085 41.98267, -87.74061 41.98267, -87.7397 41.9827, -87.73831 41.98272, -87.73838 41.98546, -87.73841 41.98633, -87.73737 41.98679, -87.7365 41.98716, -87.73524 41.98779, -87.73429 41.98824, -87.73414 41.98833, -87.73407 41.98848, -87.73306 41.98981, -87.73287 41.99009, -87.73186 41.9901, -87.73009 41.99247, -87.72915 41.9937, -87.72786 41.99547, -87.72642 41.99726, -87.71858 41.99729, -87.71603 41.9973, -87.71395 41.99732, -87.71067 41.99738, -87.71063 41.99703, -87.71062 41.99671, -87.71051 41.99584, -87.71032 41.99481, -87.71019 41.99425, -87.71016 41.99403, -87.70998 41.99335, -87.70985 41.99282, -87.70958 41.99191, -87.70952 41.99162, -87.70938 41.99142, -87.70937 41.99131, -87.70908 41.99036, -87.70898 41.99009, -87.70886 41.98946, -87.70877 41.98929, -87.70869 41.98891, -87.70848 41.9885, -87.70852 41.98843, -87.70847 41.9882, -87.70831 41.98774, -87.70828 41.98749, -87.70822 41.98736, -87.70816 41.98705, -87.70794 41.98653, -87.70776 41.98645, -87.70788 41.98636, -87.70782 41.98604, -87.7077 41.98565, -87.70751 41.98518, -87.70751 41.98496, -87.70739 41.9846, -87.70726 41.98429, -87.70719 41.98399, -87.70702 41.98355, -87.7069 41.98309)))",11
1754144,"North Riverside, IL",municipality,"MULTIPOLYGON (((-87.8548967748754 41.8493907171436, -87.8524732044837 41.8494603553506, -87.8463658070967 41.8495996317646, -87.8427142943733 41.8496924827072, -87.8427142943733 41.8506906303404, -87.8410985807788 41.8506906303404, -87.8410016379631 41.853290456734, -87.8328584414471 41.8508995449614, -87.8294977571706 41.8499013973281, -87.8230025885209 41.8499942482707, -87.8083965376271 41.8502960138343, -87.8081057091801 41.8502960138343, -87.8082995948114 41.8560991977486, -87.8082995948114 41.8577008765089, -87.8040017966502 41.8577008765089, -87.8038079110188 41.8514798633528, -87.8038079110188 41.8514102251458, -87.8036463396594 41.8469765926353, -87.8034847682999 41.8431000657806, -87.8104969652999 41.8431000657806, -87.8137607067607 41.8430536403092, -87.8224855601707 41.8428911511596, -87.8225178744426 41.842867938424, -87.8228087028896 41.8424965346535, -87.8227117600739 41.8392003261902, -87.8226148172583 41.8355095012207, -87.8321475274655 41.8353005865998, -87.8322121560093 41.8353005865998, -87.8322121560093 41.8375057964872, -87.832309098825 41.838875347891, -87.832599927272 41.8425893855961, -87.8348619263042 41.8425429601248, -87.8421003232074 41.8424036837108, -87.8422618945668 41.8424733219178, -87.8422942088387 41.8424965346535, -87.8423265231106 41.8425197473891, -87.8423265231106 41.8425429601248, -87.844814722046 41.8449106591618, -87.8498880627326 41.8449106591618, -87.8528932900183 41.8464891251865, -87.8549937176911 41.8466051888648, -87.8548967748754 41.8493907171436)))",11
1753481,"Northbrook, IL",municipality,"MULTIPOLYGON (((-87.8258139301753 42.1055896805914, -87.8257816159034 42.1055896805914, -87.8251999590094 42.1025023867489, -87.8247152449311 42.098300881595, -87.8341833265945 42.098300881595, -87.8342156408664 42.098300881595, -87.829400814355 42.1032916197613, -87.8293038715393 42.1034076834396, -87.8269126154195 42.1055896805914, -87.8256846730877 42.1068895937881, -87.8258139301753 42.1055896805914)), ((-87.8724111102393 42.1506920259732, -87.8709892822762 42.1500884948461, -87.8689857974191 42.1499027929608, -87.8439099224331 42.1499027929608, -87.8435867797143 42.1498563674895, -87.8431020656359 42.1498099420182, -87.8397090670876 42.1492064108911, -87.8388042674747 42.148602879764, -87.8389012102903 42.1476511576021, -87.8389012102903 42.1476047321308, -87.8376086394148 42.1456084368642, -87.8386103818433 42.1453995222433, -87.8389012102903 42.143797843483, -87.8410016379631 42.143797843483, -87.8407108095161 42.1405944859623, -87.8398060099032 42.139596338329, -87.8386103818433 42.139596338329, -87.838707324659 42.1382964251322, -87.8347972977604 42.1382732123966, -87.8252969018251 42.1382035741896, -87.8283021291107 42.14210331378, -87.8129851642353 42.1420104628374, -87.8139869066639 42.1425907812288, -87.8144069921984 42.143797843483, -87.8140838494796 42.1453066713007, -87.8180908191938 42.1448888420589, -87.8185109047284 42.1486957307066, -87.8241982165808 42.1498099420182, -87.8243921022122 42.1526883212397, -87.8240366452214 42.1526883212397, -87.8210960464795 42.1525026193544, -87.8070070239359 42.1525026193544, -87.7960848000374 42.1525026193544, -87.7973127423691 42.1509009405941, -87.7973127423691 42.1500884948461, -87.7945014007148 42.1457941387495, -87.7928856871203 42.1453995222433, -87.7899127741065 42.1453995222433, -87.7899127741065 42.1450745439441, -87.7901066597379 42.1411051661468, -87.790074345466 42.1410355279398, -87.789201860125 42.1392945727655, -87.7879092892494 42.139596338329, -87.7864874612863 42.1388071053167, -87.7866490326458 42.1379018086261, -87.7868106040052 42.1370893628781, -87.7849040619637 42.133909218093, -87.7840962051665 42.133909218093, -87.7846132335167 42.1304040950088, -87.7846132335167 42.1285935016276, -87.7840962051665 42.1272935884308, -87.7821896631251 42.1249955276007, -87.7816080062311 42.1235099125186, -87.7849040619637 42.1233938488404, -87.7837084339039 42.1216064681948, -87.7814141205997 42.1214904045165, -87.7803154353555 42.1197958748135, -87.7824158630283 42.1196101729283, -87.7850010047794 42.1174049630408, -87.7879092892494 42.1174049630408, -87.7877154036181 42.1181013451105, -87.7900097169222 42.1184031106741, -87.7998978841203 42.1184959616167, -87.7999948269359 42.1181941960532, -87.7999948269359 42.1103947168724, -87.8015782262585 42.1102090149871, -87.8016105405304 42.1102090149871, -87.7991869701387 42.1068895937881, -87.7989930845074 42.1054039787061, -87.8026445972308 42.1054271914417, -87.8147947634611 42.1054968296487, -87.8147947634611 42.1055200423844, -87.8147947634611 42.1076091885935, -87.8198034756039 42.1074931249152, -87.821516132014 42.1113928645056, -87.8193417967363 42.1137522494927, -87.821516132014 42.1116017791265, -87.8232934169679 42.1142944564628, -87.8230995313366 42.1115089281839, -87.8244890450278 42.1086073362268, -87.8273003866822 42.1055896805914, -87.8273327009541 42.1055896805913, -87.829400814355 42.1055896805914, -87.829400814355 42.1074931249152, -87.8343125836821 42.1074931249152, -87.8344095264978 42.1018988556219, -87.839288981553 42.1018988556219, -87.839288981553 42.1034076834396, -87.8442007508801 42.1034076834396, -87.8442007508801 42.1021077702428, -87.8453963789401 42.1021077702428, -87.8453963789401 42.1057057442696, -87.8469151497188 42.1057057442696, -87.8470120925345 42.1074002739726, -87.8490155773916 42.1074931249152, -87.8490155773916 42.1069360192595, -87.8490155773916 42.1057057442696, -87.8549937176911 42.1057057442696, -87.8549937176911 42.1057289570053, -87.8549937176911 42.1064021263393, -87.8569972025482 42.1064021263394, -87.8569972025482 42.1057289570053, -87.8569972025482 42.1057057442696, -87.858806801774 42.1057057442696, -87.8602286297371 42.1057521697409, -87.8618120290597 42.1057985952123, -87.8639124567325 42.1057985952123, -87.8671115696495 42.1063092753967, -87.8668853697463 42.1080038050997, -87.8686949689721 42.1105107805507, -87.868404140525 42.111300013563, -87.865786684502 42.1123910121389, -87.865495856055 42.1165925172928, -87.8634923711979 42.1167085809711, -87.8633954283822 42.1239045290248, -87.8682102548937 42.1239045290248, -87.8682748834375 42.1240670181744, -87.8685657118845 42.1247401875085, -87.8687919117877 42.1252972931643, -87.8699875398476 42.1265972063611, -87.8726049958706 42.126806120982, -87.8756102231563 42.1265972063611, -87.8780014792761 42.1253901441069, -87.8791001645203 42.1250651658077, -87.8798757070457 42.1248330384511, -87.8800049641332 42.1248098257155, -87.8795202500549 42.124299145531, -87.878906278889 42.1236956144039, -87.88559533317 42.1236956144039, -87.8866940184142 42.1262025898549, -87.8869848468613 42.127479290316, -87.8872110467645 42.1284077997423, -87.8873079895801 42.1304040950088, -87.8872110467645 42.1378089576834, -87.8872433610364 42.1378321704191, -87.8877603893866 42.1381571487183, -87.8877927036585 42.1382035741896, -87.8876957608428 42.1385749779601, -87.8876957608428 42.1385981906958, -87.885304504723 42.1385981906958, -87.885304504723 42.1398981038926, -87.8865001327829 42.1398981038926, -87.8840119338475 42.1434960779194, -87.8822992774373 42.1448888420589, -87.882396220253 42.1456084368642, -87.8875665037553 42.1456084368642, -87.8924136445386 42.1456084368642, -87.8924136445386 42.1529900868032, -87.8872756753082 42.1529436613319, -87.8803281068521 42.1529436613319, -87.8791647930641 42.1529436613319, -87.8780661078199 42.1529436613319, -87.8780014792761 42.1529436613319, -87.875997994419 42.1528972358606, -87.8749962519904 42.1513884080429, -87.8734128526678 42.1513884080429, -87.8724111102393 42.1506920259732), (-87.8587098589583 42.1125999267598, -87.8587098589583 42.1136909253357, -87.8609072294468 42.1135980743931, -87.8609072294468 42.1126927777024, -87.8587098589583 42.1125999267598), (-87.8171860195809 42.1164068154076, -87.818607847544 42.1151069022108, -87.8185109047284 42.1164068154076, -87.8195126471569 42.1164068154076, -87.8195126471569 42.1145962220263, -87.8192876097978 42.1138110452917, -87.8168951911339 42.1164068154076, -87.8171860195809 42.1164068154076), (-87.8208052180325 42.1145962220263, -87.8198034756039 42.1145962220263, -87.8197065327882 42.1164068154076, -87.8208052180325 42.1164068154076, -87.8208052180325 42.1145962220263), (-87.8804896782115 42.1275025030517, -87.8801019069489 42.1258079733487, -87.879197107336 42.1258079733487, -87.8779045364604 42.126806120982, -87.8779045364604 42.1275025030517, -87.8794233072392 42.1275025030517, -87.8804896782115 42.1275025030517)))",12
1753663,"Northfield, IL",municipality,"MULTIPOLYGON (((-87.7824158630283 42.1196101729283, -87.7800892354523 42.1161979007867, -87.7755975516597 42.116105049844, -87.775500608844 42.1126927777024, -87.7730124099086 42.1087001871694, -87.7707180966045 42.1086073362268, -87.7706857823326 42.1086073362268, -87.7660002129087 42.1087001871694, -87.7657093844616 42.1014113881731, -87.7564351884295 42.1012953244948, -87.7564028741576 42.1012953244948, -87.7564028741576 42.1007614315747, -87.7564028741576 42.097488435847, -87.7564028741576 42.0940065254984, -87.7515880476461 42.0938904618202, -87.7513941620148 42.0938904618202, -87.7514911048305 42.0866945137664, -87.7516849904618 42.0849071331209, -87.7544963321161 42.0849071331209, -87.7572107309548 42.0849071331209, -87.7573076737705 42.0849071331209, -87.7584063590147 42.0866945137664, -87.7574046165862 42.0866945137664, -87.7574046165862 42.0888068727113, -87.7567906454203 42.0898978712871, -87.7616054719317 42.0898050203445, -87.7616054719317 42.0889925745965, -87.7650954132958 42.0891086382748, -87.76619409854 42.0885051071477, -87.7662910413557 42.0869034283874, -87.7671958409685 42.0869034283874, -87.76910238301 42.0908031679778, -87.7702010682542 42.0940993764411, -87.7706857823326 42.0941225891767, -87.7715259534017 42.0941458019124, -87.7759853229224 42.094308291062, -87.7759853229224 42.0942618655907, -87.7759853229224 42.0907103170351, -87.7783119504984 42.0907103170351, -87.7779888077795 42.0933101434287, -87.7795075785583 42.0933101434287, -87.7831914055536 42.0927066123016, -87.7868106040052 42.0925905486234, -87.7884909461434 42.0918941665536, -87.7884909461434 42.0934029943714, -87.7893957457563 42.0944011420046, -87.7902682310973 42.0944011420046, -87.7938228010051 42.0944475674759, -87.7978297707194 42.0944939929472, -87.7980882848945 42.0944939929472, -87.7981205991664 42.0948886094534, -87.7987022560604 42.1017131537366, -87.7989930845074 42.1053807659704, -87.7989930845074 42.1054039787061, -87.7991869701387 42.1068895937881, -87.8016105405304 42.1102090149871, -87.8015782262585 42.1102090149871, -87.7999948269359 42.1103947168724, -87.7999948269359 42.1181941960532, -87.7998978841203 42.1184959616167, -87.7900097169222 42.1184031106741, -87.7877154036181 42.1181013451105, -87.7879092892494 42.1174049630408, -87.7850010047794 42.1174049630408, -87.7824158630283 42.1196101729283)))",12
1753871,"Northlake, IL",municipality,"MULTIPOLYGON (((-87.9203331754508 41.9213269849451, -87.9203331754508 41.9215591123016, -87.9203008611789 41.9240893004883, -87.9198161471005 41.9245999806727, -87.9198161471005 41.9300085480808, -87.9194930043816 41.931285248542, -87.919105233119 41.932910140038, -87.9173925767088 41.9349992862471, -87.9154860346674 41.9363920503866, -87.9143873494232 41.9366938159501, -87.9141934637918 41.9311227593924, -87.9140965209762 41.9291032513902, -87.9103157511651 41.9294050169538, -87.9089908660177 41.9300085480808, -87.9089908660177 41.9309834829784, -87.9089908660177 41.9310066957141, -87.9081183806767 41.9309602702428, -87.9063087814509 41.9308906320358, -87.9066965527136 41.9291961023328, -87.9041114109624 41.9288943367693, -87.9038852110592 41.9251106608572, -87.8939970438612 41.9253892136851, -87.8935123297828 41.9222090689001, -87.8916381020133 41.9218144523939, -87.8916057877414 41.9217912396582, -87.8886975032714 41.9225108344636, -87.8892145316216 41.9212109212668, -87.889085274534 41.9170094161128, -87.8886005604557 41.9164058849858, -87.8851106190917 41.9164987359284, -87.8832040770502 41.9174968835616, -87.8829132486032 41.9158952048013, -87.8841088766631 41.915105971789, -87.8840119338475 41.9147113552828, -87.8888913889027 41.9145952916045, -87.888794446087 41.9119026142683, -87.8896023028843 41.9109973175777, -87.8895376743405 41.9087224694833, -87.8895053600686 41.9074457690221, -87.8895053600686 41.9073993435508, -87.8856922759857 41.9074921944934, -87.885013676276 41.9068190251594, -87.885013676276 41.9067958124237, -87.885013676276 41.9042191987658, -87.885013676276 41.9032906893395, -87.8862093043359 41.9032906893395, -87.8862416186078 41.9022693289706, -87.8863062471516 41.9002033954971, -87.8873079895801 41.9002033954971, -87.8878573322022 41.9005515865319, -87.8886975032714 41.9011086921877, -87.8886975032714 41.9011319049234, -87.8886975032714 41.9028032218907, -87.8902809025939 41.9028032218907, -87.8935123297828 41.9028032218907, -87.8935123297828 41.9027567964194, -87.8935123297828 41.9026639454767, -87.8936092725985 41.9018979252001, -87.8970345854187 41.9018282869931, -87.8972930995939 41.9018282869931, -87.8983917848381 41.9018050742574, -87.8983917848381 41.9008069266242, -87.8983917848381 41.8999944808762, -87.9021402403772 41.8998552044622, -87.903368182709 41.8998087789909, -87.9034004969809 41.8998087789909, -87.9045961250408 41.8996927153126, -87.9107035224278 41.8999016299336, -87.9129008929163 41.8998087789909, -87.9192991187503 41.8998087789909, -87.920559375354 41.8996927153126, -87.920559375354 41.9001801827614, -87.9203978039945 41.902106839821, -87.9203978039945 41.906842237895, -87.9203978039945 41.9097902553235, -87.9203978039945 41.9114151468195, -87.9203978039945 41.9130168255798, -87.9203978039945 41.9138060585922, -87.9203654897226 41.914154249627, -87.9203978039945 41.9145488661332, -87.9203654897226 41.9164523104571, -87.9203654897226 41.9196788807134, -87.9203331754508 41.9213269849451)))",12
10,Norwood Park,community area,"MULTIPOLYGON (((-87.78285 41.99741, -87.78287 41.99617, -87.78005 41.9949, -87.77782 41.99387, -87.77783 41.99378, -87.77787 41.9916, -87.77789 41.99013, -87.77793 41.98823, -87.77799 41.98495, -87.77804 41.98291, -87.77824 41.98292, -87.78331 41.98291, -87.78378 41.98292, -87.78436 41.98291, -87.78542 41.98291, -87.78773 41.98291, -87.78785 41.97681, -87.78786 41.97643, -87.78791 41.97367, -87.78801 41.9689, -87.79758 41.96881, -87.79904 41.96881, -87.80252 41.96878, -87.80254 41.96831, -87.80716 41.96828, -87.80715 41.96919, -87.80712 41.96971, -87.80709 41.97124, -87.80708 41.97253, -87.80706 41.97321, -87.80707 41.97455, -87.80729 41.97455, -87.81173 41.97443, -87.81548 41.97433, -87.81692 41.9743, -87.81695 41.97067, -87.81899 41.97062, -87.81897 41.97323, -87.81943 41.97323, -87.81943 41.97404, -87.8194 41.97423, -87.82305 41.97414, -87.82404 41.97412, -87.82674 41.97404, -87.82674 41.97315, -87.83173 41.97307, -87.83172 41.97396, -87.83342 41.97393, -87.83341 41.97493, -87.83363 41.97492, -87.83363 41.97538, -87.83644 41.97533, -87.83663 41.97532, -87.83661 41.97734, -87.83659 41.97804, -87.83658 41.97955, -87.83658 41.98641, -87.82373 41.98457, -87.82333 41.98452, -87.82314 41.98587, -87.82283 41.98823, -87.82216 41.99312, -87.82181 41.99523, -87.82161 41.99614, -87.82141 41.99686, -87.81941 41.99692, -87.81401 41.99706, -87.81094 41.99714, -87.81035 41.99713, -87.81032 41.99656, -87.81033 41.99543, -87.80793 41.99541, -87.80682 41.9954, -87.80676 42.00085, -87.80539 42.00087, -87.80531 42.00091, -87.80529 42.00151, -87.8046 42.00151, -87.80168 42.00155, -87.80108 42.00155, -87.80109 42.00088, -87.79966 42.00088, -87.79948 42, -87.79714 42.00002, -87.79713 42.00006, -87.79712 42.00095, -87.79117 42.00099, -87.79065 42.00041, -87.79019 42.00062, -87.79 42.00048, -87.78912 42.0002, -87.7886 41.99994, -87.78843 41.9998, -87.78811 41.99967, -87.78793 41.99964, -87.78761 41.99965, -87.78703 41.99984, -87.78673 41.99985, -87.78645 41.99976, -87.78597 41.99976, -87.78559 41.99973, -87.78534 41.99976, -87.78498 41.99992, -87.78463 42.00015, -87.78428 42.0002, -87.78382 42.00015, -87.78327 42.00002, -87.78302 42.00013, -87.78292 42.00032, -87.78291 42.00051, -87.7828 42.00102, -87.78261 42.00146, -87.7823 42.00205, -87.78203 42.0026, -87.78181 42.00284, -87.78164 42.00295, -87.78151 42.00297, -87.78099 42.00288, -87.78083 42.00277, -87.78068 42.00262, -87.78054 42.00239, -87.78039 42.00188, -87.78029 42.00162, -87.78027 42.00112, -87.78023 42.00081, -87.7802 42.00021, -87.78015 42.00002, -87.77999 41.99912, -87.78004 41.99869, -87.78009 41.99813, -87.78004 41.99781, -87.78002 41.99742, -87.78242 41.9974, -87.78285 41.99741), (-87.83358 41.98358, -87.8336 41.98268, -87.83421 41.98267, -87.83507 41.98268, -87.83509 41.98116, -87.83435 41.98117, -87.83436 41.98086, -87.8351 41.98085, -87.8351 41.98051, -87.82886 41.98061, -87.82886 41.98034, -87.82869 41.98034, -87.8287 41.9793, -87.82808 41.9793, -87.82808 41.97913, -87.8287 41.97913, -87.82864 41.97885, -87.82864 41.97845, -87.82972 41.97843, -87.82971 41.97814, -87.83002 41.97814, -87.83005 41.97807, -87.83004 41.97734, -87.82961 41.97735, -87.8296 41.97697, -87.83362 41.9769, -87.83362 41.97593, -87.8266 41.97605, -87.82443 41.97608, -87.82396 41.97967, -87.82364 41.98215, -87.82352 41.9831, -87.8253 41.98308, -87.82527 41.98197, -87.82814 41.98193, -87.82816 41.98374, -87.82831 41.9838, -87.82857 41.98378, -87.83295 41.98372, -87.83321 41.98367, -87.83321 41.98358, -87.83358 41.98358)))",12
76,O'Hare,community area,"MULTIPOLYGON (((-87.83659 41.97804, -87.83661 41.97734, -87.83663 41.97532, -87.83663 41.97478, -87.83681 41.97478, -87.84155 41.9747, -87.84155 41.9738, -87.83793 41.97385, -87.83795 41.97136, -87.83665 41.97138, -87.83665 41.97024, -87.84053 41.97018, -87.84159 41.97015, -87.84158 41.97199, -87.84651 41.9719, -87.84654 41.97159, -87.84655 41.97024, -87.84656 41.96956, -87.84654 41.96821, -87.84656 41.96696, -87.84657 41.96642, -87.84428 41.96647, -87.84197 41.96651, -87.84052 41.96654, -87.83826 41.96658, -87.83668 41.96661, -87.83669 41.96321, -87.8367 41.95937, -87.83667 41.95784, -87.83669 41.95601, -87.83669 41.95406, -87.83666 41.95189, -87.83663 41.95035, -87.83658 41.94901, -87.83649 41.94623, -87.83643 41.94477, -87.83518 41.9448, -87.83512 41.94468, -87.83508 41.94431, -87.83497 41.94151, -87.83491 41.94045, -87.83479 41.93776, -87.83481 41.93759, -87.83542 41.93758, -87.83853 41.93752, -87.83891 41.93751, -87.84261 41.93744, -87.84445 41.93741, -87.84662 41.93736, -87.84855 41.93732, -87.84962 41.9373, -87.85019 41.93776, -87.85066 41.93809, -87.85141 41.93871, -87.85164 41.93896, -87.85181 41.93918, -87.85211 41.9398, -87.85227 41.94042, -87.85253 41.94127, -87.85274 41.94183, -87.85295 41.94228, -87.85308 41.94261, -87.8531 41.94289, -87.85302 41.94312, -87.85301 41.94336, -87.85326 41.94377, -87.85358 41.94505, -87.85382 41.94585, -87.85408 41.94657, -87.85487 41.94781, -87.85498 41.94804, -87.855 41.94821, -87.85501 41.94895, -87.85494 41.94949, -87.85466 41.9501, -87.85453 41.95031, -87.85425 41.95093, -87.85407 41.95146, -87.84661 41.95165, -87.84662 41.9518, -87.8466 41.9557, -87.85808 41.95545, -87.85825 41.95559, -87.85845 41.95587, -87.85859 41.95615, -87.85871 41.95661, -87.85878 41.95694, -87.85876 41.95743, -87.85868 41.95762, -87.85842 41.95794, -87.85813 41.95835, -87.85758 41.9592, -87.85742 41.95957, -87.85703 41.96021, -87.85647 41.96124, -87.8563 41.9616, -87.85582 41.96242, -87.85568 41.96285, -87.85551 41.96447, -87.85544 41.96472, -87.8553 41.96513, -87.85497 41.96596, -87.85487 41.96637, -87.85477 41.96692, -87.85478 41.96721, -87.85498 41.96794, -87.85504 41.96834, -87.85503 41.96872, -87.85478 41.96944, -87.85432 41.97031, -87.85417 41.97079, -87.85413 41.97118, -87.85419 41.97144, -87.85427 41.97163, -87.8546 41.97205, -87.85498 41.97235, -87.85516 41.97247, -87.85536 41.97253, -87.85584 41.9726, -87.85606 41.97259, -87.85659 41.97247, -87.85704 41.97232, -87.85746 41.97216, -87.85783 41.97198, -87.85839 41.97162, -87.85868 41.97148, -87.85903 41.97144, -87.85941 41.97151, -87.85975 41.97161, -87.86011 41.97177, -87.86043 41.97194, -87.86085 41.97223, -87.86134 41.97262, -87.8617 41.973, -87.8619 41.97333, -87.86485 41.97325, -87.86701 41.97321, -87.86848 41.97317, -87.86883 41.97318, -87.86989 41.97313, -87.87244 41.97307, -87.88077 41.97286, -87.88079 41.96919, -87.88084 41.96551, -87.88079 41.95721, -87.88163 41.95712, -87.88383 41.95737, -87.88385 41.95731, -87.88563 41.95755, -87.88563 41.9575, -87.89027 41.95811, -87.8929 41.95806, -87.89288 41.9508, -87.90378 41.95063, -87.9123 41.95238, -87.91228 41.95144, -87.91451 41.95199, -87.91473 41.95204, -87.91477 41.95435, -87.91484 41.9551, -87.91489 41.95547, -87.91504 41.9562, -87.91523 41.95685, -87.91578 41.95714, -87.91614 41.95728, -87.91679 41.95747, -87.91727 41.95756, -87.91971 41.95798, -87.92 41.95802, -87.92 41.95816, -87.92217 41.95839, -87.92219 41.95654, -87.92217 41.95388, -87.92332 41.95415, -87.92475 41.95451, -87.92635 41.95487, -87.92635 41.95573, -87.92636 41.95903, -87.92839 41.95935, -87.93074 41.95975, -87.93208 41.95995, -87.93215 41.96175, -87.93223 41.96412, -87.93225 41.96481, -87.93477 41.96481, -87.93476 41.96683, -87.9368 41.96542, -87.93813 41.96429, -87.93972 41.96429, -87.93971 41.97865, -87.93975 41.9819, -87.93983 41.98703, -87.93982 41.98781, -87.93986 41.99016, -87.93988 41.9905, -87.93991 41.99288, -87.93993 41.9935, -87.9388 41.99354, -87.93865 41.99426, -87.93839 41.99519, -87.93817 41.9958, -87.93792 41.99641, -87.93762 41.99704, -87.93739 41.99746, -87.93708 41.99798, -87.93653 41.9988, -87.93591 41.99961, -87.93541 42.00018, -87.93466 42.00091, -87.93429 42.00125, -87.93377 42.00167, -87.93332 42.00202, -87.93088 42.00378, -87.9304 42.00414, -87.93036 42.00222, -87.92546 42.00227, -87.92545 42.00106, -87.92052 42.00114, -87.92044 42.00121, -87.92051 42.00496, -87.91377 42.00508, -87.91377 42.00871, -87.91331 42.00873, -87.91331 42.00627, -87.91303 42.00628, -87.91303 42.0051, -87.91134 42.00513, -87.91133 42.00511, -87.90827 42.00522, -87.90767 42.00526, -87.90768 42.00893, -87.90575 42.009, -87.90238 42.0081, -87.90238 42.00793, -87.89916 42.00706, -87.89835 42.0068, -87.89793 42.00665, -87.89718 42.00634, -87.89598 42.00579, -87.89598 42.00566, -87.89576 42.00566, -87.89576 42.00589, -87.89531 42.00568, -87.89429 42.00571, -87.89435 42.00272, -87.89355 42.00275, -87.89358 42.00334, -87.89323 42.00335, -87.89326 42.00395, -87.89189 42.004, -87.89 42.00324, -87.89026 42.00286, -87.89038 42.00286, -87.89039 42.00231, -87.89436 42.00218, -87.89436 42.00207, -87.89924 42.00191, -87.90241 42.00362, -87.9024 42.00404, -87.90406 42.00398, -87.90406 42.00357, -87.90312 42.00343, -87.89954 42.00149, -87.89744 42.00156, -87.89746 42.00054, -87.89297 41.99992, -87.89187 41.99975, -87.89081 41.99958, -87.89075 41.99962, -87.88983 41.99946, -87.8894 41.9994, -87.88835 41.9992, -87.88673 41.99887, -87.88501 41.99848, -87.88496 41.99831, -87.88453 41.99821, -87.88454 41.99511, -87.88035 41.99524, -87.87691 41.98568, -87.87586 41.98571, -87.87586 41.98295, -87.87489 41.98026, -87.87502 41.98025, -87.87373 41.97667, -87.87588 41.97661, -87.87589 41.97389, -87.87301 41.97396, -87.87298 41.97387, -87.87258 41.97388, -87.87265 41.97397, -87.8686 41.97406, -87.86861 41.97381, -87.86784 41.97383, -87.86784 41.97399, -87.86749 41.974, -87.86749 41.97374, -87.8655 41.97378, -87.86201 41.97387, -87.86201 41.97432, -87.86176 41.97518, -87.86168 41.97536, -87.86124 41.97601, -87.86102 41.97624, -87.86067 41.97655, -87.85996 41.977, -87.85938 41.97758, -87.85846 41.97867, -87.85701 41.97988, -87.85627 41.98047, -87.85604 41.98082, -87.85588 41.98111, -87.85578 41.98171, -87.85578 41.98217, -87.85597 41.98281, -87.85623 41.98349, -87.85657 41.98416, -87.85664 41.98433, -87.85664 41.98467, -87.85657 41.98503, -87.85647 41.98537, -87.85636 41.986, -87.85631 41.98616, -87.85609 41.98663, -87.85587 41.98716, -87.85558 41.98775, -87.85554 41.98795, -87.85557 41.9882, -87.85568 41.98867, -87.85584 41.98906, -87.8555 41.98895, -87.85483 41.98877, -87.85386 41.98863, -87.85317 41.98859, -87.85199 41.98854, -87.85107 41.98848, -87.85058 41.98844, -87.84953 41.98831, -87.84857 41.98817, -87.84505 41.98764, -87.8444 41.98753, -87.84399 41.98749, -87.84174 41.98715, -87.83892 41.98674, -87.83747 41.9865, -87.83658 41.98641, -87.83658 41.97955, -87.83659 41.97804)), ((-87.93639 42.00087, -87.93514 42.0009, -87.93551 42.00049, -87.9359 42.00011, -87.93633 41.99961, -87.93693 41.99881, -87.93708 41.9986, -87.94001 41.99812, -87.94002 41.99812, -87.94011 42.0008, -87.93897 42.00082, -87.93639 42.00087)), ((-87.93389 42.00198, -87.9343 42.00166, -87.9343 42.00174, -87.93509 42.00095, -87.93517 42.00334, -87.93529 42.00816, -87.93358 42.00818, -87.93356 42.00803, -87.93351 42.00567, -87.93348 42.00543, -87.93361 42.00489, -87.93437 42.00499, -87.9343 42.00197, -87.93389 42.00198)))",12
1754638,"Oak Forest, IL",municipality,"MULTIPOLYGON (((-87.7849040619637 41.6242968194765, -87.7849040619637 41.6243664576834, -87.7849040619637 41.6259681364438, -87.7849040619637 41.6261074128577, -87.7836114910882 41.6262002638003, -87.7836114910882 41.6277090916181, -87.7819957774937 41.6268966458701, -87.7818988346781 41.6255038817306, -87.7814141205997 41.6248074996609, -87.7701041254386 41.6248074996609, -87.7574046165862 41.6251092652245, -87.7567906454203 41.6258056472942, -87.7568867935928 41.6286834556999, -87.7557889029917 41.6278947935033, -87.7539146752221 41.6278019425607, -87.7539146752221 41.6275001769972, -87.7537854181346 41.6255967326733, -87.7537854181346 41.6249932015462, -87.7488090202637 41.6249932015462, -87.7481950490978 41.6229969062797, -87.7480981062821 41.6213952275193, -87.7469024782222 41.6217898440255, -87.7445112221024 41.6217898440255, -87.7445112221024 41.6226022897735, -87.7433155940425 41.6226951407161, -87.7433155940425 41.6232986718432, -87.7405042523882 41.6232986718432, -87.7395025099596 41.6232986718432, -87.739114738697 41.6215112911976, -87.7372081966555 41.6216041421402, -87.7357863686924 41.6210934619558, -87.7371112538398 41.6210934619558, -87.7370143110242 41.6178901044351, -87.7359156257799 41.6186096992405, -87.7333951125726 41.618911464804, -87.732102541697 41.6180061681134, -87.732102541697 41.6161027237895, -87.7296143427616 41.615592043605, -87.7280955719828 41.6152902780415, -87.7296143427616 41.6152902780415, -87.7306160851901 41.6147099596501, -87.7306160851901 41.6125047497626, -87.7319086560657 41.6119940695782, -87.730939227909 41.6107405818527, -87.7309069136371 41.6106941563814, -87.7315855133468 41.6100906252543, -87.7314885705311 41.6034053573851, -87.736497282674 41.6032892937068, -87.7362387684988 41.5958380055608, -87.7361095114113 41.59210075512, -87.7321994845127 41.5921936060627, -87.7321994845127 41.5959076437678, -87.7192091472133 41.5960004947104, -87.7180135191534 41.5956058782043, -87.716688634006 41.5963951112166, -87.716106977112 41.5965111748949, -87.716106977112 41.5964647494236, -87.7162039199276 41.5957915800895, -87.719306090029 41.5934006683168, -87.7180135191534 41.5933078173742, -87.7171087195405 41.5921936060627, -87.7171087195405 41.5914043730503, -87.7154930059461 41.5914043730503, -87.7153960631304 41.5878063990235, -87.7160100342963 41.5862047202631, -87.722505202946 41.5862047202631, -87.724831830522 41.5863672094127, -87.7251872875128 41.5863904221484, -87.729194257227 41.5863904221484, -87.7301959996556 41.5856940400787, -87.7325872557754 41.5839995103757, -87.7330719698537 41.5835584683982, -87.7344937978168 41.5821889169944, -87.7347846262638 41.5813068330395, -87.7355924830611 41.5803086854062, -87.7361095114113 41.5804943872915, -87.7378867963652 41.5788927085311, -87.7387915959781 41.5780106245762, -87.7394378814159 41.5784052410823, -87.7404073095725 41.5790087722094, -87.7403103667569 41.5806104509698, -87.7439941937522 41.580796152855, -87.7439941937522 41.5794033887156, -87.7410859092822 41.5794962396582, -87.7408920236509 41.5781963264614, -87.7412151663698 41.5771053278855, -87.7411828520979 41.5768964132646, -87.7409889664665 41.5755965000678, -87.7419907088951 41.575109032619, -87.7426693086048 41.5760375420453, -87.7427016228767 41.5761071802523, -87.7435094796739 41.5754340109182, -87.7438972509365 41.575109032619, -87.7439295652084 41.575109032619, -87.745803792978 41.5754107981826, -87.7502954767706 41.5749929689407, -87.7502954767706 41.5755036491252, -87.755110303282 41.5755036491252, -87.7553041889134 41.578289177404, -87.7503924195862 41.5784052410823, -87.748712077448 41.5778017099552, -87.7478072778351 41.576803562322, -87.745803792978 41.5768964132646, -87.745803792978 41.5781963264614, -87.7486151346323 41.5785909429676, -87.7554980745447 41.578498092025, -87.7553041889134 41.5810050674759, -87.7507155623051 41.5810979184185, -87.7505863052176 41.5830013627424, -87.7480981062821 41.5830942136851, -87.7480981062821 41.5853922745151, -87.7457068501623 41.5853922745151, -87.7459976786093 41.5871100169538, -87.7469994210379 41.5872028678964, -87.7469994210379 41.5885027810932, -87.7459976786093 41.5885027810932, -87.7459976786093 41.5885259938288, -87.7459976786093 41.5956987291469, -87.7557565887198 41.5956058782043, -87.7557889029917 41.5956058782043, -87.7560151028949 41.6028946772006, -87.7618963003787 41.602801826258, -87.7804123781712 41.6025000606944, -87.7814787491435 41.6024536352231, -87.782803634291 41.6024072097518, -87.7841931479822 41.6024072097518, -87.7846778620605 41.6024072097518, -87.7852918332264 41.6024072097518, -87.7853887760421 41.6041017394548, -87.7853887760421 41.6058659073647, -87.7853887760421 41.6060051837786, -87.7826097486596 41.6060051837787, -87.7836114910882 41.6070033314119, -87.7839023195352 41.6097656469551, -87.7839023195352 41.6097888596908, -87.7854857188577 41.6099977743117, -87.7854857188577 41.6099513488404, -87.7853887760421 41.6066087149057, -87.785421090314 41.6066087149057, -87.7898158312909 41.6064926512275, -87.7900097169222 41.6116923040147, -87.7945014007148 41.611599453072, -87.7945014007148 41.6139903648447, -87.7922070874107 41.6139903648447, -87.792400973042 41.6157081072833, -87.7902036025535 41.615800958226, -87.7903005453692 41.6171008714228, -87.7858088615766 41.6171008714228, -87.7761145800099 41.6171937223654, -87.7761145800099 41.6243896704191, -87.7849040619637 41.6242968194765), (-87.7480011634665 41.581608598603, -87.7480011634665 41.5808890037976, -87.7459976786093 41.5810050674759, -87.7456099073467 41.5819103641666, -87.7480011634665 41.581608598603)), ((-87.7469024782222 41.6232058209006, -87.7469347924941 41.6231826081649, -87.7481950490978 41.6229969062797, -87.7480981062821 41.6249932015462, -87.7469994210379 41.6249932015462, -87.7462885070563 41.6249932015462, -87.745803792978 41.6242968194765, -87.7469024782222 41.6232058209006)), ((-87.7568875882359 41.6287072392513, -87.7568867935928 41.6286834556999, -87.7568875882359 41.6286840265157, -87.7568875882359 41.6287072392513)))",12
1754820,"Oak Lawn, IL",municipality,"MULTIPOLYGON (((-87.7945983435305 41.7336055916859, -87.7897188884752 41.7336752298929, -87.7870044896365 41.7336984426285, -87.7798630355491 41.7338145063068, -87.7605714152313 41.7341626973417, -87.7520081331807 41.7343019737556, -87.7410859092822 41.7345108883765, -87.7410859092822 41.7343019737556, -87.7410859092822 41.729195171911, -87.7386946531624 41.729195171911, -87.7386946531624 41.7291487464397, -87.7386300246186 41.7276863440933, -87.7385977103467 41.7274310040011, -87.7385977103467 41.7274077912654, -87.7219558603239 41.7278024077716, -87.7216973461488 41.7278024077716, -87.7216973461488 41.7277791950359, -87.7212449463423 41.7168227838058, -87.7212126320704 41.7157549979656, -87.7211156892548 41.7132015970433, -87.7210833749829 41.7131783843076, -87.7211156892548 41.7131783843076, -87.7210833749829 41.7113445781907, -87.721051060711 41.7095107720738, -87.7209218036234 41.7056806706904, -87.7208248608078 41.704148630137, -87.7208248608078 41.7037540136308, -87.720760232264 41.7022219730775, -87.7206956037202 41.7002721032823, -87.7206632894483 41.6994828702699, -87.7206309751764 41.6985775735793, -87.7205340323608 41.6965580655771, -87.7205017180889 41.6958152580361, -87.7205340323608 41.6956527688865, -87.720469403817 41.6933547080564, -87.7204047752732 41.6929368788146, -87.7203724610013 41.6921708585379, -87.7203078324575 41.6912887745829, -87.7204370895451 41.6912887745829, -87.7205340323608 41.6913119873186, -87.7216650318769 41.6912887745829, -87.7216973461488 41.6912887745829, -87.7217942889644 41.6912887745829, -87.7259305157662 41.691219136376, -87.730066742568 41.691149498169, -87.7362710827707 41.6910334344907, -87.7371758823836 41.6910102217551, -87.7374343965587 41.6909637962837, -87.7382745676278 41.6909405835481, -87.7393086243283 41.6909405835481, -87.7395994527753 41.6908941580768, -87.739696395591 41.6908941580768, -87.7434125368582 41.6908013071341, -87.7442850221992 41.6908013071342, -87.7445758506462 41.6908013071341, -87.7490998487107 41.6907084561915, -87.7492614200701 41.6906852434559, -87.752202018812 41.690406690628, -87.7504893624019 41.6888050118676, -87.7505216766738 41.688781799132, -87.7513941620148 41.6882014807406, -87.7504893624019 41.6872033331073, -87.7505863052176 41.6859034199105, -87.7541085608535 41.6852998887834, -87.7541085608535 41.6834892954021, -87.7589233873649 41.6833964444595, -87.7590849587244 41.6833964444595, -87.7594081014433 41.690406690628, -87.759214215812 41.690406690628, -87.759214215812 41.6905459670419, -87.7592465300838 41.691288774583, -87.7593111586276 41.6931457934355, -87.7594081014433 41.695142088702, -87.7596989298903 41.701572016479, -87.7596989298903 41.7015952292147, -87.7624779572727 41.7015488037434, -87.7645137564018 41.7015023782721, -87.767357412328 41.7014327400651, -87.7690054401943 41.7014095273294, -87.7690377544662 41.7014327400651, -87.7694578400008 41.7017577183643, -87.7694901542727 41.7018041438356, -87.7695870970883 41.7051003522989, -87.7670988981529 41.7051003522989, -87.7671635266966 41.7068413074732, -87.7672927837842 41.7122963003526, -87.7674220408718 41.7122498748813, -87.770265696798 41.7110195998915, -87.7710089250514 41.7106946215923, -87.7719783532081 41.7100446649939, -87.7740141523371 41.7086983263258, -87.7741434094247 41.7086983263258, -87.774337295056 41.7086983263258, -87.7793136929269 41.7086983263258, -87.7792167501113 41.7099982395226, -87.7790874930237 41.711391003662, -87.7791198072956 41.7114142163977, -87.7796368356458 41.7116695564899, -87.7797014641896 41.7116927692256, -87.7799599783647 41.7196083120846, -87.7799922926366 41.7203046941543, -87.7818018918624 41.7197011630273, -87.7848071191481 41.7196083120846, -87.7848071191481 41.719515461142, -87.7847424906043 41.7165210182422, -87.7847101763324 41.7140140427913, -87.7847101763324 41.7139908300556, -87.7851948904108 41.7129926824224, -87.7857765473047 41.7128534060084, -87.7859381186642 41.7128069805371, -87.7863582041987 41.7127141295945, -87.7863905184706 41.7126909168588, -87.7879739177932 41.7126444913875, -87.789492688572 41.7125980659162, -87.7895896313877 41.7157549979655, -87.7895896313877 41.7158014234369, -87.7939843723646 41.7157085724942, -87.7945014007148 41.7151050413672, -87.798508370429 41.7171941875763, -87.7986376275166 41.7195618866133, -87.798799198876 41.7229973714906, -87.7987668846041 41.7229973714906, -87.7899127741065 41.7230902224332, -87.7902036025535 41.7313075308558, -87.7919808875074 41.7313075308558, -87.7939197438208 41.7313075308558, -87.7945014007148 41.7313075308558, -87.7945983435305 41.7335823789502, -87.7945983435305 41.7336055916859)))",12
1754885,"Oak Park, IL",municipality,"MULTIPOLYGON (((-87.8057144530603 41.9089081713685, -87.8027738543184 41.9089313841042, -87.8027415400465 41.9089313841042, -87.8009965693645 41.9089313841042, -87.7995101128576 41.9089545968398, -87.7833529769131 41.9091170859894, -87.7755975516597 41.9092099369321, -87.775209780397 41.8965357832633, -87.7748866376781 41.8870649871151, -87.7746604377749 41.8801475918893, -87.7744342378717 41.8727659419504, -87.7742080379685 41.8655003556897, -87.7789905502081 41.8654075047471, -87.7816726347748 41.8653610792757, -87.7871337467241 41.8652682283331, -87.7888464031342 41.8652450155975, -87.8041956822815 41.8649896755052, -87.8043249393691 41.8684251603825, -87.8045188250004 41.8738105150549, -87.8047450249036 41.8796369117049, -87.8050035390787 41.8869721361725, -87.8050035390787 41.8869953489082, -87.8050358533506 41.8886202404042, -87.8051327961663 41.89147540689, -87.8051651104382 41.8925431927302, -87.8054559388852 41.9015265214295, -87.8057144530603 41.9089081713685)))",12
36,Oakland,community area,"MULTIPOLYGON (((-87.59215 41.81693, -87.59526 41.81694, -87.59596 41.81683, -87.5964 41.81682, -87.59646 41.81691, -87.59688 41.81693, -87.59911 41.8169, -87.59959 41.81689, -87.60158 41.81688, -87.60671 41.81681, -87.60674 41.81815, -87.60676 41.81934, -87.6068 41.82007, -87.60684 41.82201, -87.60686 41.82317, -87.60644 41.82331, -87.60687 41.82396, -87.60733 41.82395, -87.61262 41.82389, -87.61226 41.82526, -87.61152 41.82791, -87.611 41.82978, -87.61063 41.83119, -87.60749 41.83122, -87.60721 41.83123, -87.60583 41.83123, -87.60295 41.83133, -87.60271 41.83137, -87.60259 41.83102, -87.60239 41.83069, -87.60224 41.83053, -87.60172 41.83006, -87.60148 41.82979, -87.60123 41.82945, -87.6003 41.82827, -87.60016 41.82816, -87.59997 41.82793, -87.59921 41.82739, -87.5987 41.82706, -87.59826 41.8268, -87.59795 41.82656, -87.59775 41.82634, -87.59758 41.82605, -87.59748 41.82564, -87.59748 41.8255, -87.5977 41.82457, -87.59763 41.82403, -87.59753 41.82371, -87.59734 41.82321, -87.59725 41.8228, -87.59733 41.82274, -87.59711 41.82252, -87.59702 41.82223, -87.59684 41.82196, -87.59631 41.82141, -87.5962 41.82133, -87.59586 41.82084, -87.59569 41.82053, -87.59573 41.82043, -87.59549 41.82016, -87.59512 41.81981, -87.59469 41.81973, -87.59444 41.81952, -87.5937 41.81904, -87.59349 41.81881, -87.59335 41.81873, -87.59296 41.81857, -87.59262 41.81834, -87.59239 41.81805, -87.59219 41.81768, -87.59215 41.81693)))",12
1755938,"Olympia Fields, IL",municipality,"MULTIPOLYGON (((-87.7132956354576 41.5291013905466, -87.7132956354576 41.5279407537637, -87.7132956354576 41.5278943282924, -87.6863132184303 41.5280103919707, -87.6900939882413 41.5207912311813, -87.6938101295085 41.5141059633121, -87.6937131866928 41.513502432185, -87.685505361633 41.513502432185, -87.6863132184303 41.5148023453818, -87.6863132184303 41.5165897260274, -87.6836957624073 41.5165897260274, -87.6825001343474 41.5171004062119, -87.6818861631815 41.5200948491116, -87.6848913904671 41.5217893788146, -87.6846975048358 41.5228107391835, -87.6811106206561 41.5213019113658, -87.6810136778405 41.5222072080564, -87.679397964246 41.5222072080564, -87.6793010214303 41.5242963542656, -87.6783962218174 41.5242963542656, -87.6782992790018 41.5280103919707, -87.6754233088037 41.5279407537637, -87.6745185091907 41.5279175410281, -87.6738075952092 41.5278943282924, -87.6697036826793 41.5278943282924, -87.6680233405411 41.5278711155568, -87.6647919133521 41.5278014773498, -87.6645980277208 41.5242963542656, -87.6647919133521 41.5206055292961, -87.6696067398636 41.5206055292961, -87.6696067398636 41.5184931703513, -87.6706084822922 41.5177967882816, -87.6736137095779 41.5178896392242, -87.6743892521032 41.5168914915909, -87.6743892521032 41.5154058765089, -87.6743892521032 41.5142684524617, -87.6743892521032 41.5096955435372, -87.6743246235594 41.5062136331887, -87.6742923092875 41.5041012742439, -87.6743246235594 41.5041012742439, -87.6775560507483 41.5040316360369, -87.678234650458 41.5040084233012, -87.6792040786147 41.5040084233012, -87.6792040786147 41.506190420453, -87.6983018133011 41.506190420453, -87.6995943841766 41.506190420453, -87.7068004668079 41.506190420453, -87.7097087512779 41.506190420453, -87.7100318939968 41.506190420453, -87.7128109213793 41.5060975695104, -87.7131017498263 41.5060975695104, -87.7131663783701 41.5102758619287, -87.7131663783701 41.5120864553099, -87.7131986926419 41.5134095812424, -87.7131986926419 41.5146166434965, -87.7131986926419 41.5206983802387, -87.7132310069138 41.5215804641937, -87.7133925782733 41.5275925627289, -87.7143943207018 41.5275925627289, -87.7143943207018 41.5279407537637, -87.7143943207018 41.5291013905466, -87.7132956354576 41.5291013905466)))",12
1756627,"Orland Hills, IL",municipality,"MULTIPOLYGON (((-87.8602932582809 41.5892920141055, -87.8619089718754 41.5898955452326, -87.8618120290597 41.5908936928659, -87.8605840867279 41.591497223993, -87.859388458668 41.5911026074868, -87.8596146585712 41.5899883961752, -87.8572880309952 41.5899883961752, -87.8571910881795 41.5866921877119, -87.8602932582809 41.5865993367693, -87.8602932582809 41.5892920141055)), ((-87.8473998637972 41.5868082513902, -87.8478845778755 41.5989020866676, -87.8466889498156 41.5989949376102, -87.8466889498156 41.6014787003255, -87.8466889498156 41.6015019130612, -87.8357020973733 41.6017108276821, -87.835799040189 41.6037071229486, -87.8333108412535 41.6037071229486, -87.833181584166 41.6016876149464, -87.832890755719 41.5965111748949, -87.832890755719 41.5963951112166, -87.8329876985347 41.5945613050997, -87.8329876985347 41.5943988159501, -87.8378994678618 41.5943059650075, -87.8378994678618 41.5942595395361, -87.8377055822304 41.5907079909806, -87.8328261271752 41.5908008419232, -87.8327938129033 41.5908008419232, -87.8326968700876 41.5891991631629, -87.8327614986314 41.5891991631629, -87.836089868636 41.5891063122203, -87.8359929258203 41.5878063990235, -87.8326968700876 41.5878063990235, -87.8324060416406 41.5798212179574, -87.8324060416406 41.5797980052218, -87.8324383559125 41.5797980052218, -87.8407754380599 41.5796819415435, -87.8471090353502 41.5795890906008, -87.8473029209815 41.585601189136, -87.8473352352534 41.585601189136, -87.8523116331243 41.5855083381934, -87.8523439473962 41.5858565292283, -87.85240857594 41.5866921877119, -87.8523762616681 41.5866921877119, -87.8473998637972 41.5868082513902)))",12
1756640,"Orland Park, IL",municipality,"MULTIPOLYGON (((-87.856189345751 41.5576066299335, -87.8610041722625 41.5575137789909, -87.8612950007094 41.5648025779873, -87.8564155456542 41.5648954289299, -87.856189345751 41.5599975417062, -87.856189345751 41.5576066299335)), ((-87.8520531189492 41.5794962396582, -87.8520854332211 41.5794962396582, -87.8522470045805 41.584115574054, -87.8523116331243 41.5855083381934, -87.8473352352534 41.585601189136, -87.8473029209815 41.585601189136, -87.8471090353502 41.5795890906008, -87.8520531189492 41.5794962396582)), ((-87.9043052965938 41.6382940990777, -87.9043052965938 41.6368084839957, -87.8991026988196 41.6369013349383, -87.8999105556169 41.6382940990777, -87.9000074984325 41.6404993089651, -87.8975839280409 41.6404993089651, -87.8975839280409 41.6411956910349, -87.8927044729856 41.6412885419775, -87.8926721587137 41.6411956910349, -87.8925105873543 41.6407082235861, -87.8878896464741 41.6407082235861, -87.8878896464741 41.6395940122745, -87.8831071342346 41.6397100759528, -87.8830101914189 41.6371102495592, -87.8854014475387 41.6371102495592, -87.8852075619074 41.633605126475, -87.8731866527646 41.6337908283602, -87.8731866527646 41.6373888023871, -87.8539919752625 41.6376905679506, -87.8539919752625 41.639222608504, -87.8539273467187 41.6422866896107, -87.8538950324469 41.6450025796826, -87.8555107460413 41.6450025796826, -87.8555753745851 41.645049005154, -87.8587098589583 41.6469988749491, -87.8590006874053 41.6521985277363, -87.8572880309952 41.6524074423573, -87.8551876033224 41.652291378679, -87.8540889180782 41.6523145914146, -87.8490155773916 41.6524074423572, -87.8413894092258 41.6525002932999, -87.8401937811659 41.6521056767937, -87.8395151814562 41.6499933178489, -87.844233065152 41.6451882815679, -87.8463981213686 41.6430062844161, -87.8487893774884 41.6399886287807, -87.8471090353502 41.6388047792622, -87.8465920069999 41.639292246711, -87.8483046634101 41.6404064580225, -87.8435221511705 41.6452114943036, -87.8377055822304 41.6511075291605, -87.8361868114517 41.6511075291605, -87.836089868636 41.6499933178489, -87.8346034121291 41.6489951702157, -87.8329876985347 41.6491112338939, -87.8330846413503 41.6504111470907, -87.8322121560093 41.6508986145395, -87.8297885856176 41.6509914654822, -87.8295946999863 41.6454900471314, -87.8223563030832 41.645652536281, -87.8199004184196 41.6456989617524, -87.8103030796685 41.6459078763733, -87.8103030796685 41.6458846636376, -87.8101091940372 41.6385958646413, -87.812500450157 41.6385958646413, -87.8120157360787 41.6372959514445, -87.8108847365625 41.6372031005018, -87.8100122512215 41.6359960382477, -87.8098506798621 41.6313070656449, -87.8097860513183 41.6295893232063, -87.8072978523829 41.6295893232063, -87.8072978523829 41.628591175573, -87.8096891085026 41.628591175573, -87.8096891085026 41.6278019425607, -87.81220962171 41.6277090916181, -87.8123065645257 41.6312606401736, -87.8123065645257 41.6313070656449, -87.8129528499635 41.6312606401736, -87.8135991354012 41.6311910019666, -87.8135021925855 41.6284983246304, -87.8146008778298 41.6284983246304, -87.8146978206454 41.6265948803065, -87.8195126471569 41.6265020293639, -87.8195126471569 41.6256895836159, -87.8146978206454 41.6258056472942, -87.8146008778298 41.62459858504, -87.8168951911339 41.6248074996609, -87.8194157043413 41.6248074996609, -87.8194157043413 41.6236004374068, -87.8219039032767 41.6229040553371, -87.821806960461 41.6219987586464, -87.8192864472537 41.622091609589, -87.8181877620095 41.6212095256341, -87.8145039350141 41.6210006110132, -87.8146008778298 41.6203042289434, -87.8178969335625 41.6203042289434, -87.819189504438 41.6194917831954, -87.819189504438 41.6176115516072, -87.8167013055026 41.6180061681134, -87.8167013055026 41.6174026369863, -87.8125973929727 41.6171008714228, -87.8101091940372 41.6174026369863, -87.8101091940372 41.6167062549166, -87.8090428230649 41.6167294676523, -87.8089781945211 41.6167294676522, -87.8063607384981 41.6167758931236, -87.7995101128576 41.6168919568019, -87.7994131700419 41.6100906252543, -87.7986053132447 41.6096960087481, -87.7988961416917 41.6158938091686, -87.7983144847977 41.6169615950088, -87.7983144847977 41.6170080204801, -87.7951153718807 41.6170312332158, -87.7903005453692 41.6171008714228, -87.7902036025535 41.615800958226, -87.792400973042 41.6157081072833, -87.7922070874107 41.6139903648447, -87.7945014007148 41.6139903648447, -87.7945014007148 41.611599453072, -87.7900097169222 41.6116923040147, -87.7898158312909 41.6064926512275, -87.7896865742033 41.6040088885121, -87.7896865742033 41.6023375715448, -87.7896865742033 41.6022911460735, -87.794145943724 41.6022447206022, -87.800544169558 41.6021750823952, -87.8061991671386 41.6021054441883, -87.8068131383045 41.6021054441882, -87.8137930210326 41.60198938051, -87.8182847048251 41.6018965295673, -87.8187047903597 41.6018965295673, -87.8207729037606 41.6018733168317, -87.8283021291107 41.6018036786247, -87.8283021291107 41.6017572531534, -87.8282051862951 41.5980896409196, -87.829691642802 41.5980896409196, -87.829109985908 41.5963951112166, -87.8281082434794 41.5963951112166, -87.8280113006637 41.5944916668927, -87.8293038715393 41.5944916668927, -87.8290130430923 41.5871100169538, -87.8276881579448 41.5872028678964, -87.8275912151292 41.5799140689, -87.8275912151292 41.5798908561644, -87.8324060416406 41.5797980052218, -87.8324060416406 41.5798212179574, -87.8326968700876 41.5878063990235, -87.8359929258203 41.5878063990235, -87.836089868636 41.5891063122203, -87.8327614986314 41.5891991631629, -87.8326968700876 41.5891991631629, -87.8327938129033 41.5908008419232, -87.8328261271752 41.5908008419232, -87.8377055822304 41.5907079909806, -87.8378994678618 41.5942595395361, -87.8378994678618 41.5943059650075, -87.8329876985347 41.5943988159501, -87.8329876985347 41.5945613050997, -87.832890755719 41.5963951112166, -87.832890755719 41.5965111748949, -87.833181584166 41.6016876149464, -87.8333108412535 41.6037071229486, -87.835799040189 41.6037071229486, -87.8357020973733 41.6017108276821, -87.8466889498156 41.6015019130612, -87.8466889498156 41.6014787003255, -87.8466889498156 41.5989949376102, -87.8478845778755 41.5989020866676, -87.8473998637972 41.5868082513902, -87.8523762616681 41.5866921877119, -87.85240857594 41.5866921877119, -87.8539919752625 41.5866921877119, -87.8571910881795 41.5866921877119, -87.8572880309952 41.5899883961752, -87.8596146585712 41.5899883961752, -87.859388458668 41.5911026074868, -87.8605840867279 41.591497223993, -87.8618120290597 41.5908936928659, -87.8619089718754 41.5898955452326, -87.8602932582809 41.5892920141055, -87.8602932582809 41.5865993367693, -87.8717001962577 41.5863904221484, -87.8709892822762 41.5648025779872, -87.8707953966448 41.5573512898413, -87.8732189670365 41.55730486437, -87.8755455946125 41.5572584388987, -87.8854983903544 41.5570959497491, -87.8883420462806 41.5570495242778, -87.8894407315248 41.5571423752204, -87.8901839597783 41.5571191624847, -87.8915411591976 41.5570727370134, -87.8924782730824 41.5570727370134, -87.8952896147367 41.5570495242778, -87.8970668996906 41.5570030988065, -87.89842409911 41.5568406096569, -87.9017847833864 41.5567941841855, -87.9034004969809 41.5569334605995, -87.9037559539717 41.5569334605995, -87.9046930678564 41.5569334605995, -87.9046930678564 41.5623884534789, -87.9016878405708 41.5641061959175, -87.8972930995939 41.5641990468602, -87.8971961567782 41.5671934897599, -87.8914119021101 41.5713949949139, -87.8906040453128 41.5716967604774, -87.885886161617 41.5716039095348, -87.8860154187046 41.5787998575885, -87.8868879040456 41.5790087722094, -87.8841088766631 41.5852065726299, -87.8834949054972 41.5862975712058, -87.8826870487 41.5888973975994, -87.8822992774373 41.5917989895565, -87.8911857022068 41.5915900749356, -87.8909918165755 41.5839066594331, -87.8892145316216 41.5839066594331, -87.8893114744373 41.5862047202631, -87.8842058194788 41.5862047202631, -87.8854983903544 41.5826067462363, -87.8908948737598 41.5826067462363, -87.8907979309442 41.5777552844839, -87.8907979309442 41.5771053278855, -87.8907979309442 41.5770589024142, -87.8905071024972 41.5762928821375, -87.8907656166723 41.575991116574, -87.8914119021101 41.5752018835616, -87.8907009881285 41.5745055014919, -87.8905071024972 41.574296586871, -87.8904101596815 41.572602057168, -87.8906363595847 41.5723699298115, -87.891702730557 41.5713949949139, -87.8982948420224 41.5667988732538, -87.899005756004 41.5661024911841, -87.9002013840639 41.5671006388173, -87.9044022394094 41.5641061959175, -87.9021079261053 41.5641061959175, -87.9094432658241 41.5602296690628, -87.9093786372804 41.5632473246982, -87.9094109515523 41.5640365577106, -87.9096371514555 41.5694451251187, -87.9097987228149 41.5730895246169, -87.9097987228149 41.573414502916, -87.9097987228149 41.5744590760206, -87.9098956656306 41.5775695825987, -87.9100249227182 41.5797980052218, -87.9102511226214 41.5876903353452, -87.9102834368933 41.5888045466567, -87.9097017799993 41.5888045466567, -87.9055009246537 41.5888045466567, -87.905694810285 41.5917061386139, -87.9042083537781 41.5917061386139, -87.9042083537781 41.5931917536959, -87.9020109832897 41.5933078173742, -87.9020109832897 41.5943988159501, -87.905694810285 41.5943059650075, -87.9057917531007 41.5917989895565, -87.9079891235891 41.5915900749356, -87.9104126939808 41.5927042862471, -87.9104450082527 41.597045067815, -87.910348065437 41.5981824918622, -87.910348065437 41.5993199159094, -87.9103803797089 41.5997609578869, -87.9104450082527 41.600294850807, -87.9104773225246 41.6004109144853, -87.9077952379578 41.6005037654279, -87.9077952379578 41.600364489014, -87.9077952379578 41.5993895541164, -87.9057917531007 41.5993895541164, -87.905694810285 41.5947005815136, -87.9020109832897 41.5947005815136, -87.9021079261053 41.5966968767802, -87.9010092408611 41.5975093225282, -87.9011061836768 41.6004805526923, -87.9011061836768 41.6006894673132, -87.8927044729856 41.6008983819341, -87.8927044729856 41.6025000606944, -87.8915411591976 41.6039624630408, -87.8915088449257 41.6040088885121, -87.8915734734695 41.605239163502, -87.891702730557 41.6079086281025, -87.9012031264924 41.6076997134816, -87.9061148958196 41.6076997134816, -87.9108004652435 41.607606862539, -87.9108650937873 41.6098352851621, -87.9109620366029 41.6135493228672, -87.9109943508748 41.6148956615353, -87.9110912936905 41.6181454445273, -87.9111559222343 41.6193525067815, -87.9111559222343 41.6194917831954, -87.9064057242666 41.6194917831954, -87.9065026670822 41.62230052421, -87.8970022711468 41.6223933751526, -87.8971961567782 41.6295893232063, -87.9076013523265 41.629403621321, -87.9076013523265 41.6284054736878, -87.911511379225 41.6282894100095, -87.9116083220407 41.6330944462905, -87.9068904383449 41.6330015953479, -87.9069873811606 41.6353925071206, -87.9074074666951 41.6368084839957, -87.9057917531007 41.6368084839957, -87.9058886959163 41.6382940990777, -87.9043052965938 41.6382940990777), (-87.8146978206454 41.629403621321, -87.8170890767652 41.629403621321, -87.8170890767652 41.6284054736878, -87.8146008778298 41.6284983246304, -87.8146978206454 41.629403621321), (-87.8871141039488 41.6152902780415, -87.8863062471516 41.6116923040147, -87.882105391806 41.6118083676929, -87.8822023346217 41.6126904516479, -87.8845935907415 41.6126904516479, -87.8845935907415 41.6148956615353, -87.8871141039488 41.6152902780415), (-87.8970022711468 41.6170080204801, -87.8970022711468 41.6161955747321, -87.8943848151238 41.615800958226, -87.8943848151238 41.6170080204801, -87.8970022711468 41.6170080204801), (-87.8943848151238 41.6184007846196, -87.8943848151238 41.6176115516072, -87.891993559004 41.6176115516072, -87.891993559004 41.6184936355622, -87.8943848151238 41.6184007846196), (-87.8921874446354 41.6261074128577, -87.8921874446354 41.6255038817306, -87.8865001327829 41.625411030788, -87.8865001327829 41.6258984982368, -87.8825901058843 41.6258984982368, -87.8825901058843 41.6265948803065, -87.8865001327829 41.6265948803065, -87.8865001327829 41.6262002638004, -87.8921874446354 41.6261074128577), (-87.8869848468613 41.6298910887698, -87.8869848468613 41.6298446632985, -87.8869848468613 41.6271984114336, -87.8861123615202 41.6271984114336, -87.8861123615202 41.6298678760342, -87.8861123615202 41.6298910887698, -87.8869848468613 41.6298910887698), (-87.8924782730824 41.6332105099688, -87.8925105873543 41.6332105099688, -87.8924782730824 41.632862318934, -87.8924136445386 41.6323052132782, -87.8899900741469 41.6323980642208, -87.8899900741469 41.6333962118541, -87.8924782730824 41.6332105099688), (-87.8766119655849 41.588990248542, -87.8778075936448 41.588990248542, -87.8778075936448 41.5865064858267, -87.8766119655849 41.5865064858267, -87.8766119655849 41.588990248542), (-87.821516132014 41.6245057340974, -87.821516132014 41.6255038817306, -87.8231964741523 41.6252949671097, -87.8231964741523 41.6245057340974, -87.821516132014 41.6245057340974), (-87.8488863203041 41.6290090048149, -87.8487893774884 41.6282894100095, -87.8486924346727 41.6268966458701, -87.8446854649585 41.6269894968127, -87.8455902645714 41.6282894100095, -87.8455902645714 41.6304946198969, -87.8466889498156 41.6306106835752, -87.8465920069999 41.6290090048149, -87.8488863203041 41.6290090048149), (-87.841906437576 41.6373888023871, -87.8417125519447 41.6379923335142, -87.8459134072903 41.6381083971925, -87.8449116648617 41.6373888023871, -87.841906437576 41.6373888023871), (-87.8140838494796 41.6408939254713, -87.8140838494796 41.6421009877255, -87.8175091622998 41.641590307541, -87.8164104770556 41.6412885419775, -87.8163135342399 41.6398957778381, -87.8150855919081 41.6399886287807, -87.8140838494796 41.6408939254713)), ((-87.885304504723 41.6443990485555, -87.8886005604557 41.6443990485555, -87.889085274534 41.6472077895701, -87.8896023028843 41.6478113206971, -87.8927044729856 41.6478113206972, -87.8928014158013 41.6491112338939, -87.8878896464741 41.6492040848366, -87.8879865892898 41.6515949966093, -87.88559533317 41.6515949966093, -87.885304504723 41.6443990485555)))",12
1757225,"Palatine, IL",municipality,"MULTIPOLYGON (((-88.059187601758 42.152595470297, -88.059187601758 42.1531990014241, -88.061514229334 42.1531990014241, -88.061514229334 42.1538025325512, -88.0565055171912 42.1538025325512, -88.0503981198042 42.1537096816086, -88.0495902630069 42.1538025325512, -88.0492348060162 42.1538025325512, -88.0441937796015 42.1537793198156, -88.0415116950347 42.1537793198155, -88.03937895309 42.1537561070799, -88.0380217536707 42.1537793198155, -88.0365352971638 42.1537793198155, -88.0360828973573 42.1537561070799, -88.033271555703 42.1537328943442, -88.0325929559933 42.1537328943442, -88.0288121861823 42.1537096816086, -88.0237388454957 42.1537096816086, -88.021024446657 42.1537096816086, -88.0205397325787 42.1536864688729, -88.0195056758782 42.1537096816086, -88.0169851626709 42.1536864688729, -88.0147554779105 42.1536864688729, -88.0146908493668 42.1536864688729, -88.0154017633483 42.1525026193544, -88.0148201064543 42.1517365990777, -88.0136891069382 42.1502045585244, -88.011717936353 42.1483707524074, -88.0098113943115 42.1466065844975, -88.0097144514959 42.1464905208192, -88.0074847667355 42.1440067581039, -88.0073231953761 42.143728205276, -88.0062891386756 42.14210331378, -88.0080017950857 42.1391088708802, -88.0091974231456 42.1385981906958, -88.0092943659613 42.1357894496813, -88.0053843390627 42.1355108968534, -88.0052873962471 42.133909218093, -88.0053197105189 42.133909218093, -88.0070000526572 42.133909218093, -88.0083895663484 42.1321914756544, -88.0066122813945 42.1308915624576, -88.009391308777 42.128291736064, -88.009391308777 42.1247634002441, -88.009391308777 42.1242062945884, -88.0049965678 42.124299145531, -88.004414910906 42.124299145531, -88.004414910906 42.1187513017089, -88.004414910906 42.1158032842805, -88.0043825966342 42.1158032842805, -88.0038009397402 42.1158032842805, -88.0032839113899 42.1128088413807, -88.0043825966342 42.1114392899769, -88.004414910906 42.1113928645056, -88.0044472251779 42.1101625895158, -88.0046087965374 42.1073770612369, -88.0046087965374 42.10730742303, -88.0046087965374 42.1070985084091, -88.0046087965374 42.104730809372, -88.0046411108093 42.1039415763597, -88.0047057393531 42.0953064386952, -88.0057074817816 42.0941922273837, -88.0097144514959 42.0959099698223, -88.0133982784912 42.0976044995253, -88.0198934471409 42.1005060914824, -88.0291030146293 42.1044986820155, -88.0291030146293 42.1029898541978, -88.0340147839564 42.1029898541978, -88.0341117267721 42.0947957585108, -88.0365029828919 42.0947957585108, -88.0376986109518 42.0953992896379, -88.0388942390117 42.0948886094534, -88.0396051529932 42.0940065254984, -88.0400898670716 42.0922887830598, -88.0438060083388 42.0922887830598, -88.0438060083388 42.0914995500475, -88.0450016363987 42.090988869863, -88.0450016363987 42.0904085514716, -88.0450016363987 42.0899907222298, -88.0450016363987 42.0889925745965, -88.0463911500899 42.0889925745965, -88.0462942072743 42.0868105774447, -88.0499134057258 42.0869034283874, -88.0499134057258 42.0892014892174, -88.0511090337857 42.0892014892174, -88.0511090337857 42.0868105774447, -88.0533064042742 42.0859981316967, -88.0534033470898 42.0849999840635, -88.0535002899055 42.0840018364302, -88.0569902312695 42.0840018364302, -88.0579919736981 42.0847910694426, -88.0621928290437 42.0849071331209, -88.0621928290437 42.0856963661332, -88.0622251433156 42.0856963661332, -88.0668137699238 42.0856963661332, -88.0680093979837 42.085301749627, -88.0681063407994 42.0833054543605, -88.065294999145 42.0827019232334, -88.065294999145 42.0817966265428, -88.0662967415736 42.078802183643, -88.0658120274952 42.0781058015733, -88.0678155123524 42.0781058015733, -88.0678801408961 42.075691677065, -88.067912455168 42.0755059751797, -88.0727919102233 42.0768987393191, -88.075797137509 42.0778040360098, -88.079287078873 42.0792896510918, -88.0831001629559 42.0814948609793, -88.083067848684 42.0816109246575, -88.0828093345089 42.0833983053031, -88.0810966780988 42.0827019232334, -88.0803857641172 42.0814948609793, -88.0778975651817 42.0814948609793, -88.0778975651817 42.0970938193408, -88.0778975651817 42.1104643550793, -88.0778975651817 42.1105107805507, -88.0756032518776 42.1105107805507, -88.076087965956 42.1119963956327, -88.0754093662463 42.1125999267598, -88.0731150529422 42.1131106069443, -88.0727919102233 42.1175906649261, -88.0680093979837 42.1175906649261, -88.0678155123524 42.1213047026312, -88.0774128511034 42.1255062077852, -88.0948625579235 42.1333753251729, -88.0948948721954 42.1333985379086, -88.0926975017069 42.133909218093, -88.0842957910158 42.1349073657263, -88.0728888530389 42.1363929808084, -88.064713342251 42.1372054265564, -88.0646810279791 42.1369965119354, -88.0645840851635 42.1359055133596, -88.0611910866151 42.1362072789231, -88.0609002581681 42.1349073657263, -88.0629037430252 42.1349073657263, -88.0630006858409 42.1329110704598, -88.0610941437994 42.1329110704598, -88.0611910866151 42.1320986247118, -88.0629037430252 42.1320057737692, -88.0629037430252 42.1265043554184, -88.061514229334 42.126806120982, -88.0609002581681 42.1255990587278, -88.0587998304953 42.1255062077852, -88.0585090020483 42.1334913888512, -88.0590906589423 42.1333985379086, -88.0590906589423 42.1365090444866, -88.0596076872925 42.1380875105113, -88.0599954585552 42.1394106364438, -88.0585090020483 42.1385053397532, -88.0558592317534 42.1390160199376, -88.0547282322373 42.1392249345585, -88.0537911183525 42.1394106364438, -88.038797296196 42.1394106364438, -88.0338855268689 42.1392945727655, -88.0337885840532 42.1437049925403, -88.0387003533803 42.1437049925403, -88.0386034105647 42.1525026193544, -88.0435151798918 42.1525026193544, -88.0440968367858 42.1519919391699, -88.0516906906797 42.1519919391699, -88.0516906906797 42.1502045585243, -88.0530155758272 42.1502045585244, -88.0528863187396 42.1463976698766, -88.0630006858409 42.146095904313, -88.0629037430252 42.1521080028482, -88.0621928290437 42.152595470297, -88.059187601758 42.152595470297)), ((-88.0607063725368 42.1378321704191, -88.0607063725368 42.1378089576834, -88.0613526579746 42.1376696812695, -88.0630976286566 42.137298277499, -88.0631945714722 42.1392017218229, -88.0610941437994 42.1394106364438, -88.0607063725368 42.1378321704191)))",13
1757381,"Palos Heights, IL",municipality,"MULTIPOLYGON (((-87.8155056774427 41.6567017984538, -87.8155056774427 41.6571892659026, -87.8104000224842 41.6571892659026, -87.8106908509312 41.6605086871016, -87.8111109364658 41.6626906842534, -87.8108847365625 41.6639905974502, -87.8125973929727 41.666102956395, -87.8113048220971 41.666102956395, -87.8115956505441 41.6677046351553, -87.8158934487053 41.667588571477, -87.815990391521 41.6706062271124, -87.8137930210326 41.6717900766309, -87.8136960782169 41.6749934341516, -87.8144393064703 41.6749934341516, -87.8160873343367 41.6749934341516, -87.8165074198712 41.6810055326868, -87.8121126788943 41.6793110029839, -87.8113048220971 41.6804948525024, -87.8164104770556 41.6811912345721, -87.8165074198712 41.6817019147565, -87.8123711930694 41.6809126817442, -87.8118541647192 41.6808198308016, -87.8112078792814 41.6807037671233, -87.8099153084059 41.6827929133324, -87.8093982800556 41.6843017411502, -87.8069100811202 41.6843945920928, -87.8065869384013 41.6824911477689, -87.809010508793 41.6803091506171, -87.8059729672354 41.6797288322257, -87.7979913420788 41.6781967916723, -87.7977651421756 41.678150366201, -87.7969895996502 41.6779878770514, -87.7781503791389 41.6741113501967, -87.7780857505952 41.6741113501967, -87.7780857505952 41.6740649247253, -87.7780857505952 41.6717900766309, -87.7685853546598 41.6684938681677, -87.7778918649638 41.668401017225, -87.7778918649638 41.6680992516615, -87.7727862100053 41.6680992516615, -87.772592324374 41.6641066611284, -87.7732062955399 41.6611354309643, -87.7732062955399 41.661089005493, -87.7758883801067 41.661089005493, -87.7776010365168 41.661089005493, -87.7776010365168 41.6610657927574, -87.777536407973 41.6597658795606, -87.7774071508855 41.6566785857182, -87.7773102080698 41.6538002064967, -87.7724953815584 41.6538002064967, -87.7722045531114 41.646604258443, -87.7770193796228 41.6465578329717, -87.7818988346781 41.6465114075003, -87.7821896631251 41.6538002064967, -87.7956970287747 41.6535912918758, -87.7960201714936 41.6535912918758, -87.8056821387884 41.6532895263122, -87.8057144530603 41.6532895263122, -87.8053913103414 41.6460007273159, -87.8093659657838 41.6459078763733, -87.8103030796685 41.6459078763733, -87.8199004184196 41.6456989617524, -87.8201912468666 41.6498076159637, -87.8192864472537 41.6502022324698, -87.8194157043413 41.6530109734843, -87.818607847544 41.6530109734843, -87.8185109047284 41.6502950834124, -87.8189956188067 41.6493897867218, -87.8168951911339 41.6493897867218, -87.8167982483182 41.6482059372033, -87.8149886490924 41.6482059372033, -87.8153441060832 41.653103824427, -87.815408734627 41.6538002064967, -87.8140838494796 41.6538002064967, -87.8129851642353 41.6548912050726, -87.8131144213229 41.6567946493965, -87.8155056774427 41.6567017984538)))",13
1757394,"Palos Hills, IL",municipality,"MULTIPOLYGON (((-87.8371885538802 41.7181923352096, -87.8371885538802 41.7167995710701, -87.8348942405761 41.717008485691, -87.8347003549448 41.7164049545639, -87.832309098825 41.716196039943, -87.832309098825 41.714710424861, -87.8322121560093 41.7109963871558, -87.822388617355 41.7110892380985, -87.822388617355 41.7148032758036, -87.817735362203 41.7148961267462, -87.8177030479311 41.7148961267462, -87.8176061051155 41.7112981527194, -87.812791278604 41.711391003662, -87.8126943357883 41.7086983263258, -87.8111109364658 41.7093018574529, -87.8115956505441 41.7087911772684, -87.8114987077284 41.7041254174013, -87.8114987077284 41.7041022046657, -87.7980882848945 41.7044039702292, -87.7978943992631 41.6999006995117, -87.7983467990696 41.6997149976265, -87.8104969652999 41.6947010467245, -87.8104969652999 41.6946546212532, -87.8104000224842 41.6940046646548, -87.8080087663644 41.6933082825851, -87.8072009095672 41.6937028990913, -87.8072009095672 41.6878068642344, -87.8094952228713 41.6876908005561, -87.8093982800556 41.6843017411502, -87.8099153084059 41.6827929133324, -87.8112078792814 41.6807037671233, -87.8118541647192 41.6808198308016, -87.8123711930694 41.6809126817442, -87.8165074198712 41.6817019147565, -87.8164104770556 41.6811912345721, -87.8220008460924 41.6819108293775, -87.8219039032767 41.6821893822053, -87.8309842136775 41.6834892954021, -87.8311134707651 41.683094678896, -87.8364130113549 41.6839999755866, -87.8463981213686 41.6849981232199, -87.8463334928248 41.6852998887834, -87.846268864281 41.6856248670826, -87.8455902645714 41.6888978628103, -87.8454933217557 41.6917066038248, -87.8454933217557 41.69189230571, -87.8459134072903 41.6936100481487, -87.8460103501059 41.6961170235996, -87.8461396071935 41.6995525084769, -87.8462042357373 41.7005970815814, -87.8463011785529 41.7034290353316, -87.8467858926313 41.717960207853, -87.8467858926313 41.7180066333243, -87.8375116965991 41.7181923352096, -87.8371885538802 41.7181923352096), (-87.8413894092258 41.6982061698088, -87.8412924664101 41.6962098745422, -87.8365099541706 41.6963955764275, -87.8364130113549 41.6973008731181, -87.8389012102903 41.6972080221755, -87.8389012102903 41.6986007863149, -87.8413894092258 41.6982061698088), (-87.8368977254332 41.6998078485691, -87.8410985807788 41.6996917848908, -87.8410985807788 41.6991114664994, -87.8368977254332 41.699204317442, -87.8368977254332 41.6998078485691), (-87.8413894092258 41.6999006995117, -87.8412924664101 41.701711292893, -87.8440068652488 41.7012006127085, -87.8439099224331 41.6999006995117, -87.8413894092258 41.6999006995117)))",13
1757407,"Palos Park, IL",municipality,"MULTIPOLYGON (((-87.946184592962 41.6505039980334, -87.946184592962 41.6541948230029, -87.9414020807224 41.6541948230029, -87.9413051379067 41.650596848976, -87.946184592962 41.6505039980334)), ((-87.8905071024972 41.6534055899905, -87.8886975032714 41.6534055899905, -87.8892145316216 41.652291378679, -87.8905071024972 41.6534055899905)), ((-87.8638155139168 41.6538930574393, -87.8638155139168 41.6541948230028, -87.8558015744883 41.6544037376238, -87.8568033169169 41.6557965017632, -87.8568033169169 41.6596962413536, -87.8664975984836 41.65939447579, -87.8665945412992 41.6634102790587, -87.8546059464284 41.663595980944, -87.8545090036127 41.6601372833311, -87.8545090036127 41.6596266031466, -87.8545090036127 41.6595105394683, -87.8493064058386 41.65939447579, -87.8490155773916 41.6524074423572, -87.8540889180782 41.6523145914146, -87.8551876033224 41.652291378679, -87.8572880309952 41.6524074423573, -87.859097630221 41.6528020588634, -87.859097630221 41.6540091211176, -87.8638155139168 41.6538930574393)), ((-87.8836887911286 41.6662886582802, -87.8834949054972 41.6590927102265, -87.8884066748244 41.6589070083412, -87.8881158463774 41.6537073555541, -87.8929953014326 41.6535912918758, -87.8929953014326 41.6550072687508, -87.902495697368 41.6553090343144, -87.9026895829993 41.6570035640174, -87.9030127257182 41.6660101054523, -87.8980040135754 41.666102956395, -87.8981978992067 41.6712097582395, -87.8980040135754 41.6726953733216, -87.8932861298796 41.6700026959854, -87.8931891870639 41.6661958073376, -87.8836887911286 41.6662886582802)), ((-87.9126100644693 41.6658011908314, -87.9085061519393 41.6658011908314, -87.9085061519393 41.664408426692, -87.9126423787412 41.664338788485, -87.9224012888516 41.6641995120711, -87.9222074032203 41.6583034772142, -87.9286056290543 41.6582106262715, -87.9318047419714 41.6580945625932, -87.9318047419714 41.6563071819476, -87.9317077991557 41.6550072687509, -87.9352946833354 41.6548912050726, -87.9357147688699 41.6551001196935, -87.9359086545013 41.6599980069171, -87.931901684787 41.6600908578598, -87.931901684787 41.6609033036077, -87.9295104286672 41.6609961545504, -87.9296073714829 41.6631085134952, -87.9319986276027 41.6634102790587, -87.9320955704184 41.6653601488539, -87.9320955704184 41.6654065743252, -87.9272161153631 41.6654994252679, -87.9275069438101 41.6728114369999, -87.9128039501006 41.6729971388851, -87.9126100644693 41.6658011908314)), ((-87.8144393064703 41.6749934341516, -87.8136960782169 41.6749934341516, -87.8137930210326 41.6717900766309, -87.815990391521 41.6706062271124, -87.8158934487053 41.667588571477, -87.8115956505441 41.6677046351553, -87.8113048220971 41.666102956395, -87.8125973929727 41.666102956395, -87.8108847365625 41.6639905974502, -87.8111109364658 41.6626906842534, -87.8106908509312 41.6605086871016, -87.8212899321108 41.660206921538, -87.8270095582352 41.6602069215381, -87.829109985908 41.6601140705954, -87.8336016697005 41.6599051559745, -87.8349911833918 41.6599980069171, -87.8349911833918 41.6564928838329, -87.8338924981475 41.6570035640174, -87.8321475274655 41.6570035640174, -87.829691642802 41.6570035640174, -87.8281082434794 41.6567946493965, -87.8244890450278 41.6570035640174, -87.8155056774427 41.6571892659026, -87.8155056774427 41.6567017984538, -87.8240043309495 41.6564928838329, -87.8325352987282 41.6565857347755, -87.8330846413503 41.6566089475112, -87.8349911833918 41.6553090343144, -87.834926554848 41.6541948230029, -87.8347972977604 41.6525931442425, -87.8365422684424 41.6525931442425, -87.8368977254332 41.6525931442425, -87.8395151814562 41.6499933178489, -87.8401937811659 41.6521056767937, -87.8413894092258 41.6525002932999, -87.8398060099032 41.6556107998779, -87.8399998955346 41.6597890922962, -87.8443946365115 41.6596962413536, -87.844814722046 41.6618086002984, -87.8446854649585 41.6634102790587, -87.849791119917 41.6632942153805, -87.8498880627326 41.6668921894073, -87.8547028892441 41.6667993384647, -87.8547028892441 41.6670778912926, -87.854735203516 41.6677046351553, -87.8547675177879 41.6694688030652, -87.8547998320598 41.6706062271124, -87.8498880627326 41.6706062271124, -87.8499850055483 41.6742042011393, -87.8306933852305 41.6745988176455, -87.8307903280462 41.6784057062932, -87.8272034438665 41.6784057062932, -87.8272034438665 41.6801002359962, -87.8308872708619 41.6798913213753, -87.8311134707651 41.683094678896, -87.8309842136775 41.6834892954021, -87.8219039032767 41.6821893822053, -87.8220008460924 41.6819108293775, -87.8165074198712 41.6810055326868, -87.8160873343367 41.6749934341516, -87.8144393064703 41.6749934341516)), ((-87.932192513234 41.6707919289977, -87.9361994829483 41.6706990780551, -87.9362964257639 41.6736935209548, -87.9323863988654 41.6738095846331, -87.932192513234 41.6707919289977)), ((-87.939204710234 41.6869944184864, -87.9376859394552 41.6869944184864, -87.9374920538238 41.6829089770107, -87.9399156242155 41.6827929133324, -87.9396894243123 41.6820036803201, -87.9423068803353 41.6807037671233, -87.9422099375196 41.67970561949, -87.9373951110082 41.6797984704327, -87.9370073397455 41.665290510647, -87.9370073397455 41.6652672979113, -87.9368134541142 41.6580017116506, -87.9414990235381 41.657908860708, -87.9414020807224 41.6547055031873, -87.9511933051048 41.6544965885664, -87.9513871907361 41.6621103658619, -87.9500946198606 41.6623889186898, -87.9500946198606 41.6649887450834, -87.9496099057822 41.6649887450834, -87.9470893925749 41.6650583832904, -87.9456998788836 41.6651048087617, -87.9466046784965 41.6665904238438, -87.9467016213122 41.6687027827886, -87.9418867948008 41.6687956337312, -87.9420160518883 41.672393607758, -87.9513871907361 41.6722079058728, -87.951710333455 41.6719989912519, -87.952001161902 41.6722079058728, -87.9566867313259 41.6720918421945, -87.9566867313259 41.6697009304218, -87.9621155290033 41.6657083398888, -87.9661871272613 41.6655922762105, -87.9665102699802 41.6755041143361, -87.9638928139572 41.6755969652787, -87.9615985006531 41.6759915817849, -87.9616954434687 41.6793110029839, -87.9568159884135 41.6794038539265, -87.9569129312291 41.6829089770107, -87.9582055021047 41.6852998887834, -87.9544247322937 41.6866926529228, -87.9535845612246 41.6869944184864, -87.9521950475334 41.6872033331073, -87.9497068485979 41.6876908005561, -87.9427915944136 41.6882014807405, -87.9427915944136 41.6923101349519, -87.9404972811095 41.6924029858945, -87.9404003382938 41.6884103953615, -87.9393016530496 41.6884103953615, -87.939204710234 41.6869944184864), (-87.9371042825612 41.666102956395, -87.9393985958653 41.666102956395, -87.9393985958653 41.66522087244, -87.9393985958653 41.6651976597043, -87.9385261105243 41.6652440851756, -87.9370073397455 41.665290510647, -87.9371042825612 41.666102956395), (-87.9417898519851 41.6662886582802, -87.9417898519851 41.6651976597043, -87.9403357097501 41.6651976597043, -87.9402064526625 41.6651976597043, -87.9403033954782 41.6662886582802, -87.9417898519851 41.6662886582802), (-87.9455059932523 41.6795895558118, -87.9469924497592 41.676595112912, -87.9466046784965 41.6752951997152, -87.9443103651924 41.6754112633935, -87.9444073080081 41.6795895558118, -87.9455059932523 41.6795895558118), (-87.942112994704 41.6761076454632, -87.9414990235381 41.6761076454632, -87.9422099375196 41.6790092374203, -87.942112994704 41.6761076454632)))",13
1757732,"Park Forest, IL",municipality,"MULTIPOLYGON (((-87.7012100977711 41.469769638207, -87.7012100977711 41.4697928509426, -87.7030843255407 41.4697928509426, -87.7030843255407 41.4698160636783, -87.7030843255407 41.4701410419775, -87.7030843255407 41.4754103329717, -87.7029550684531 41.476942373525, -87.7028904399093 41.4777083938017, -87.7030196969969 41.4797511145395, -87.7032135826282 41.4823973664045, -87.7032135826282 41.4843704489353, -87.7032458969001 41.4864131696731, -87.7033105254439 41.4915896097247, -87.703278211172 41.4915896097247, -87.6984956989324 41.4914967587821, -87.6983987561168 41.4950947328089, -87.6958136143656 41.4953036474298, -87.6908049022228 41.4950018818663, -87.6908049022228 41.4989016214567, -87.6983987561168 41.498808770514, -87.6983987561168 41.4992730252272, -87.6983987561168 41.50219782992, -87.7003052981582 41.5021049789774, -87.7004991837895 41.5021049789774, -87.698334127573 41.5061672077173, -87.6983018133011 41.506190420453, -87.6792040786147 41.506190420453, -87.6792040786147 41.5040084233012, -87.678234650458 41.5040084233012, -87.6775560507483 41.5040316360369, -87.6743246235594 41.5041012742439, -87.6742923092875 41.5041012742439, -87.6742923092875 41.4990408978706, -87.6742923092875 41.4949322436593, -87.6742923092875 41.4949090309236, -87.6742599950156 41.4949090309236, -87.6652119988867 41.4949090309236, -87.656099374214 41.4949090309236, -87.656099374214 41.494885818188, -87.656099374214 41.491496758782, -87.669509797048 41.491496758782, -87.6691866543291 41.4808885385867, -87.6694128542323 41.4769887989963, -87.6741953664719 41.4769887989963, -87.6741953664719 41.4740175688322, -87.6741953664719 41.4697928509426, -87.6741630522 41.4697928509426, -87.6740984236562 41.469769638207, -87.6741630522 41.469769638207, -87.676198851329 41.469769638207, -87.676198851329 41.4697928509426, -87.6799149925962 41.4697928509426, -87.6799473068681 41.469769638207, -87.6813045062874 41.469769638207, -87.6816599632782 41.4697232127357, -87.6830817912414 41.469769638207, -87.6908372164947 41.469769638207, -87.6941332722274 41.469769638207, -87.7012100977711 41.469769638207)))",13
1757875,"Park Ridge, IL",municipality,"MULTIPOLYGON (((-87.8677901693592 42.0379013434152, -87.8667884269306 42.0388066401058, -87.865205027608 42.0391084056693, -87.8600024298339 42.0392941075546, -87.8600024298339 42.0393405330259, -87.8599054870182 42.0404083188661, -87.8573849738109 42.0404083188661, -87.8572880309952 42.0394333839685, -87.8572880309952 42.0394101712329, -87.8525055187556 42.0395958731181, -87.8525055187556 42.0396190858538, -87.8525055187556 42.0434027617659, -87.8493064058386 42.0434956127085, -87.8498880627326 42.0441919947782, -87.8498880627326 42.0464900556083, -87.8456548931152 42.0471632249424, -87.8453963789401 42.0472096504137, -87.8453963789401 42.0471632249424, -87.8453963789401 42.0452133551472, -87.8453963789401 42.0441919947782, -87.8465920069999 42.0440991438356, -87.8465920069999 42.0434956127085, -87.8465920069999 42.0411975518785, -87.8467858926313 42.0398280004747, -87.8467858926313 42.0398047877391, -87.8433928940829 42.0399208514173, -87.8406138667005 42.0399904896243, -87.8406138667005 42.0399672768886, -87.8406138667005 42.0362996646548, -87.8453963789401 42.0362996646548, -87.8454933217557 42.0290108656585, -87.8407108095161 42.0291037166011, -87.8395151814562 42.0281055689679, -87.835799040189 42.0281984199105, -87.835799040189 42.0255985935169, -87.8264279013412 42.0257842954021, -87.8253292160969 42.0258075081378, -87.8218715890048 42.0258771463448, -87.8206759609449 42.0259003590804, -87.8163135342399 42.0259932100231, -87.8163135342399 42.0234630218364, -87.8163135342399 42.0187972619693, -87.8189309902629 42.0186811982911, -87.821225303567 42.0186347728198, -87.821225303567 42.0155242662417, -87.8211929892951 42.0155242662417, -87.8211929892951 42.015501053506, -87.8200943040509 42.015501053506, -87.8200943040509 42.0122976959853, -87.8211929892951 42.0113923992947, -87.8211929892951 42.0113691865591, -87.8212576178389 42.0113691865591, -87.8212576178389 42.0101621243049, -87.8213222463827 42.0073533832904, -87.8212576178389 42.0073069578191, -87.8212576178389 42.0070980431982, -87.8215484462859 42.0068427031059, -87.8213222463827 42.006703426692, -87.8213222463827 42.0063088101858, -87.8214838177421 42.0061695337719, -87.8213222463827 42.0060534700936, -87.8213222463827 42.0042428767123, -87.8213222463827 42.0040107493558, -87.8213545606546 42.0009234555134, -87.8213868749265 42.0005520517429, -87.8213868749265 41.9975808215787, -87.8214191891984 41.9968612267734, -87.8217100176454 41.9957005899905, -87.8218392747329 41.9949809951851, -87.8221624174518 41.9932168272752, -87.8224532458988 41.9909419791808, -87.8233257312398 41.9845120514038, -87.8366068969862 41.9863690702563, -87.8368007826176 41.986392282992, -87.8383195533963 41.9866244103486, -87.8389335245622 41.9867404740269, -87.8408077523318 41.9869958141191, -87.8438452938894 41.9874600688322, -87.843942236705 41.9874600688322, -87.84950029147 41.9882957273159, -87.8495972342856 41.9882957273159, -87.8506959195298 41.9884350037298, -87.8517622905022 41.9885278546725, -87.8531841184653 41.9885742801438, -87.853862718175 41.9886207056151, -87.8538950324469 41.9886207056151, -87.8558015744883 41.9891081730639, -87.8559308315759 41.9891778112709, -87.8583220876957 41.9906402136173, -87.8583867162394 41.9907098518242, -87.859679287115 41.9920561904923, -87.8597116013869 41.9921026159636, -87.8597116013869 41.9921258286993, -87.8596146585712 41.9931239763326, -87.8596146585712 41.9931936145395, -87.8584513447832 41.9944238895294, -87.8583867162394 41.9944935277363, -87.8584513447832 41.9946095914146, -87.8586129161427 41.9950970588634, -87.8596146585712 41.9958398664045, -87.8606164009998 41.9965594612098, -87.8608102866311 41.9966987376238, -87.8613919435251 41.9977897361997, -87.8602932582809 41.998578969212, -87.8600024298339 41.9988110965686, -87.859970115562 41.9989039475112, -87.8597116013869 41.9998556696731, -87.8597116013869 41.9999020951444, -87.8636862568292 42.0028965380442, -87.8643002279951 42.0048696205751, -87.8643002279951 42.0048928333107, -87.8643002279951 42.0049160460464, -87.8621351717786 42.0059838318866, -87.8606164009998 42.0067266394276, -87.8604871439122 42.0067962776346, -87.8604548296403 42.0068659158416, -87.8599054870182 42.0079104889462, -87.8600024298339 42.0089318493151, -87.8600024298339 42.0090943384647, -87.8602286297371 42.0093496785569, -87.8607133438155 42.00981393327, -87.8609072294468 42.0099996351553, -87.8613273149814 42.0103014007188, -87.8616504577003 42.0105103153398, -87.8619089718754 42.0106728044893, -87.8635569997417 42.0117870158009, -87.8635893140136 42.0118102285366, -87.8638801424606 42.0120423558931, -87.8651080847924 42.013202992676, -87.865786684502 42.0148046714363, -87.8658513130458 42.0149671605859, -87.8664006556679 42.0162902865184, -87.8664006556679 42.016383137461, -87.8664975984836 42.0172187959447, -87.8664975984836 42.0172884341516, -87.8647849420735 42.017195583209, -87.8651080847924 42.0183097945206, -87.8651080847924 42.0210024718568, -87.8656897416864 42.0210024718568, -87.8656897416864 42.0246236586193, -87.8656897416864 42.0292894184864, -87.8697936542163 42.0316106920521, -87.8697936542163 42.0353943679642, -87.8667884269306 42.0355104316425, -87.8664006556679 42.0363925155975, -87.8677901693592 42.0379013434152)))",13
1759572,"Phoenix, IL",municipality,"MULTIPOLYGON (((-87.6316051561221 41.6193060813102, -87.6316051561221 41.6154063417198, -87.6241082450438 41.6154063417198, -87.6241082450438 41.6109030710023, -87.6243990734908 41.6066087149057, -87.6317990417534 41.6061908856639, -87.6307972993249 41.6041945903974, -87.6358060114677 41.607606862539, -87.6364846111773 41.6074907988607, -87.6364846111773 41.6098120724264, -87.6364846111773 41.6135725356029, -87.6364846111773 41.6154063417198, -87.6365492397211 41.617216935101, -87.6366138682649 41.6190043157466, -87.6316051561221 41.6193060813102)))",13
15,Portage Park,community area,"MULTIPOLYGON (((-87.75264 41.96798, -87.75126 41.96799, -87.74772 41.96804, -87.74772 41.96709, -87.74764 41.96453, -87.7476 41.96425, -87.74741 41.96384, -87.74718 41.9634, -87.74766 41.96341, -87.7471 41.96324, -87.74698 41.963, -87.74701 41.9628, -87.74717 41.96265, -87.74701 41.96249, -87.74651 41.96192, -87.7461 41.96169, -87.74444 41.96077, -87.74648 41.96075, -87.74505 41.95801, -87.74426 41.95651, -87.74361 41.95517, -87.74327 41.95449, -87.74273 41.95348, -87.7425 41.95348, -87.74243 41.95041, -87.74238 41.94801, -87.74237 41.9471, -87.74231 41.94439, -87.74225 41.94255, -87.74296 41.94254, -87.7429 41.9407, -87.74216 41.94071, -87.74211 41.9389, -87.74217 41.9389, -87.74365 41.93888, -87.74664 41.93884, -87.75709 41.93871, -87.76108 41.93865, -87.76255 41.93864, -87.766 41.93859, -87.76847 41.93856, -87.77054 41.93853, -87.77621 41.93846, -87.77647 41.94497, -87.77651 41.94595, -87.77667 41.95009, -87.77677 41.95307, -87.77711 41.95306, -87.78227 41.95298, -87.78656 41.95293, -87.78665 41.95556, -87.78668 41.95612, -87.78679 41.9591, -87.78681 41.96023, -87.78689 41.9627, -87.78696 41.96315, -87.78705 41.96331, -87.78678 41.96348, -87.78676 41.96453, -87.78674 41.96735, -87.78676 41.96764, -87.78675 41.96834, -87.78677 41.96844, -87.78419 41.96847, -87.77732 41.96855, -87.77703 41.96857, -87.7754 41.96859, -87.77 41.96866, -87.7675 41.9687, -87.76748 41.96779, -87.76525 41.96782, -87.76478 41.96781, -87.76279 41.96769, -87.76136 41.9676, -87.76075 41.96789, -87.76056 41.96788, -87.75909 41.9679, -87.75783 41.96791, -87.75664 41.96793, -87.75264 41.96798)))",13
1761314,"Posen, IL",municipality,"MULTIPOLYGON (((-87.6984956989324 41.6307963854605, -87.6934869867896 41.6307963854605, -87.6888014173657 41.6310053000814, -87.6888983601814 41.6330015953479, -87.6889629887252 41.6345104231656, -87.6891568743565 41.639361884918, -87.6891891886284 41.6407082235861, -87.6794949070617 41.6408939254713, -87.675908022882 41.6272448369049, -87.675908022882 41.6271984114336, -87.6753586802599 41.6252949671097, -87.6746154520064 41.6226951407161, -87.6752940517161 41.6227183534518, -87.6803027638589 41.6228112043944, -87.6802058210432 41.6191900176319, -87.685214533186 41.6190971666893, -87.6845036192045 41.6206988454496, -87.6931961583426 41.620605994507, -87.6932931011583 41.6223933751526, -87.6952642717435 41.6223237369456, -87.6982048704854 41.6222076732673, -87.6982048704854 41.6222540987387, -87.698334127573 41.6259217109725, -87.6983987561168 41.6275698152041, -87.6984310703887 41.6287536647226, -87.6984956989324 41.6307963854605)))",13
1762016,"Prospect Heights, IL",municipality,"MULTIPOLYGON (((-87.9513871907361 42.1188905781229, -87.9513871907361 42.124368783738, -87.9513871907361 42.1243919964736, -87.9465400499528 42.1243455710023, -87.9416929091694 42.124299145531, -87.9416929091694 42.1207011715041, -87.9368134541142 42.1207011715041, -87.9368134541142 42.1230920832768, -87.9367811398423 42.1231152960125, -87.9352946833354 42.1236027634613, -87.9327095415842 42.1236027634613, -87.931901684787 42.1229992323342, -87.931901684787 42.116105049844, -87.9336143411972 42.116105049844, -87.9336143411972 42.1185888125593, -87.9367811398423 42.1188905781229, -87.9368134541142 42.1188905781229, -87.9368134541142 42.1133891597721, -87.9367811398423 42.1133891597722, -87.931901684787 42.1133891597721, -87.931901684787 42.1109982479995, -87.9300920855612 42.1109982479995, -87.9300920855612 42.1097911857453, -87.9300274570175 42.1097679730096, -87.9288964575013 42.1090948036756, -87.9270868582756 42.1090948036756, -87.9270868582756 42.1042897673945, -87.9222074032203 42.1042897673945, -87.922304346036 42.1025023867489, -87.9173925767088 42.102502386749, -87.9173925767088 42.1006917933677, -87.9158091773863 42.0999025603554, -87.9129978357319 42.095190375017, -87.9079891235891 42.0951903750169, -87.9076982951421 42.0960956717076, -87.9076982951421 42.0976044995253, -87.9076659808702 42.1024095358063, -87.9076336665983 42.1095126329174, -87.9076013523265 42.1145962220263, -87.8969053283312 42.1145962220263, -87.8938031582298 42.1146890729689, -87.8929306728888 42.1133659470365, -87.8910887593912 42.1106036314933, -87.890830245216 42.1101393767801, -87.8881804749211 42.1055896805914, -87.8878896464741 42.1051022131426, -87.8874049323958 42.1054039787061, -87.8782923077231 42.1054039787061, -87.8782923077231 42.1080038050997, -87.876288822866 42.1079109541571, -87.8753840232531 42.1024095358063, -87.8807158781148 42.1021077702428, -87.8804896782115 42.098300881595, -87.8832040770502 42.0983937325376, -87.8832040770502 42.1005989424251, -87.8844966479258 42.1019917065645, -87.8880835321055 42.1021774084498, -87.8886005604557 42.1022006211854, -87.9048869534878 42.1024095358063, -87.9048869534878 42.1023863230707, -87.9049515820316 42.0975812867896, -87.9049838963034 42.0950975240743, -87.9078921807735 42.0947029075681, -87.9076982951421 42.0914995500475, -87.9149043777734 42.0914995500475, -87.9149043777734 42.087808725078, -87.9168755483586 42.087808725078, -87.926085115847 42.087808725078, -87.9368134541142 42.0879944269632, -87.9368134541142 42.0880408524346, -87.9368134541142 42.0953064386952, -87.9512902479205 42.0953992896379, -87.9512902479205 42.0989972636647, -87.9561050744319 42.0989972636647, -87.9562020172476 42.0963277990642, -87.9562020172476 42.0963045863285, -87.9582055021047 42.0976509249966, -87.9600151013305 42.0989044127221, -87.9600151013305 42.0988811999864, -87.9606937010402 42.0983937325376, -87.9572037596762 42.0961885226502, -87.9588841018144 42.0959099698223, -87.965411584736 42.096002820765, -87.965411584736 42.098300881595, -87.9658962988143 42.0990901146074, -87.9658962988143 42.1011096226095, -87.9670919268742 42.1011096226095, -87.9668980412429 42.1027113013699, -87.9690954117313 42.1027113013699, -87.9677058980401 42.1040112145667, -87.9639897567728 42.1015042391157, -87.9647976135701 42.1009007079886, -87.9632142142475 42.099995411298, -87.9625356145378 42.1005757296894, -87.9615015578374 42.1015042391157, -87.9611137865747 42.1027113013699, -87.9519042190863 42.1025952376916, -87.9512902479205 42.1044058310728, -87.9512902479205 42.1068895937881, -87.9499007342292 42.1070985084091, -87.9499007342292 42.10960548386, -87.9465077356809 42.10960548386, -87.9465077356809 42.1098376112166, -87.9465077356809 42.1164996663502, -87.9512902479205 42.1164996663502, -87.9513871907361 42.1188905781229)))",13
50,Pullman,community area,"MULTIPOLYGON (((-87.60157 41.68621, -87.60218 41.68618, -87.60249 41.68614, -87.60293 41.68603, -87.6041 41.68556, -87.60458 41.68551, -87.6114 41.68544, -87.61144 41.68572, -87.61142 41.68594, -87.61128 41.68648, -87.61063 41.68936, -87.61009 41.6917, -87.60976 41.69323, -87.60966 41.69362, -87.60894 41.69674, -87.60832 41.69947, -87.60815 41.70031, -87.60808 41.70054, -87.6075 41.70308, -87.60733 41.70386, -87.60722 41.70427, -87.60683 41.706, -87.6062 41.70887, -87.60533 41.71265, -87.60435 41.71698, -87.60379 41.71943, -87.60349 41.72067, -87.60318 41.72205, -87.60118 41.72211, -87.59905 41.72214, -87.59699 41.72216, -87.59656 41.72217, -87.5951 41.7222, -87.59448 41.72219, -87.59282 41.72222, -87.5918 41.72225, -87.58971 41.72227, -87.5867 41.72232, -87.58665 41.72226, -87.5861 41.72176, -87.58547 41.72113, -87.58496 41.72068, -87.58494 41.71991, -87.58491 41.71866, -87.58489 41.71832, -87.5849 41.71791, -87.58478 41.71532, -87.58474 41.7143, -87.58468 41.71361, -87.58468 41.71249, -87.58466 41.71179, -87.58463 41.71125, -87.58474 41.71029, -87.58483 41.70982, -87.58494 41.70942, -87.58509 41.70901, -87.58526 41.70862, -87.58552 41.70812, -87.58575 41.70777, -87.5873 41.70775, -87.5873 41.70756, -87.58734 41.70717, -87.58751 41.70667, -87.58767 41.70643, -87.58814 41.70511, -87.58836 41.70496, -87.58958 41.70388, -87.59186 41.70175, -87.59272 41.70088, -87.59369 41.69979, -87.59416 41.6992, -87.59437 41.69898, -87.59571 41.69696, -87.59617 41.69632, -87.5968 41.69518, -87.59725 41.69431, -87.59886 41.69131, -87.59974 41.68974, -87.6003 41.68868, -87.60069 41.68796, -87.60137 41.68667, -87.60157 41.68621)))",13
1763706,"Richton Park, IL",municipality,"MULTIPOLYGON (((-87.7670019553372 41.4920074389665, -87.7603129010562 41.4918913752882, -87.751620361918 41.4918913752882, -87.732102541697 41.4918913752882, -87.7321348559689 41.4917520988743, -87.7321994845127 41.4914039078394, -87.7228929742087 41.491496758782, -87.7130048070106 41.491496758782, -87.7033105254439 41.4915896097247, -87.7032458969001 41.4864131696731, -87.7032135826282 41.4843704489353, -87.7032135826282 41.4823973664045, -87.7030196969969 41.4797511145395, -87.7028904399093 41.4777083938017, -87.7029550684531 41.476942373525, -87.7030843255407 41.4754103329717, -87.7030843255407 41.4701410419775, -87.7030843255407 41.4698160636783, -87.7030843255407 41.4697928509426, -87.7031166398126 41.4697928509426, -87.7128109213793 41.4697928509426, -87.7128109213793 41.4751085674081, -87.7079960948678 41.4752014183507, -87.7079960948678 41.4758978004205, -87.7123908358447 41.4758978004205, -87.7121969502134 41.4768959480537, -87.71436200643 41.4768959480537, -87.7153960631304 41.4768959480537, -87.7154930059461 41.4780101593653, -87.7201139468262 41.4780101593653, -87.7199846897386 41.4833955140377, -87.7224082601303 41.4836972796013, -87.7220851174114 41.472810506578, -87.732102541697 41.4726944428998, -87.732102541697 41.4697, -87.7321994845127 41.4697, -87.7350108261671 41.4697232127357, -87.7389854816094 41.4697232127357, -87.7389854816094 41.4716034443239, -87.7373051394712 41.4716034443239, -87.7376929107338 41.4769887989963, -87.7421845945264 41.4769887989963, -87.7424107944296 41.4749925037298, -87.742313851614 41.4697232127357, -87.747839592107 41.4697232127357, -87.7494876199734 41.4716962952665, -87.7497138198766 41.4767102461685, -87.7520081331807 41.4771977136173, -87.7514911048305 41.4804010711379, -87.7562089885263 41.4804010711379, -87.7561120457106 41.4767102461685, -87.7722045531114 41.4765941824902, -87.7709119822358 41.476199565984, -87.7710089250514 41.4697928509426, -87.7757591230191 41.4697928509426, -87.7781503791389 41.4698160636783, -87.7806062638025 41.4698160636783, -87.7807032066182 41.4780101593653, -87.7807032066182 41.484393661671, -87.7709119822358 41.4843008107283, -87.7709119822358 41.4878059338126, -87.765903270093 41.4878059338126, -87.7658063272773 41.484393661671, -87.7576954450332 41.4845097253493, -87.7575985022175 41.4910092913332, -87.7513941620148 41.4910092913332, -87.7513941620148 41.4905914620914, -87.7445112221024 41.4908003767123, -87.7442850221992 41.491496758782, -87.7727862100053 41.491705673403, -87.7902036025535 41.491705673403, -87.7902359168254 41.4917753116099, -87.7903005453692 41.4921002899091, -87.7902036025535 41.4921002899091, -87.7670019553372 41.4920074389665), (-87.7420876517107 41.4911949932185, -87.7436064224895 41.4913110568968, -87.7439941937522 41.4898950800217, -87.7420876517107 41.4898950800217, -87.7420876517107 41.4911949932185)))",13
1764304,"River Forest, IL",municipality,"MULTIPOLYGON (((-87.8342156408664 41.8986017167367, -87.8339894409632 41.8998087789909, -87.8337955553319 41.9008069266242, -87.8336016697005 41.9012479686017, -87.8328584414471 41.902849647362, -87.8327938129033 41.9029889237759, -87.8327291843595 41.9030817747186, -87.8321475274655 41.9038013695239, -87.8319859561061 41.9040102841448, -87.8318243847466 41.9041031350875, -87.8302409854241 41.9050084317781, -87.8301117283365 41.9051012827207, -87.8279143578481 41.9057976647904, -87.825587730272 41.9070047270446, -87.8245213592997 41.9085599803337, -87.8244890450278 41.908606405805, -87.813082107051 41.9087921076902, -87.8093336515119 41.9088385331615, -87.8057467673322 41.9089081713685, -87.8057144530603 41.9089081713685, -87.8054559388852 41.9015265214295, -87.8051651104382 41.8925431927302, -87.8051327961663 41.89147540689, -87.8050358533506 41.8886202404042, -87.8050035390787 41.8869953489082, -87.8146978206454 41.8869024979656, -87.8146978206454 41.8868792852299, -87.8144069921984 41.8794512098196, -87.8144069921984 41.8794047843483, -87.8234226740555 41.8792655079344, -87.8273003866822 41.8791958697274, -87.8273003866822 41.8804957829242, -87.8280113006637 41.880983250373, -87.8289161002766 41.8816099942357, -87.8293038715393 41.8819117597993, -87.832018270378 41.8839312678015, -87.8327614986314 41.8845115861929, -87.832890755719 41.8846044371355, -87.8329230699909 41.8846740753425, -87.8336016697005 41.8866935833446, -87.8325676130001 41.8883881130476, -87.8325029844563 41.8885041767259, -87.8323414130969 41.8885970276685, -87.8310811564932 41.8892701970026, -87.8296593285301 41.8900594300149, -87.8295946999863 41.8901058554862, -87.8296593285301 41.8902219191645, -87.8298208998895 41.890662961142, -87.8301440426084 41.8914521941543, -87.8301763568803 41.8915682578326, -87.8302086711522 41.8915914705683, -87.8302409854241 41.8916378960396, -87.8321798417374 41.8927985328225, -87.8334400983411 41.8935645530991, -87.8335047268849 41.8936109785705, -87.8335370411568 41.8936574040418, -87.8336016697005 41.8937270422487, -87.834635726401 41.8953055082734, -87.8347003549448 41.8953983592161, -87.8346680406729 41.89553763563, -87.8342156408664 41.8986017167367)))",14
1764343,"River Grove, IL",municipality,"MULTIPOLYGON (((-87.8495972342856 41.9372973470772, -87.8488863203041 41.9372973470772, -87.8444592650553 41.9373901980198, -87.8431343799078 41.9374134107555, -87.8374470680554 41.9375294744338, -87.8347972977604 41.9375758999051, -87.8334400983411 41.9375991126407, -87.8332138984379 41.9376223253764, -87.8265571584287 41.9377616017903, -87.8263309585255 41.9377616017903, -87.8262340157098 41.9377616017903, -87.826201701438 41.9377616017903, -87.8261370728942 41.9345814570053, -87.8259755015347 41.9273390834803, -87.8259431872628 41.9268516160315, -87.8256846730877 41.9158023538587, -87.8254907874564 41.9128079109589, -87.8254907874564 41.911043743049, -87.8254907874564 41.908606405805, -87.8279143578481 41.9084903421267, -87.8340217552351 41.9084207039197, -87.8349911833918 41.9083974911841, -87.8349911833918 41.9084207039197, -87.8350881262074 41.9112990831412, -87.8400968383502 41.9113919340838, -87.8399998955346 41.9100223826801, -87.8399998955346 41.9099991699444, -87.8447500935023 41.9135507184999, -87.8522146903086 41.919098562322, -87.8525055187556 41.9197020934491, -87.8526024615713 41.9225108344636, -87.8520854332211 41.923091152855, -87.8523116331243 41.9291961023328, -87.8512129478801 41.9291961023328, -87.8516007191427 41.9372509216059, -87.8516007191427 41.9372973470772, -87.8495972342856 41.9372973470772)))",14
54,Riverdale,community area,"MULTIPOLYGON (((-87.60157 41.68621, -87.60172 41.68584, -87.6019 41.68506, -87.60194 41.68474, -87.60194 41.68417, -87.60191 41.68317, -87.60188 41.68263, -87.60188 41.68193, -87.60185 41.68069, -87.6018 41.67898, -87.60175 41.67766, -87.60173 41.6769, -87.60166 41.6762, -87.60154 41.67567, -87.60145 41.67534, -87.60128 41.67489, -87.60113 41.67456, -87.60091 41.67413, -87.60046 41.67343, -87.60007 41.67294, -87.59862 41.67126, -87.59855 41.67119, -87.59757 41.67005, -87.59663 41.66894, -87.59456 41.66654, -87.59384 41.6657, -87.59271 41.66439, -87.59212 41.66371, -87.59172 41.66353, -87.59074 41.66241, -87.59012 41.66165, -87.589 41.66039, -87.58868 41.66003, -87.58765 41.65881, -87.58627 41.65722, -87.58468 41.65537, -87.58274 41.65308, -87.58212 41.65238, -87.58186 41.65206, -87.58081 41.65084, -87.58049 41.65042, -87.57979 41.64941, -87.57964 41.64914, -87.57918 41.64816, -87.57888 41.64738, -87.57862 41.64645, -87.57845 41.64552, -87.57838 41.64469, -87.58567 41.6447, -87.58945 41.64465, -87.59284 41.64464, -87.59445 41.6446, -87.59618 41.64459, -87.59824 41.64461, -87.59925 41.64461, -87.60124 41.64461, -87.60578 41.64461, -87.60918 41.64461, -87.61022 41.6446, -87.6121 41.6446, -87.61336 41.64461, -87.61473 41.64459, -87.61722 41.64458, -87.61724 41.64763, -87.61722 41.64859, -87.61723 41.65028, -87.61803 41.65037, -87.61908 41.6506, -87.62021 41.65085, -87.62032 41.65089, -87.61982 41.65183, -87.61945 41.65266, -87.61907 41.65361, -87.61875 41.65458, -87.61848 41.65555, -87.61837 41.65604, -87.61771 41.6591, -87.61828 41.65911, -87.61767 41.66172, -87.61749 41.66251, -87.61727 41.66335, -87.61715 41.66434, -87.61697 41.66523, -87.61675 41.66617, -87.61657 41.66686, -87.61626 41.6682, -87.61618 41.66844, -87.61609 41.6689, -87.61557 41.67121, -87.61547 41.67159, -87.61515 41.67306, -87.61507 41.67337, -87.61497 41.67384, -87.61456 41.6756, -87.61433 41.67646, -87.6142 41.6769, -87.61415 41.67723, -87.61405 41.67761, -87.61317 41.68159, -87.61301 41.68224, -87.61289 41.68258, -87.61282 41.68295, -87.61261 41.68383, -87.61228 41.68543, -87.6114 41.68544, -87.60458 41.68551, -87.6041 41.68556, -87.60293 41.68603, -87.60249 41.68614, -87.60218 41.68618, -87.60157 41.68621)))",14
1764278,"Riverdale, IL",municipality,"MULTIPOLYGON (((-87.6696067398636 41.6482059372033, -87.6603971723752 41.6483916390886, -87.6603002295596 41.6479041716398, -87.6575858307209 41.6478113206972, -87.6577150878084 41.6469988749491, -87.6491841200297 41.6472077895701, -87.6472452637164 41.6486701919165, -87.6472129494445 41.6486934046521, -87.6496688341081 41.6486469791808, -87.6512845477025 41.6486005537095, -87.6512845477025 41.6486237664451, -87.6512845477025 41.6512932310457, -87.6516076904214 41.655401885257, -87.6513168619744 41.6555179489353, -87.6506705765366 41.6557732890275, -87.6506059479929 41.6557965017632, -87.6469867495413 41.6570035640174, -87.6469867495413 41.6569803512817, -87.6469221209975 41.6570035640174, -87.6412024948731 41.6573981805235, -87.6381326390437 41.6574213932592, -87.635127411758 41.6574213932592, -87.6321544987442 41.6574910314662, -87.6315405275783 41.6574910314662, -87.6312820134032 41.6574678187305, -87.6309588706843 41.6574910314662, -87.6280182719424 41.6592784121118, -87.6251099874724 41.661019367286, -87.6247222162097 41.6612979201139, -87.6241405593157 41.6613675583209, -87.6216846746522 41.6616925366201, -87.6198427611545 41.6611122182287, -87.6193580470761 41.6591391356978, -87.6192934185324 41.6591159229622, -87.6192934185324 41.6590927102265, -87.6190672186292 41.6590927102265, -87.6188733329978 41.6590694974909, -87.6187117616384 41.6590927102265, -87.6183239903757 41.6590927102265, -87.6183563046476 41.6589070083412, -87.6198104468826 41.6535912918758, -87.6208121893112 41.651409294724, -87.6211676463019 41.6507361253899, -87.6213292176614 41.6504111470907, -87.6212969033895 41.6504111470907, -87.6211030177582 41.6503415088838, -87.6204567323204 41.6501325942629, -87.620262846689 41.6501093815272, -87.6201982181453 41.6501093815272, -87.6200689610577 41.6500861687915, -87.6199397039701 41.6500861687915, -87.6185825045508 41.6500397433202, -87.6180008476568 41.6499468923776, -87.6175161335785 41.6499701051133, -87.6173222479471 41.6499933178489, -87.6172253051315 41.6499933178489, -87.6172253051315 41.6480202353181, -87.6172253051315 41.6469060240065, -87.6172253051315 41.6445847504408, -87.6171929908596 41.6445847504408, -87.6171929908596 41.644097282992, -87.6171929908596 41.6298910887698, -87.6323160701037 41.6297982378272, -87.6491841200297 41.6297982378272, -87.6492164343016 41.6298446632985, -87.6495072627486 41.6313070656449, -87.6510906620712 41.6330015953479, -87.6515107476058 41.638410162756, -87.6515107476058 41.6405921599078, -87.656390202661 41.6407082235861, -87.6575858307209 41.6411028400922, -87.662788428495 41.6408010745287, -87.6649857989835 41.6423099023464, -87.6666015125779 41.6443061976129, -87.6689927686977 41.645791812695, -87.6696067398636 41.6482059372033)))",14
1764421,"Riverside, IL",municipality,"MULTIPOLYGON (((-87.8322121560093 41.8353005865998, -87.8321475274655 41.8353005865998, -87.8226148172583 41.8355095012207, -87.8227117600739 41.8392003261902, -87.8228087028896 41.8424965346535, -87.8225178744426 41.842867938424, -87.8224855601707 41.8428911511596, -87.8137607067607 41.8430536403092, -87.8104969652999 41.8431000657806, -87.8034847682999 41.8431000657806, -87.8034201397562 41.8421483436186, -87.8033555112124 41.8410573450427, -87.8032908826686 41.8403841757087, -87.8032908826686 41.840291324766, -87.8032585683967 41.839478879018, -87.8031293113092 41.8353934375424, -87.8027092257746 41.8236942187712, -87.8051327961663 41.8228353475519, -87.8103030796685 41.821001541435, -87.812500450157 41.8210943923776, -87.8138899638482 41.8219068381256, -87.8140838494796 41.8227889220806, -87.815699563074 41.8227889220806, -87.815699563074 41.824994131968, -87.8187047903597 41.825806577716, -87.8194157043413 41.8253887484742, -87.8195126471569 41.823299602265, -87.8217100176454 41.8210943923776, -87.821806960461 41.8210479669063, -87.8253938446407 41.819307011732, -87.8260078158066 41.8173107164655, -87.8279143578481 41.8165911216601, -87.8304671853273 41.8172875037298, -87.8304994995992 41.8173107164655, -87.830564128143 41.8173339292011, -87.8317920704747 41.8181463749491, -87.8319859561061 41.8183088640987, -87.8319859561061 41.8183552895701, -87.8319859561061 41.8184017150414, -87.8319536418342 41.8186338423979, -87.8318890132904 41.8191909480537, -87.8316951276591 41.8206069249288, -87.8316951276591 41.8243441753696, -87.8316951276591 41.8252958975315, -87.8320505846499 41.8292652753289, -87.8322121560093 41.8307044649397, -87.8322121560093 41.8353005865998)))",14
1764616,"Robbins, IL",municipality,"MULTIPOLYGON (((-87.7040860679692 41.6499933178489, -87.6993035557297 41.650596848976, -87.69862495602 41.6478345334328, -87.6985926417481 41.6478113206972, -87.6981079276698 41.6478577461685, -87.6975908993195 41.6479041716398, -87.6975908993195 41.650596848976, -87.6920005302827 41.6508057635969, -87.6919035874671 41.6479970225824, -87.6936162438772 41.6479273843754, -87.6942948435868 41.6479041716398, -87.6941009579555 41.6405921599078, -87.6945856720339 41.6405921599078, -87.6986895845638 41.6371102495592, -87.6985926417481 41.6333033609114, -87.7036013538909 41.6333033609114, -87.7042799536006 41.63272304252, -87.7043122678725 41.6326998297844, -87.7043445821443 41.6326998297844, -87.7055402102042 41.6326998297844, -87.7071882380706 41.6326998297844, -87.7091917229277 41.6328855316696, -87.7092886657434 41.6329087444053, -87.7093209800153 41.6329087444053, -87.7096118084623 41.6333033609114, -87.7123262073009 41.6340693811881, -87.7131663783701 41.6343015085447, -87.7131986926419 41.6343015085447, -87.7155899487617 41.6359960382477, -87.7156868915774 41.6381083971925, -87.7145882063332 41.6381083971925, -87.715234491771 41.638410162756, -87.715816148665 41.6386887155839, -87.7159130914806 41.6411956910349, -87.7160423485682 41.6442829848773, -87.7160746628401 41.6450490051539, -87.716106977112 41.6454900471314, -87.7160746628401 41.6455132598671, -87.7142650636143 41.645722174488, -87.7137157209922 41.645791812695, -87.7138126638078 41.6475791933406, -87.7138126638078 41.6476024060762, -87.7185951760474 41.6475095551336, -87.7185951760474 41.6474863423979, -87.7184012904161 41.6417992221619, -87.7232161169275 41.6408010745287, -87.7235069453746 41.646604258443, -87.7237008310059 41.6473934914553, -87.7264152298446 41.647347065984, -87.7270615152823 41.6473238532484, -87.7283864004298 41.6473006405127, -87.7283864004298 41.6473238532483, -87.7283864004298 41.6509914654822, -87.7237977738216 41.6511075291605, -87.7236038881902 41.6506896999186, -87.716397805559 41.6501093815272, -87.7066065811766 41.6501093815272, -87.7040860679692 41.6499933178489), (-87.6949088147527 41.6491112338939, -87.6970092424255 41.6479041716398, -87.6949088147527 41.6479041716398, -87.6949088147527 41.6491112338939)))",14
1,Rogers Park,community area,"MULTIPOLYGON (((-87.65456 41.99818, -87.65574 41.99819, -87.656 41.99825, -87.65955 41.99821, -87.6615 41.99819, -87.66575 41.99814, -87.66766 41.99812, -87.67086 41.99808, -87.67501 41.998, -87.67684 41.99797, -87.6771 41.99854, -87.68009 42.00503, -87.68176 42.00866, -87.68193 42.00906, -87.68262 42.01101, -87.68373 42.01417, -87.68404 42.01504, -87.68418 42.01554, -87.68428 42.01639, -87.68448 42.01812, -87.68465 42.01949, -87.68024 42.01945, -87.67728 42.01944, -87.67708 42.01942, -87.67398 42.0194, -87.67312 42.0194, -87.67624 42.02194, -87.67665 42.02247, -87.67706 42.02305, -87.6707 42.023, -87.66513 42.02296, -87.66527 42.02276, -87.66527 42.02263, -87.66505 42.02237, -87.66479 42.02223, -87.66463 42.02188, -87.66472 42.02174, -87.66453 42.0215, -87.66419 42.02126, -87.66401 42.02134, -87.66386 42.02074, -87.66381 42.02046, -87.66375 42.02036, -87.66393 42.02033, -87.66401 42.02019, -87.66385 42.01967, -87.66388 42.01953, -87.66364 42.01951, -87.66364 42.01938, -87.66383 42.01937, -87.66387 42.01921, -87.66398 42.01909, -87.66372 42.01875, -87.66357 42.01864, -87.66336 42.01859, -87.66328 42.01844, -87.66333 42.01816, -87.66327 42.01777, -87.66314 42.01773, -87.66313 42.0173, -87.66315 42.01718, -87.66299 42.0171, -87.66306 42.01689, -87.66301 42.01675, -87.66281 42.01666, -87.66272 42.0162, -87.66255 42.01606, -87.66253 42.01562, -87.66247 42.01544, -87.66229 42.01522, -87.66217 42.01499, -87.66209 42.01497, -87.662 42.01459, -87.6619 42.01444, -87.66178 42.01405, -87.6617 42.01398, -87.66157 42.01374, -87.6615 42.01348, -87.66162 42.01333, -87.6615 42.01313, -87.66133 42.01296, -87.66118 42.0126, -87.66094 42.01222, -87.66107 42.01218, -87.66103 42.01206, -87.66079 42.01176, -87.66064 42.01163, -87.66038 42.01146, -87.66015 42.01125, -87.66028 42.01117, -87.66012 42.01099, -87.65922 42.01025, -87.65866 42.00955, -87.65812 42.00906, -87.65752 42.00846, -87.65698 42.00801, -87.65674 42.00769, -87.65646 42.00743, -87.65537 42.00672, -87.65584 42.00632, -87.65739 42.00629, -87.65741 42.00621, -87.65742 42.00563, -87.65731 42.00508, -87.65697 42.00443, -87.65682 42.00425, -87.65729 42.00422, -87.65729 42.00393, -87.65724 42.00372, -87.65711 42.00357, -87.65698 42.00321, -87.65701 42.00314, -87.65692 42.00296, -87.65687 42.00253, -87.65656 42.00213, -87.65645 42.00207, -87.65599 42.00111, -87.65597 42.00094, -87.65604 42.0008, -87.65601 42.00067, -87.65562 41.99956, -87.65531 41.99912, -87.65521 41.99907, -87.65483 41.99851, -87.65456 41.99818)))",14
1765338,"Rolling Meadows, IL",municipality,"MULTIPOLYGON (((-88.0511090337857 42.0868105774447, -88.0511090337857 42.0892014892174, -88.0499134057258 42.0892014892174, -88.0499134057258 42.0869034283874, -88.0462942072743 42.0868105774447, -88.0463911500899 42.0889925745965, -88.0450016363987 42.0889925745965, -88.0450016363987 42.0899907222298, -88.0450016363987 42.0904085514716, -88.0450016363987 42.090988869863, -88.0438060083388 42.0914995500475, -88.0438060083388 42.0922887830598, -88.0400898670716 42.0922887830598, -88.0396051529932 42.0940065254984, -88.0388942390117 42.0948886094534, -88.0376986109518 42.0953992896379, -88.0365029828919 42.0947957585108, -88.0341117267721 42.0947957585108, -88.0340147839564 42.1029898541978, -88.0291030146293 42.1029898541978, -88.0291030146293 42.1044986820155, -88.0198934471409 42.1005060914824, -88.0133982784912 42.0976044995253, -88.0134952213069 42.097488435847, -88.0144000209198 42.0973955849044, -88.0195056758782 42.0996936457344, -88.022187760445 42.0986954981012, -88.0241912453021 42.0976044995253, -88.0241912453021 42.095793906144, -88.0267117585095 42.0954921405805, -88.0266148156938 42.0885051071477, -88.0047380536249 42.0885051071477, -88.0047057393531 42.0885051071477, -88.0047057393531 42.0883194052624, -88.0047703678968 42.083003688797, -88.0048996249844 42.0755059751797, -88.0048673107125 42.0752970605588, -88.0048349964406 42.0746238912247, -88.0048026821687 42.0743917638682, -88.0031869685743 42.072302617659, -88.0031869685743 42.0701902587142, -88.0039948253715 42.0677993469416, -88.0039948253715 42.0666387101587, -88.0039948253715 42.0665922846874, -88.0052227677033 42.0666387101587, -88.0070000526572 42.0667083483657, -88.0070000526572 42.0666387101587, -88.0070646812009 42.0605337606809, -88.0070969954728 42.0579107215516, -88.00208828333 42.0566108083548, -88.0013127408047 42.0564018937339, -88.0008926552701 42.0561697663773, -87.99917999886 42.0552180442154, -87.9987922275973 42.0550091295945, -87.9938804582702 42.0514575810389, -87.9931049157449 42.0509004753832, -87.9935896298232 42.050505858877, -87.995690057496 42.0460954391021, -88.0069354241134 42.0512718791537, -88.0070000526572 42.0512950918893, -88.0070000526572 42.0512718791537, -88.0070969954728 42.0509933263258, -88.0095205658645 42.0509701135901, -88.0190855903437 42.0508076244405, -88.0194087330626 42.0509004753832, -88.0280043293851 42.0506915607622, -88.0293938430763 42.0508076244405, -88.0290060718136 42.0554965970433, -88.0304602140486 42.0556822989285, -88.0314942707491 42.0557983626068, -88.0322051847306 42.0564947446765, -88.035307354832 42.0579107215516, -88.035307354832 42.0612069300149, -88.0329160987122 42.0613926319002, -88.0327868416246 42.0632960762241, -88.0315912135647 42.0633889271667, -88.0304602140486 42.0631335870745, -88.0287152433666 42.062692545097, -88.0286183005509 42.0667315611013, -88.0285859862791 42.0670101139292, -88.0299108714265 42.0677064959989, -88.0304925283205 42.070004556829, -88.0284890434634 42.0690064091957, -88.0283921006477 42.0707937898413, -88.0295877287076 42.0722097667164, -88.0284890434634 42.0723954686017, -88.0292969002606 42.073997147362, -88.0357920689103 42.073997147362, -88.0357920689103 42.0759934426285, -88.0389911818273 42.0761095063068, -88.0389911818273 42.0752042096162, -88.0401868098872 42.0746006784891, -88.041996409113 42.0746006784891, -88.0438060083388 42.0736953817985, -88.0439029511545 42.0737185945341, -88.0461003216429 42.0740899983046, -88.0456156075646 42.0759005916859, -88.0464880929056 42.0771076539401, -88.048394634947 42.0771076539401, -88.048394634947 42.075691677065, -88.0534033470898 42.0752042096162, -88.0537911183525 42.077177292147, -88.0537911183525 42.0772005048827, -88.0570548598133 42.077246930354, -88.0595107444769 42.0772701430897, -88.0622897718593 42.0772933558253, -88.0622897718593 42.0781058015733, -88.0658120274952 42.0781058015733, -88.0662967415736 42.078802183643, -88.065294999145 42.0817966265428, -88.065294999145 42.0827019232334, -88.0681063407994 42.0833054543605, -88.0680093979837 42.085301749627, -88.0668137699238 42.0856963661332, -88.0622251433156 42.0856963661332, -88.0621928290437 42.0856963661332, -88.0621928290437 42.0849071331209, -88.0579919736981 42.0847910694426, -88.0569902312695 42.0840018364302, -88.0535002899055 42.0840018364302, -88.0534033470898 42.0849999840635, -88.0511090337857 42.0849999840635, -88.0511090337857 42.0868105774447), (-88.0426103802789 42.0787093327004, -88.0426103802789 42.077989737895, -88.0389911818273 42.077989737895, -88.0384095249333 42.0785932690221, -88.0357920689103 42.0785932690221, -88.0357920689103 42.0798003312763, -88.0340147839564 42.0798003312763, -88.0338855268689 42.0834911562458, -88.0378924965831 42.083607219924, -88.0389911818273 42.0831893906822, -88.0389911818273 42.0818894774854, -88.041414752219 42.0817037756002, -88.041414752219 42.0824930086125, -88.0438383226107 42.0824930086125, -88.0439029511545 42.0824930086125, -88.0439029511545 42.0814948609793, -88.0438706368826 42.0814948609792, -88.041414752219 42.0814020100366, -88.0412854951314 42.0804038624034, -88.0438706368826 42.0804038624034, -88.0439029511545 42.0804038624034, -88.0447108079517 42.0788950345857, -88.0439029511545 42.0788253963787, -88.0426103802789 42.0787093327004)))",14
49,Roseland,community area,"MULTIPOLYGON (((-87.60449 41.72255, -87.60448 41.72204, -87.60366 41.72204, -87.60318 41.72205, -87.60349 41.72067, -87.60379 41.71943, -87.60435 41.71698, -87.60533 41.71265, -87.6062 41.70887, -87.60683 41.706, -87.60722 41.70427, -87.60733 41.70386, -87.6075 41.70308, -87.60808 41.70054, -87.60815 41.70031, -87.60832 41.69947, -87.60894 41.69674, -87.60966 41.69362, -87.60976 41.69323, -87.61009 41.6917, -87.61063 41.68936, -87.61128 41.68648, -87.61142 41.68594, -87.61144 41.68572, -87.6114 41.68544, -87.61228 41.68543, -87.61778 41.68538, -87.6202 41.68535, -87.62103 41.68534, -87.62915 41.68524, -87.63173 41.68522, -87.63822 41.68513, -87.63872 41.68512, -87.63955 41.68511, -87.64215 41.68508, -87.64231 41.6903, -87.64234 41.69105, -87.64239 41.6929, -87.64244 41.69429, -87.64249 41.69581, -87.64261 41.69964, -87.64274 41.70385, -87.64283 41.70692, -87.63313 41.70704, -87.63317 41.70797, -87.63319 41.70888, -87.63327 41.71169, -87.63331 41.71342, -87.63338 41.71614, -87.63342 41.71795, -87.63353 41.72159, -87.63364 41.72522, -87.63365 41.72578, -87.63369 41.72699, -87.63373 41.72885, -87.63374 41.72992, -87.6338 41.72998, -87.63382 41.73041, -87.63391 41.73171, -87.63396 41.73289, -87.63407 41.7352, -87.63413 41.73594, -87.63381 41.73595, -87.63385 41.73738, -87.63388 41.73821, -87.63394 41.73861, -87.63408 41.73914, -87.63404 41.73918, -87.63396 41.73947, -87.63375 41.73903, -87.63365 41.73869, -87.63357 41.73826, -87.63306 41.73724, -87.63271 41.73666, -87.63251 41.73644, -87.63266 41.73638, -87.63272 41.73597, -87.6321 41.73541, -87.63173 41.73518, -87.63125 41.73476, -87.63116 41.73471, -87.63093 41.73441, -87.63068 41.73423, -87.62905 41.73268, -87.62904 41.73262, -87.62645 41.7299, -87.62578 41.72918, -87.62567 41.72902, -87.62362 41.72905, -87.62286 41.72906, -87.61918 41.72912, -87.61919 41.72954, -87.61852 41.7294, -87.61791 41.7292, -87.61735 41.72905, -87.61637 41.72871, -87.6157 41.72849, -87.61462 41.72804, -87.6143 41.72789, -87.61427 41.72693, -87.61222 41.72592, -87.61158 41.72559, -87.61083 41.7256, -87.61066 41.72558, -87.61035 41.72546, -87.60961 41.7251, -87.60939 41.72494, -87.60937 41.72448, -87.60757 41.72359, -87.60674 41.72322, -87.60589 41.72292, -87.60523 41.72273, -87.60449 41.72255)))",14
1765806,"Roselle, IL",municipality,"MULTIPOLYGON (((-88.0481684350438 41.9918937013427, -88.0492348060162 41.9918704886071, -88.0504627483479 41.9918937013427, -88.0482007493157 41.9918937013427, -88.0481684350438 41.9918937013427)), ((-88.0884966463613 41.9940060602875, -88.0823892489743 41.9943078258511, -88.0803857641172 41.9943078258511, -88.0800949356702 41.9999020951444, -88.078996250426 41.9999020951444, -88.0780591365412 41.9980682890275, -88.0778975651817 41.9977897361996, -88.0778975651817 41.9944935277363, -88.0753124234306 41.9946095914146, -88.0753124234306 41.9960023555541, -88.0742137381864 41.9964898230028, -88.0740844810988 41.9982075654415, -88.0667814556519 41.9985325437407, -88.0624190289469 41.9987182456259, -88.0606094297211 41.9988110965686, -88.0606094297211 42.0005984772142, -88.0594138016612 42.0005984772142, -88.0594138016612 41.9988110965686, -88.055697660394 41.9989039475112, -88.0557946032096 41.9934025291605, -88.0557946032096 41.992009765021, -88.0551483177719 41.9917079994575, -88.060641743993 41.9914294466296, -88.0641639996289 41.9912901702156, -88.0671692269146 41.991197319273, -88.0697220543938 41.9910348301234, -88.0706914825505 41.9910348301234, -88.0723071961449 41.9909651919165, -88.0751508520712 41.9908491282382, -88.0758617660527 41.9909187664451, -88.0767019371219 41.9908955537095, -88.0786407934352 41.9908259155025, -88.0799656785826 41.9907794900312, -88.0802241927578 41.9907562772955, -88.081322878002 41.9906402136172, -88.0828416487808 41.990593788146, -88.0840695911126 41.9905473626746, -88.0854591048038 41.9905009372033, -88.085976133154 41.9904777244677, -88.0888521033521 41.9903616607894, -88.0894983887899 41.9903384480537, -88.0903708741309 41.9903152353181, -88.0901123599558 41.9918937013427, -88.0900154171401 41.9980915017632, -88.0879149894674 41.9976040343144, -88.0884966463613 41.9940060602875), (-88.0723071961449 41.9943078258511, -88.0704006541035 41.9944006767937, -88.0704975969192 41.9953059734843, -88.0722102533293 41.9953059734843, -88.0723071961449 41.9943078258511)))",14
1765819,"Rosemont, IL",municipality,"MULTIPOLYGON (((-87.8798110785019 41.9970933541299, -87.8767089084005 41.9962344829106, -87.8733159098522 41.9953059734843, -87.8732189670365 41.9954452498983, -87.8731866527646 41.9954916753696, -87.8618120290597 41.9957934409331, -87.8617797147878 41.9957934409331, -87.8601963154652 41.992009765021, -87.8597116013869 41.9921026159636, -87.859679287115 41.9920561904923, -87.8583867162394 41.9907098518242, -87.8583220876957 41.9906402136173, -87.8559308315759 41.9891778112709, -87.8558015744883 41.9891081730639, -87.8557692602164 41.9890385348569, -87.8558338887602 41.9890617475926, -87.8557369459445 41.988829620236, -87.8557046316727 41.9887831947647, -87.8569002597325 41.9869029631765, -87.8560277743915 41.9868101122338, -87.8562539742948 41.9863458575207, -87.856480174198 41.9857191136579, -87.8566740598293 41.9851387952665, -87.8567386883731 41.9847906042317, -87.8566094312855 41.9841870731046, -87.856480174198 41.9838620948054, -87.8562862885667 41.9833282018853, -87.8562216600229 41.9831657127357, -87.8561247172072 41.9827710962295, -87.8558662030321 41.982260416045, -87.8557692602164 41.9820050759528, -87.8557369459445 41.9818657995389, -87.8557369459445 41.9817033103893, -87.8564155456542 41.9804033971925, -87.8565771170137 41.9802409080429, -87.857061831092 41.979892717008, -87.8574172880828 41.9795677387088, -87.8584513447832 41.9786624420182, -87.858806801774 41.9782910382477, -87.8591622587648 41.9779892726841, -87.8595823442993 41.9776410816493, -87.859679287115 41.9775482307066, -87.8609395437187 41.9764340193951, -87.8611980578938 41.9762483175098, -87.8615535148846 41.975900126475, -87.8616504577003 41.9757376373254, -87.8619412861472 41.975157318934, -87.862005914691 41.9746002132782, -87.8620382289629 41.9742288095077, -87.8621028575067 41.9740895330937, -87.8682102548937 41.9738109802658, -87.8695997685849 41.9739966821511, -87.8759010516033 41.9739966821511, -87.8758041087876 41.9766893594873, -87.8738006239305 41.9766893594873, -87.875997994419 41.9827014580225, -87.8759010516033 41.9850923697952, -87.876288822866 41.9853012844161, -87.8779045364604 41.988899258443, -87.8801019069489 41.9951899098061, -87.8844966479258 41.9950970588634, -87.8844966479258 41.9982075654415, -87.8805543067553 41.9972790560152, -87.8798110785019 41.9970933541299)), ((-87.8927044729856 42.0093961040282, -87.885886161617 42.0096050186491, -87.8848521049166 42.006564150278, -87.8847874763728 42.0064016611285, -87.8847874763728 42.0061927465075, -87.8845935907415 42.0045910677472, -87.8845289621977 42.0004824135359, -87.8844966479258 41.9982075654415, -87.8845289621977 41.9982075654415, -87.8845289621977 41.9982307781771, -87.8845289621977 41.9989503729825, -87.8851752476355 41.9992057130747, -87.8857245902576 41.99939141496, -87.8868232755018 41.9996699677879, -87.8876634465709 41.9999949460871, -87.8886651889995 42.000273498915, -87.8888913889027 42.0004127753289, -87.889376102981 42.0009234555134, -87.8895699886124 42.0009930937203, -87.8898608170594 42.0009930937203, -87.8903778454096 42.0013412847552, -87.8906686738566 42.0016198375831, -87.8910564451193 42.0018519649397, -87.8913472735663 42.0019448158823, -87.8921551303635 42.0019216031466, -87.8925752158981 42.0019680286179, -87.8932538156077 42.0019216031466, -87.8954511860962 42.001828752204, -87.895806643087 42.0018519649396, -87.8960651572621 42.001828752204, -87.896097471534 42.0022930069171, -87.8900870169626 42.0022930069171, -87.8899900741469 42.0032911545504, -87.8918966161884 42.0041036002984, -87.8940939866769 42.0028965380442, -87.8940939866769 42.0057052790587, -87.8925105873543 42.0060070446223, -87.8927044729856 42.0093961040282)))",14
1767769,"Sauk Village, IL",municipality,"MULTIPOLYGON (((-87.5608045864132 41.4755031839143, -87.5578963019432 41.4754103329717, -87.5578963019432 41.4748068018446, -87.5608045864132 41.4748068018446, -87.5608045864132 41.4755031839143)), ((-87.5927957155833 41.4794029235047, -87.5927957155833 41.4804010711379, -87.5940882864589 41.4804939220806, -87.5916970303391 41.4810974532077, -87.5916970303391 41.4830008975315, -87.589984373929 41.4830937484742, -87.5897904882977 41.4846954272345, -87.5870114609152 41.4846954272345, -87.5871084037309 41.4863899569375, -87.5950900288875 41.4858096385461, -87.5968026852976 41.4858096385461, -87.5971904565603 41.490893227655, -87.585912775671 41.490893227655, -87.5858158328553 41.4845097253492, -87.5852018616894 41.4845097253492, -87.5851049188738 41.4771977136173, -87.5869145180995 41.4771977136173, -87.5897904882977 41.4781958612505, -87.5907922307262 41.4794029235047, -87.5927957155833 41.4794029235047)), ((-87.5869145180995 41.4989944723993, -87.5873022893622 41.5019889152991, -87.5852018616894 41.5019889152991, -87.5823905200351 41.5054011874407, -87.5823905200351 41.4986927068357, -87.5784158645927 41.4985998558931, -87.5784158645927 41.5025924464262, -87.5778018934268 41.5027085101044, -87.5777695791549 41.5027549355758, -87.5767032081826 41.5040084233012, -87.5745058376941 41.5058886548895, -87.5726962384684 41.5063064841313, -87.5628080712703 41.5063993350739, -87.5628080712703 41.5073046317645, -87.5582194446621 41.5073046317645, -87.5581871303902 41.5073046317645, -87.558251758934 41.5097419690085, -87.5582840732058 41.5138041977486, -87.5533076753349 41.5138041977485, -87.5532107325193 41.5065153987522, -87.5532107325193 41.5064921860166, -87.5560867027174 41.5064921860165, -87.5581871303902 41.5064921860166, -87.5581871303902 41.5064689732809, -87.5581871303902 41.5028942119897, -87.5533076753349 41.5028942119897, -87.5532107325193 41.4985998558931, -87.5525967613534 41.4917985243456, -87.5524998185377 41.4879916356978, -87.5483959060078 41.4882934012614, -87.5482989631921 41.4846025762919, -87.5400911381323 41.4846954272345, -87.5400911381323 41.4833026630951, -87.5386046816254 41.4832098121525, -87.5386046816254 41.4781030103079, -87.5432902510493 41.4781030103079, -87.5432902510493 41.4804939220806, -87.5482020203765 41.4804939220806, -87.5482020203765 41.4774066282382, -87.552984532616 41.4772905645599, -87.552984532616 41.4768959480537, -87.5578963019432 41.4768959480537, -87.5578963019432 41.4774994791808, -87.552984532616 41.4774994791808, -87.5531137897036 41.4788922433202, -87.5546971890262 41.4806099857588, -87.5578963019432 41.4806099857588, -87.5578963019432 41.4814920697138, -87.5547941318418 41.4814920697138, -87.5544063605792 41.483511577716, -87.5547941318418 41.4846025762919, -87.5579932447588 41.4846025762919, -87.5578963019432 41.4817938352774, -87.560287558063 41.4817938352774, -87.5615155003947 41.4829080465889, -87.5617093860261 41.4839990451648, -87.5628080712703 41.4839990451648, -87.5628080712703 41.4808885385867, -87.5652962702058 41.4807956876441, -87.5721145815744 41.4772905645599, -87.5718883816711 41.4755960348569, -87.5719853244868 41.4702106801845, -87.5749905517725 41.4700017655635, -87.5773494936204 41.4700017655635, -87.5776080077955 41.4700017655635, -87.5775110649798 41.4771977136173, -87.5844909477079 41.4771977136173, -87.5845878905235 41.4865988715584, -87.5849110332424 41.4865988715584, -87.5849110332424 41.4917985243456, -87.5971904565603 41.4917985243456, -87.5968026852976 41.4953964983724, -87.5947992004405 41.4953964983724, -87.5947022576248 41.4967892625119, -87.5968026852976 41.4969053261902, -87.5968996281133 41.4985070049505, -87.5869145180995 41.4985070049505, -87.5869145180995 41.4989944723993), (-87.5725992956527 41.483511577716, -87.5737949237126 41.483511577716, -87.5737949237126 41.4823045154618, -87.5702080395329 41.4823045154618, -87.5702080395329 41.4846025762919, -87.5725992956527 41.4846025762919, -87.5725992956527 41.483511577716), (-87.5580901875745 41.4928895229215, -87.5580901875745 41.4985070049505, -87.562905014086 41.4985998558931, -87.5653932130214 41.4985070049505, -87.5653932130214 41.4962089441204, -87.5630019569016 41.4959071785569, -87.5630019569016 41.4927966719789, -87.5580901875745 41.4928895229215)), ((-87.5968026852976 41.4953964983724, -87.5994847698644 41.4953964983724, -87.5994847698644 41.4960928804422, -87.5968026852976 41.4960000294995, -87.5968026852976 41.4953964983724)))",14
1768003,"Schaumburg, IL",municipality,"MULTIPOLYGON (((-88.1389069105083 42.0469078848501, -88.126175087384 42.0474649905059, -88.1233960600015 42.0476042669199, -88.121812660679 42.0474417777702, -88.1213925751444 42.0473953522989, -88.1215864607757 42.0405940207514, -88.118904376209 42.0404083188661, -88.1188074333933 42.0372049613455, -88.1190982618403 42.0368103448393, -88.1105026655178 42.0372049613455, -88.1019716977391 42.037437088702, -88.0995158130755 42.037506726909, -88.0995158130755 42.0350926024007, -88.0996127558912 42.0265967411501, -88.0958643003521 42.0266895920928, -88.0915988164627 42.0268056557711, -88.0915988164627 42.0268520812424, -88.091792702094 42.031007160925, -88.084812819366 42.0314017774312, -88.0845866194628 42.0343033693883, -88.0799979928545 42.0344890712736, -88.0799010500389 42.038388810864, -88.0798041072232 42.0384120235996, -88.0701098256565 42.0385977254849, -88.0700128828408 42.0350926024007, -88.0601893441865 42.0355104316425, -88.0601893441865 42.0356264953208, -88.0602539727303 42.0375531523803, -88.0602862870022 42.0391084056693, -88.0607386868087 42.0391084056693, -88.0626129145782 42.0391084056693, -88.0627098573939 42.0411047009358, -88.0644871423478 42.0414064664994, -88.0645840851635 42.0417082320629, -88.0651011135137 42.0438902292147, -88.0648102850667 42.049693413129, -88.071111568085 42.0496005621864, -88.0797071644075 42.0492523711515, -88.0831971057715 42.0490898820019, -88.0837141341218 42.0457936735386, -88.0894014459742 42.0471632249424, -88.0912110452 42.0476042669199, -88.0924066732599 42.047998883426, -88.0926005588913 42.047998883426, -88.0942485867576 42.047998883426, -88.0945071009327 42.047998883426, -88.0947333008359 42.04813815984, -88.0955734719051 42.0485792018174, -88.0956057861769 42.0486024145531, -88.0980939851124 42.0485095636105, -88.0980939851124 42.0450044405263, -88.099386555988 42.0449115895836, -88.0994834988036 42.0412207646141, -88.0995158130755 42.0411975518785, -88.1019393834672 42.0411047009358, -88.1043952681308 42.0409886372576, -88.1042013824994 42.043193847145, -88.1042013824994 42.0433099108233, -88.1042336967713 42.0437741655364, -88.1043952681308 42.0482077980469, -88.1043952681308 42.0483006489896, -88.1042983253151 42.0594891875763, -88.0992896131723 42.0593963366337, -88.0996127558912 42.0498094768073, -88.0994511845317 42.049763051336, -88.0960905002553 42.0490898820019, -88.0909848452968 42.0495077112437, -88.0894983887899 42.0489970310593, -88.0894014459742 42.0560072772277, -88.0844896766471 42.0561001281704, -88.0844896766471 42.057817870609, -88.0844896766471 42.0638067564085, -88.0892075603429 42.0638067564085, -88.0894983887899 42.0670101139292, -88.0826154488775 42.0670101139292, -88.078705421979 42.0670101139292, -88.0773159082877 42.0688903455174, -88.0767988799375 42.068310027126, -88.0740844810988 42.0684028780686, -88.0723718246887 42.0671029648718, -88.0712085109007 42.0661976681812, -88.0668137699238 42.0661976681812, -88.0668137699238 42.0625996941544, -88.0633884571036 42.0622979285908, -88.0634853999192 42.0644102875356, -88.062386714675 42.0645959894209, -88.0626129145782 42.0670797521362, -88.0627098573939 42.0680082615625, -88.0640993710851 42.0681011125051, -88.064713342251 42.0746935294317, -88.067912455168 42.0755059751797, -88.0678801408961 42.075691677065, -88.0678155123524 42.0781058015733, -88.0658120274952 42.0781058015733, -88.0622897718593 42.0781058015733, -88.0622897718593 42.0772933558253, -88.0595107444769 42.0772701430897, -88.0570548598133 42.077246930354, -88.0537911183525 42.0772005048827, -88.0537911183525 42.077177292147, -88.0534033470898 42.0752042096162, -88.048394634947 42.075691677065, -88.048394634947 42.0771076539401, -88.0464880929056 42.0771076539401, -88.0456156075646 42.0759005916859, -88.0461003216429 42.0740899983046, -88.0439029511545 42.0737185945341, -88.0438060083388 42.0736953817985, -88.0438060083388 42.0697027912654, -88.0409946666845 42.0694938766445, -88.0407038382374 42.0671958158145, -88.0438060083388 42.0681939634477, -88.0438060083388 42.066824412044, -88.0438060083388 42.0668011993083, -88.0424164946476 42.0668011993083, -88.0397344100808 42.0668011993083, -88.0397020958089 42.0668011993083, -88.0396374672651 42.0667779865726, -88.0336916412375 42.0641085219721, -88.0314942707491 42.0655012861115, -88.030363271233 42.0660816045029, -88.0291353289012 42.0667315611013, -88.0285859862791 42.0670101139292, -88.0286183005509 42.0667315611013, -88.0287152433666 42.062692545097, -88.0304602140486 42.0631335870745, -88.0315912135647 42.0633889271667, -88.0327868416246 42.0632960762241, -88.0329160987122 42.0613926319002, -88.035307354832 42.0612069300149, -88.035307354832 42.0579107215516, -88.0322051847306 42.0564947446765, -88.0314942707491 42.0557983626068, -88.0304602140486 42.0556822989285, -88.0290060718136 42.0554965970433, -88.0293938430763 42.0508076244405, -88.0280043293851 42.0506915607622, -88.0287152433666 42.0473953522989, -88.0298139286108 42.0414064664994, -88.0291999574449 42.038388810864, -88.029490785892 42.0356961335278, -88.0304925283205 42.0324927760071, -88.0302986426892 42.0216988539265, -88.0305894711362 42.0207935572359, -88.0291999574449 42.0149903733216, -88.0299108714265 42.0138065238031, -88.0295877287076 42.0125066106063, -88.0307187282237 42.0117173775939, -88.0313003851177 42.0112995483521, -88.0313973279334 42.0145957568154, -88.0332069271592 42.0145957568154, -88.0332069271592 42.0162902865184, -88.0316881563804 42.0164063501967, -88.0320112990993 42.018008028957, -88.0319143562836 42.0213970883629, -88.0351134692006 42.0212113864777, -88.0351457834725 42.021188173742, -88.0442907224171 42.0210953227994, -88.0442907224171 42.0207703445002, -88.0441937796015 42.0177062633935, -88.0425134374632 42.0174044978299, -88.0425134374632 42.0161045846331, -88.0457125503803 42.0161974355758, -88.0457125503803 42.0175901997152, -88.0506889482512 42.0175901997152, -88.0505920054355 42.0212113864777, -88.0555037747626 42.0210024718568, -88.0585090020483 42.0209096209141, -88.0604155440898 42.0207935572359, -88.0604155440898 42.0181937308423, -88.0605124869054 42.0060070446223, -88.0556007175783 42.0061927465075, -88.0556007175783 42.0044053658619, -88.0605124869054 42.0042893021837, -88.0606094297211 42.0024090705954, -88.0640024282694 42.0023394323885, -88.0659089703109 42.0022930069171, -88.0674923696335 42.0031054526651, -88.0676862552648 42.0038946856775, -88.0703037112878 42.0038018347349, -88.0703037112878 42.0024090705954, -88.0754093662463 42.0022001559745, -88.0767988799375 42.001898390411, -88.0812905637301 42.0015037739048, -88.0898861600526 42.0011091573986, -88.0900154171401 41.9980915017632, -88.0901123599558 41.9918937013427, -88.0903708741309 41.9903152353181, -88.1008730124949 41.9899206188119, -88.1072712383289 41.9896884914553, -88.10985638008 41.9895956405127, -88.1098886943519 41.9895956405127, -88.1095978659049 41.9904080862607, -88.1095978659049 41.9926829343551, -88.1095978659049 41.9931936145395, -88.1096301801768 41.9931936145395, -88.1105026655178 41.9931936145395, -88.1104057227021 41.9947024423573, -88.1144126924164 41.9959095046114, -88.114509635232 41.9976040343144, -88.1095978659049 41.9979057998779, -88.1095978659049 42.0028036871016, -88.1104057227021 42.0041036002984, -88.1134109499878 42.0040107493558, -88.1160930345546 42.0031054526651, -88.1172886626145 42.0038018347348, -88.1190982618403 42.0037089837922, -88.1196152901905 42.0015037739048, -88.1203908327158 42.0012948592839, -88.1201969470845 41.998509331005, -88.1197122330062 41.9976040343144, -88.1160930345546 41.9964898230029, -88.1163838630016 41.9917079994575, -88.1162869201859 41.9893403004205, -88.1167716342643 41.9893403004205, -88.1211017466974 41.9891545985352, -88.1241069739831 41.9890385348569, -88.1258196303932 41.9889921093856, -88.1270152584531 41.9889224711786, -88.1278877437941 41.9888760457073, -88.1292126289416 41.988829620236, -88.1294065145729 41.9960952064967, -88.1289864290383 41.99939141496, -88.1289864290383 42.0034072182287, -88.1268213728218 42.003523281907, -88.1262074016559 42.0035464946426, -88.1257550018494 42.0035697073783, -88.125302602043 42.0035929201139, -88.125302602043 42.0099996351553, -88.1251087164116 42.0109977827886, -88.1288894862227 42.0107888681677, -88.1288894862227 42.0119495049505, -88.1288894862227 42.0144796931371, -88.1288894862227 42.0181008798996, -88.1446911651764 42.0174044978299, -88.1446911651764 42.0194472185677, -88.1446911651764 42.0210024718568, -88.1542885039275 42.0209096209141, -88.1542885039275 42.0291037166011, -88.1543854467431 42.03188924488, -88.1446588509045 42.0319588830869, -88.1388099676926 42.0320053085583, -88.1387130248769 42.0339087528821, -88.1388099676926 42.0395958731181, -88.1389069105083 42.0467221829649, -88.1389069105083 42.0469078848501), (-88.075215480615 42.0641085219721, -88.0746015094491 42.0641085219721, -88.0746015094491 42.0668940502509, -88.0776067367347 42.0668011993083, -88.0753124234306 42.0665922846874, -88.075215480615 42.0641085219721)))",15
1768081,"Schiller Park, IL",municipality,"MULTIPOLYGON (((-87.8907979309442 41.9580031072833, -87.8907656166723 41.9580031072833, -87.8837211054005 41.9573763634206, -87.8805866210272 41.9570978105927, -87.8807158781148 41.9604868699987, -87.8797141356862 41.9612993157466, -87.8793909929673 41.9615546558389, -87.8792617358798 41.9617867831955, -87.8788739646171 41.9621813997016, -87.8784861933544 41.9625528034721, -87.8781307363636 41.962970632714, -87.8777752793729 41.9635045256341, -87.877452136654 41.9639919930829, -87.8772259367507 41.9644794605317, -87.8768381654881 41.9653847572223, -87.8766765941286 41.9660579265564, -87.8765473370411 41.9668239468331, -87.8765150227692 41.9673810524888, -87.8765150227692 41.9678220944663, -87.8765473370411 41.9683327746508, -87.8766442798568 41.9688434548352, -87.8767412226724 41.9693077095484, -87.8770643653913 41.9704451335956, -87.8778722221885 41.9730449599892, -87.8778722221885 41.9730913854605, -87.8723141674236 41.9730913854605, -87.8688888546034 41.9731610236674, -87.8684687690688 41.9731842364031, -87.8651403990642 41.9732538746101, -87.862296743138 41.9733003000814, -87.8614565720689 41.9727896198969, -87.8611980578938 41.9725342798047, -87.8609072294468 41.9723253651838, -87.8603578868247 41.9719771741489, -87.8595177157556 41.9715593449071, -87.8591945730367 41.9714897067001, -87.8587744875021 41.9714664939645, -87.8580958877924 41.9715825576428, -87.8577404308017 41.971698621321, -87.8576111737141 41.971698621321, -87.8562862885667 41.9723950033908, -87.8550906605068 41.9723950033908, -87.8549290891473 41.9723253651838, -87.8541858608939 41.9715129194358, -87.854153546622 41.9714200684932, -87.854153546622 41.9712807920792, -87.8545736321565 41.9698416024685, -87.8548644606035 41.969261284077, -87.8550583462349 41.9686809656856, -87.8551229747786 41.9681006472942, -87.8550906605068 41.9679845836159, -87.8548967748754 41.966011501085, -87.8558015744883 41.9645026732673, -87.8557692602164 41.964386609589, -87.8558015744883 41.9643169713821, -87.8557692602164 41.9640384185542, -87.8556400031289 41.9630402709209, -87.8579666307049 41.9587227020887, -87.8580958877924 41.9585370002034, -87.8586775446864 41.9575620653059, -87.858806801774 41.9574460016276, -87.8588714303178 41.957074597857, -87.8589037445897 41.9570049596501, -87.8588714303178 41.9569585341788, -87.858806801774 41.9564942794656, -87.8586452304146 41.9561693011664, -87.8583867162394 41.9557746846602, -87.8581605163362 41.9554961318324, -87.8580635735206 41.9554264936254, -87.8579989449768 41.9553104299471, -87.84950029147 41.9557050464533, -87.8473998637972 41.9557514719246, -87.8476906922442 41.9526873908179, -87.8477876350598 41.9516892431846, -87.8504374053547 41.951526754035, -87.8541212323501 41.9513410521497, -87.8543797465252 41.950714308287, -87.8546382607003 41.9501107771599, -87.8549937176911 41.9493679696189, -87.8551876033224 41.9487876512274, -87.8552522318662 41.948207332836, -87.8551552890505 41.9479287800081, -87.8549614034192 41.9475805889733, -87.8545413178846 41.94658244134, -87.8542181751658 41.9460021229486, -87.8553491746819 41.9459789102129, -87.8589037445897 41.945909272006, -87.8588714303178 41.94658244134, -87.8588714303178 41.9467681432253, -87.858806801774 41.9479055672725, -87.8629107143039 41.947534163502, -87.863169228479 41.9475109507663, -87.8633954283822 41.9475109507663, -87.8628137714882 41.9460949738912, -87.8628460857601 41.9460949738912, -87.8650434562486 41.9458860592703, -87.8659159415896 41.9457932083277, -87.8696967114006 41.945769995592, -87.8756425374282 41.9457003573851, -87.875707165972 41.9457003573851, -87.875707165972 41.9460949738912, -87.8760949372346 41.9461181866269, -87.8780984220918 41.9462574630408, -87.8805543067553 41.9463967394548, -87.8805866210272 41.9463967394548, -87.8804896782115 41.9455610809711, -87.8804896782115 41.9454914427641, -87.881814563359 41.9455378682355, -87.8854014475387 41.9456075064424, -87.8854014475387 41.945769995592, -87.8856922759857 41.9527106035535, -87.8856922759857 41.9532909219449, -87.887631132299 41.9533373474163, -87.8907009881285 41.9534069856232, -87.8905071024972 41.9545908351417, -87.8907979309442 41.9580031072833)))",15
1770122,"Skokie, IL",municipality,"MULTIPOLYGON (((-87.7638997852359 42.0554037461006, -87.7638351566921 42.0574464668385, -87.7637058996045 42.0625996941544, -87.7699102398072 42.0625068432117, -87.7705888395169 42.0638996073511, -87.7660002129087 42.0638996073511, -87.7660002129087 42.0639228200868, -87.765903270093 42.064990605927, -87.7658709558211 42.064990605927, -87.7642229279547 42.064990605927, -87.7588910730931 42.064990605927, -87.7586971874617 42.064990605927, -87.7544963321161 42.0648977549844, -87.7543993893005 42.0648977549844, -87.7538500466784 42.0648977549844, -87.7478072778351 42.0648977549844, -87.7476780207476 42.0648977549844, -87.7466116497752 42.0648745422487, -87.7324256844159 42.0646888403635, -87.7323933701441 42.0646888403635, -87.7324256844159 42.0639924582938, -87.7324903129597 42.0625068432117, -87.7324579986878 42.0625068432117, -87.7273846580012 42.0625068432117, -87.7273846580012 42.0624836304761, -87.7275139150888 42.055310895158, -87.7274816008169 42.055310895158, -87.7163008627433 42.0554037461006, -87.7161392913839 42.0553573206293, -87.7143943207018 42.0548002149736, -87.7100965225406 42.052803919707, -87.7097733798217 42.0526878560288, -87.7092886657434 42.0525253668792, -87.7089008944807 42.0524093032009, -87.7091917229277 42.0492987966228, -87.7096118084623 42.0482077980469, -87.7097410655498 42.0409422117863, -87.7098056940936 42.0382959599213, -87.7099026369093 42.0337694764682, -87.7099026369093 42.0336998382612, -87.7087070088494 42.0336998382612, -87.7087070088494 42.0336766255256, -87.7089008944807 42.0235094473078, -87.7089978372964 42.0191222402685, -87.7089978372964 42.0190990275329, -87.7087070088494 42.0190990275329, -87.708803951665 42.0145029058728, -87.7088362659369 42.0142475657806, -87.7090301515683 42.0133886945612, -87.7090624658401 42.0123673341923, -87.709094780112 42.0119030794792, -87.7237008310059 42.0118102285366, -87.7236038881902 42.0154082025634, -87.7236362024621 42.0154082025634, -87.7237977738216 42.0154082025634, -87.7290973144114 42.0154082025634, -87.7435094796739 42.0154082025634, -87.7438326223928 42.0153849898278, -87.7446081649181 42.0153153516208, -87.7448989933651 42.0152921388851, -87.7453190788997 42.0153153516208, -87.7502631624987 42.0154082025634, -87.7502954767706 42.0154082025634, -87.7502954767706 42.014688607758, -87.7501985339549 42.0109977827886, -87.7505539909457 42.0053803007595, -87.7505863052176 42.0045910677472, -87.7559827886231 42.0045910677472, -87.7617993575631 42.0045910677472, -87.7617993575631 42.0046607059542, -87.7617670432912 42.0053803007595, -87.7616701004755 42.0082122545097, -87.7616701004755 42.0084211691306, -87.763576642517 42.0084211691306, -87.7646430134893 42.0084211691306, -87.7648045848487 42.008397956395, -87.7655154988303 42.008397956395, -87.7657416987335 42.0084211691306, -87.7674220408718 42.0084443818663, -87.7675189836874 42.0084211691306, -87.7675836122312 42.0074926597043, -87.7678421264063 42.004939258782, -87.7679067549501 42.0042893021836, -87.7677128693188 42.008397956395, -87.767648240775 42.0085372328089, -87.7673897265999 42.0090943384647, -87.7670988981529 42.0191918784755, -87.7696517256321 42.0191918784755, -87.7770840081666 42.0191918784755, -87.7771163224385 42.0192150912112, -87.7785381504016 42.0219541940187, -87.7794106357426 42.0235790855147, -87.7794106357426 42.0236022982504, -87.7808970922495 42.0264110392649, -87.7808647779776 42.0264110392649, -87.7670988981529 42.0264110392649, -87.7676805550469 42.0249486369185, -87.7677128693188 42.0249022114472, -87.7675512979593 42.0246468713549, -87.766484926987 42.0227898525024, -87.7622517573695 42.0227898525024, -87.7621871288257 42.0227898525024, -87.7620901860101 42.0263878265292, -87.7618963003787 42.0336069873186, -87.7619286146506 42.0336069873186, -87.7643844993142 42.0336998382612, -87.7642875564985 42.0356961335277, -87.765903270093 42.0359050481486, -87.765903270093 42.0370888976672, -87.7642875564985 42.0385977254849, -87.7642229279547 42.0409189990506, -87.7638997852359 42.0516897083955, -87.7638997852359 42.0551019805371, -87.7638997852359 42.0554037461006)))",15
1770564,"South Barrington, IL",municipality,"MULTIPOLYGON (((-88.1796552073604 42.1100001003662, -88.1763914658996 42.1100001003662, -88.1749050093927 42.1103018659298, -88.1706072112314 42.1103018659298, -88.1644028710287 42.106494977282, -88.1644028710287 42.1034076834396, -88.160815986849 42.1035005343822, -88.1606867297615 42.104800447579, -88.1543854467431 42.1018060046792, -88.1476963924621 42.0985097962159, -88.1457898504206 42.0976973504679, -88.1411042809967 42.0967920537773, -88.1411042809967 42.0968384792486, -88.1411042809967 42.1006453678964, -88.1411042809967 42.1024095358063, -88.1312161137987 42.1024095358063, -88.1310868567111 42.1031987688187, -88.1310868567111 42.1103018659298, -88.1324117418586 42.10960548386, -88.1324117418586 42.1105107805507, -88.1215864607757 42.1106036314933, -88.1215864607757 42.1070056574664, -88.1279846866098 42.1068895937881, -88.1281139436973 42.1029898541977, -88.1265951729185 42.1029898541978, -88.1265951729185 42.0967920537773, -88.1288894862227 42.0967920537773, -88.1296004002042 42.0944939929472, -88.1307960282641 42.0948886094534, -88.1306990854485 42.0915924009901, -88.13140999943 42.0914995500475, -88.1313130566143 42.088690809033, -88.1217157178633 42.088690809033, -88.1217157178633 42.0911977844839, -88.117999576596 42.0904085514716, -88.1179026337804 42.0891086382748, -88.1127000360062 42.0892014892174, -88.1119891220247 42.0892014892174, -88.1117952363934 42.0960956717076, -88.1070127241538 42.0960956717076, -88.1070127241538 42.0876926613997, -88.1042983253151 42.08699627933, -88.1143157496007 42.08699627933, -88.1144126924164 42.085301749627, -88.1216834035914 42.0849999840635, -88.1217157178633 42.0849999840635, -88.1217157178633 42.0817502010715, -88.1217157178633 42.0807520534382, -88.1217157178633 42.077989737895, -88.1264012872872 42.077989737895, -88.1265951729185 42.0794057147701, -88.1411042809967 42.0792896510918, -88.1410073381811 42.0745078275465, -88.1411042809967 42.0718151502102, -88.1411365952686 42.0708634280483, -88.1411689095405 42.0697492167367, -88.1412012238124 42.0688903455174, -88.1460160503239 42.0688903455174, -88.1468885356649 42.0673350922284, -88.1468885356649 42.0672886667571, -88.1505077341164 42.0672886667571, -88.1505077341164 42.0673350922284, -88.1506046769321 42.0732079143497, -88.1557103318906 42.0729061487861, -88.1605897869458 42.0729989997287, -88.1605897869458 42.0670101139292, -88.1606544154896 42.0669636884579, -88.161397643743 42.0665922846874, -88.1669880127799 42.0668011993083, -88.1796875216322 42.0668011993083, -88.1797198359041 42.0668708375153, -88.1797198359041 42.0673350922284, -88.1799783500793 42.0713276827614, -88.1800106643511 42.0719080011529, -88.1896080031022 42.0746006784891, -88.1897049459179 42.0778968869524, -88.1897049459179 42.078802183643, -88.1897049459179 42.0801949477825, -88.1895110602865 42.0810073935304, -88.1897049459179 42.0849071331209, -88.1897049459179 42.0894104038383, -88.1945844009731 42.0892943401601, -88.1921931448533 42.0931012288078, -88.1898018887335 42.0931012288078, -88.1897049459179 42.0957939061441, -88.1888970891206 42.0977902014106, -88.1854071477566 42.1034076834396, -88.1813032352267 42.1100001003662, -88.1796552073604 42.1100001003662), (-88.1799783500793 42.0863927482029, -88.1747111237613 42.0865088118812, -88.1749050093927 42.0883890434694, -88.1799783500793 42.0882033415842, -88.1800106643511 42.0882033415842, -88.1800106643511 42.0863927482029, -88.1799783500793 42.0863927482029)))",15
46,South Chicago,community area,"MULTIPOLYGON (((-87.54398 41.75515, -87.54393 41.75505, -87.54418 41.7548, -87.54415 41.75462, -87.54441 41.75413, -87.54415 41.75344, -87.54372 41.75253, -87.54351 41.75225, -87.54319 41.75199, -87.54294 41.75193, -87.54233 41.75192, -87.54114 41.75193, -87.54065 41.75186, -87.54049 41.75186, -87.53992 41.75163, -87.53891 41.75131, -87.5385 41.75112, -87.53772 41.75084, -87.53759 41.75077, -87.53735 41.75071, -87.53689 41.7505, -87.53624 41.75024, -87.53601 41.75016, -87.53549 41.74988, -87.53505 41.74972, -87.53438 41.74945, -87.5339 41.74931, -87.53339 41.74909, -87.53319 41.74902, -87.53274 41.74882, -87.53208 41.74859, -87.53184 41.74847, -87.53138 41.74828, -87.53095 41.74803, -87.53091 41.74796, -87.53076 41.74729, -87.53071 41.74691, -87.53008 41.7424, -87.53004 41.7422, -87.53008 41.74211, -87.52999 41.74197, -87.53004 41.74179, -87.52998 41.7416, -87.52985 41.74146, -87.5295 41.7414, -87.52448 41.74145, -87.52446 41.74139, -87.52989 41.74133, -87.53011 41.74124, -87.53019 41.74126, -87.53069 41.74112, -87.53176 41.7411, -87.53986 41.74101, -87.53983 41.7405, -87.53887 41.7405, -87.53141 41.74059, -87.52986 41.74061, -87.52983 41.74035, -87.52973 41.73959, -87.52971 41.73936, -87.52955 41.73809, -87.52949 41.73783, -87.52943 41.73716, -87.52933 41.73655, -87.52928 41.73594, -87.52912 41.73497, -87.52915 41.7349, -87.52906 41.7343, -87.52908 41.73425, -87.52899 41.7337, -87.52925 41.73301, -87.53286 41.73152, -87.53673 41.72986, -87.53726 41.72962, -87.53941 41.72879, -87.54042 41.72828, -87.5414 41.72759, -87.5419 41.72714, -87.54225 41.72658, -87.543 41.72403, -87.54316 41.72331, -87.54318 41.72313, -87.54314 41.72286, -87.54559 41.72283, -87.54568 41.72282, -87.54612 41.72317, -87.54761 41.72424, -87.5482 41.72465, -87.54918 41.7253, -87.55014 41.72599, -87.55088 41.72653, -87.5523 41.72754, -87.56162 41.73426, -87.5657 41.7372, -87.56694 41.73809, -87.56998 41.74027, -87.57228 41.74193, -87.57675 41.74515, -87.58103 41.74823, -87.58263 41.74938, -87.58475 41.7509, -87.58566 41.7515, -87.58454 41.7515, -87.56931 41.75169, -87.56811 41.75171, -87.56691 41.75172, -87.56428 41.75176, -87.56078 41.7518, -87.55944 41.75182, -87.55229 41.75192, -87.55181 41.75218, -87.54875 41.75402, -87.54871 41.75409, -87.54774 41.75453, -87.54656 41.75387, -87.54526 41.75436, -87.54495 41.75444, -87.544 41.75516, -87.54398 41.75515)))",15
1770629,"South Chicago Heights, IL",municipality,"MULTIPOLYGON (((-87.6550976317854 41.491496758782, -87.6550653175135 41.491496758782, -87.6410732377856 41.491566396989, -87.6349981546704 41.4915896097247, -87.6348042690391 41.4842079597857, -87.6340933550576 41.4842079597857, -87.6306034136935 41.4842079597857, -87.6305064708779 41.4814920697138, -87.6255947015507 41.4820027498983, -87.6265964439793 41.4846025762919, -87.6260147870853 41.4846025762919, -87.6160619913435 41.4845329380849, -87.6113117933758 41.4845097253493, -87.6113117933758 41.4839061942222, -87.6088882229841 41.484393661671, -87.606303081233 41.4845097253493, -87.606303081233 41.4823045154618, -87.6112148505601 41.4823045154618, -87.6112148505601 41.4807028367015, -87.6160619913435 41.4807028367015, -87.6160943056153 41.4807028367015, -87.6160619913435 41.4788922433202, -87.6159973627997 41.4771048626746, -87.6160296770716 41.4771048626746, -87.6191964757167 41.4771048626746, -87.6191964757167 41.477081649939, -87.6191964757167 41.4755960348569, -87.6177100192098 41.4755960348569, -87.6177100192098 41.4742032707175, -87.6192934185324 41.4742032707175, -87.6193903613481 41.4761067150414, -87.6207152464955 41.4761067150414, -87.6207152464955 41.4763852678693, -87.6208121893112 41.477081649939, -87.6208121893112 41.4771048626746, -87.6212969033895 41.4771048626746, -87.6219431888273 41.4771048626746, -87.6255947015507 41.477081649939, -87.6437876366243 41.4769887989963, -87.6448540075966 41.4769887989963, -87.6448863218685 41.4769887989963, -87.645015578956 41.477012011732, -87.6498950340113 41.4771048626746, -87.6547098605228 41.4768959480537, -87.6547098605228 41.476942373525, -87.6546129177071 41.4815152824495, -87.6546129177071 41.4816081333921, -87.6546129177071 41.4824437918758, -87.6547098605228 41.4861114041096, -87.6546775462509 41.4861346168452, -87.6545159748914 41.4863899569375, -87.6545159748914 41.4866452970297, -87.6548391176103 41.489198697952, -87.6550976317854 41.491496758782)))",15
51,South Deering,community area,"MULTIPOLYGON (((-87.54568 41.72282, -87.54559 41.72283, -87.54314 41.72286, -87.54302 41.72199, -87.54296 41.72163, -87.54281 41.72123, -87.54269 41.72082, -87.5427 41.72051, -87.54289 41.72013, -87.54297 41.71969, -87.54316 41.71802, -87.54303 41.71715, -87.54242 41.71644, -87.54232 41.71586, -87.54218 41.71564, -87.54221 41.71462, -87.54229 41.71426, -87.5424 41.71397, -87.54253 41.71352, -87.5426 41.71288, -87.54261 41.7114, -87.54267 41.71095, -87.54286 41.71056, -87.54317 41.7101, -87.54328 41.70985, -87.54364 41.7094, -87.54426 41.70889, -87.54459 41.70868, -87.54527 41.70814, -87.54564 41.7077, -87.54586 41.70733, -87.54585 41.7063, -87.54588 41.70561, -87.54571 41.70514, -87.54563 41.70464, -87.54562 41.70393, -87.54566 41.70338, -87.54576 41.70305, -87.5459 41.70277, -87.5438 41.70276, -87.544 41.70248, -87.54425 41.7021, -87.54488 41.70124, -87.54505 41.70094, -87.54516 41.70062, -87.54521 41.70016, -87.54521 41.69902, -87.54517 41.69323, -87.54517 41.69192, -87.54514 41.6872, -87.54513 41.68552, -87.54511 41.6848, -87.54508 41.68277, -87.54508 41.68107, -87.54492 41.67318, -87.54497 41.67283, -87.54511 41.67219, -87.5452 41.67204, -87.54527 41.6718, -87.54571 41.67081, -87.54585 41.67041, -87.54621 41.66942, -87.54633 41.66892, -87.54639 41.66839, -87.54645 41.66814, -87.54471 41.65922, -87.54487 41.65923, -87.54586 41.65983, -87.54801 41.66108, -87.55041 41.66241, -87.55127 41.66292, -87.55198 41.66342, -87.55234 41.66376, -87.5532 41.66487, -87.55412 41.66627, -87.55429 41.66651, -87.55573 41.6687, -87.5566 41.66997, -87.55675 41.66995, -87.55684 41.66977, -87.55705 41.66966, -87.5574 41.66959, -87.55772 41.66933, -87.55769 41.66927, -87.55806 41.66907, -87.55817 41.66893, -87.55864 41.66894, -87.55883 41.66901, -87.55926 41.66865, -87.55927 41.66725, -87.55927 41.66561, -87.55929 41.65919, -87.55964 41.65917, -87.56085 41.65916, -87.56413 41.65917, -87.56997 41.65919, -87.57124 41.6592, -87.5755 41.65921, -87.57635 41.6592, -87.57695 41.65918, -87.57745 41.65919, -87.57939 41.65919, -87.58066 41.6592, -87.58159 41.65922, -87.58243 41.65931, -87.583 41.65941, -87.58397 41.65966, -87.58435 41.65981, -87.58536 41.66012, -87.58605 41.66027, -87.58663 41.66034, -87.58696 41.66036, -87.5877 41.66038, -87.58801 41.66036, -87.58853 41.66042, -87.589 41.66039, -87.59012 41.66165, -87.59074 41.66241, -87.59172 41.66353, -87.59212 41.66371, -87.59271 41.66439, -87.59384 41.6657, -87.59456 41.66654, -87.59663 41.66894, -87.59757 41.67005, -87.59855 41.67119, -87.59862 41.67126, -87.60007 41.67294, -87.60046 41.67343, -87.60091 41.67413, -87.60113 41.67456, -87.60128 41.67489, -87.60145 41.67534, -87.60154 41.67567, -87.60166 41.6762, -87.60173 41.6769, -87.60175 41.67766, -87.6018 41.67898, -87.60185 41.68069, -87.60188 41.68193, -87.60188 41.68263, -87.60191 41.68317, -87.60194 41.68417, -87.60194 41.68474, -87.6019 41.68506, -87.60172 41.68584, -87.60157 41.68621, -87.60137 41.68667, -87.60069 41.68796, -87.6003 41.68868, -87.59974 41.68974, -87.59886 41.69131, -87.59725 41.69431, -87.5968 41.69518, -87.59617 41.69632, -87.59571 41.69696, -87.59437 41.69898, -87.59416 41.6992, -87.59369 41.69979, -87.59272 41.70088, -87.59186 41.70175, -87.58958 41.70388, -87.58836 41.70496, -87.58814 41.70511, -87.58767 41.70643, -87.58751 41.70667, -87.58734 41.70717, -87.5873 41.70756, -87.5873 41.70775, -87.58575 41.70777, -87.58552 41.70812, -87.58526 41.70862, -87.58509 41.70901, -87.58494 41.70942, -87.58483 41.70982, -87.58474 41.71029, -87.58463 41.71125, -87.58466 41.71179, -87.58468 41.71249, -87.58468 41.71361, -87.58474 41.7143, -87.58478 41.71532, -87.5849 41.71791, -87.58489 41.71832, -87.58491 41.71866, -87.58494 41.71991, -87.58496 41.72068, -87.58547 41.72113, -87.5861 41.72176, -87.58665 41.72226, -87.5867 41.72232, -87.58711 41.72282, -87.58737 41.72326, -87.58586 41.72327, -87.58531 41.72332, -87.5839 41.72335, -87.58199 41.72337, -87.58013 41.72341, -87.57809 41.72343, -87.57538 41.72348, -87.57511 41.72347, -87.57274 41.7235, -87.57227 41.7235, -87.57071 41.72353, -87.56911 41.72355, -87.56858 41.72356, -87.56792 41.72361, -87.56563 41.72389, -87.56559 41.72259, -87.56258 41.72263, -87.56133 41.72264, -87.55486 41.72272, -87.54989 41.72278, -87.54856 41.72278, -87.54823 41.72275, -87.54654 41.72276, -87.54568 41.72282)))",15
1770850,"South Holland, IL",municipality,"MULTIPOLYGON (((-87.6307972993249 41.6041945903974, -87.6317990417534 41.6061908856639, -87.6243990734908 41.6066087149057, -87.6241082450438 41.6109030710023, -87.6241082450438 41.6154063417198, -87.6316051561221 41.6154063417198, -87.6316051561221 41.6193060813102, -87.6317020989378 41.6210934619558, -87.6302156424309 41.6210934619558, -87.6302156424309 41.6184007846196, -87.629601671265 41.6184007846196, -87.6290846429147 41.6222076732673, -87.6268872724263 41.6222076732673, -87.6265964439793 41.6209077600705, -87.6267903296106 41.6187954011257, -87.6254977587351 41.6171937223654, -87.6235912166936 41.6167991058592, -87.6214907890208 41.6171937223654, -87.6221047601867 41.618911464804, -87.6233003882466 41.619793548759, -87.6243990734908 41.6226022897735, -87.6171283623158 41.6226022897735, -87.609793022597 41.6226022897735, -87.60950219415 41.6190971666893, -87.6086943373528 41.6190043157466, -87.6081126804588 41.6171937223654, -87.6082096232744 41.6154063417198, -87.5977074849105 41.6152902780415, -87.5977074849105 41.6097656469551, -87.5977074849105 41.6072354587685, -87.5977074849105 41.6071890332972, -87.5976751706386 41.6071890332972, -87.5945730005373 41.6069336932049, -87.5940882864589 41.6069104804693, -87.5925048871363 41.6070033314119, -87.5914708304359 41.6072818842398, -87.5889503172286 41.6079318408382, -87.588821060141 41.6079782663095, -87.5886918030534 41.6080014790452, -87.5886918030534 41.6154063417198, -87.5968026852976 41.6152902780415, -87.5970935137446 41.6171008714228, -87.5970935137446 41.6219059077038, -87.5965441711225 41.6225558643022, -87.5965118568506 41.6226022897735, -87.5947992004405 41.6226022897735, -87.5947668861686 41.6225790770378, -87.5842970620765 41.6125047497626, -87.580677863625 41.609162115828, -87.5779957790582 41.6067015658484, -87.5778018934268 41.6047981215245, -87.5779957790582 41.6009448074054, -87.5779957790582 41.6008983819341, -87.5775110649798 41.6008983819341, -87.5772848650766 41.5953041126407, -87.5772525508047 41.5952112616981, -87.5765093225513 41.5941899013292, -87.5750551803163 41.5939345612369, -87.5744088948785 41.593795284823, -87.5725992956527 41.5940970503866, -87.5722761529338 41.5939345612369, -87.5706927536112 41.5930989027533, -87.5688185258417 41.5935863702021, -87.5687862115698 41.5936095829378, -87.5688185258417 41.5936095829378, -87.5692062971043 41.5942131140648, -87.569884896814 41.5953041126407, -87.5689477829292 41.5965576003662, -87.5689154686573 41.5966040258375, -87.5688508401136 41.5965808131019, -87.5679137262288 41.596302260274, -87.5674613264223 41.595489814526, -87.5669119838002 41.5943988159501, -87.5662010698187 41.5940970503866, -87.566104127003 41.5865064858267, -87.5637128708832 41.5865064858267, -87.5633897281643 41.5849976580089, -87.5632927853487 41.5810979184186, -87.5647146133118 41.5810979184185, -87.5647146133118 41.579310537773, -87.5719853244868 41.579310537773, -87.5763154369199 41.579310537773, -87.5769940366296 41.5810979184186, -87.5784158645927 41.5807033019124, -87.5820027487724 41.582490682558, -87.5833599481917 41.5821192787875, -87.5863974897493 41.5813068330395, -87.5875931178092 41.5797980052218, -87.5884979174221 41.5797980052218, -87.5922140586894 41.580796152855, -87.5935066295649 41.5804015363489, -87.5968996281133 41.5826067462363, -87.5972873993759 41.578358815611, -87.5972873993759 41.5781034755188, -87.5989031129704 41.5772910297708, -87.6008096550118 41.5775927953343, -87.6019083402561 41.5781963264614, -87.6021991687031 41.5790087722094, -87.605721424339 41.5793337505086, -87.606303081233 41.5794033887156, -87.6120550216292 41.5794033887156, -87.6120873359011 41.5794033887156, -87.6120873359011 41.5807033019124, -87.6120873359011 41.5810050674759, -87.612119650173 41.5810050674759, -87.6148986775555 41.5810050674759, -87.6149309918274 41.5813996839821, -87.6150602489149 41.583163851892, -87.6150925631868 41.5834191919843, -87.6150925631868 41.5836977448122, -87.6153510773619 41.5839530849044, -87.6166113339656 41.5852994235725, -87.6166436482375 41.5853922745151, -87.6169667909564 41.5863207839414, -87.6169991052282 41.5863904221484, -87.6275012435922 41.5863904221484, -87.6275012435922 41.5836977448122, -87.6286968716521 41.5836977448122, -87.6285029860207 41.5823049806727, -87.6275012435922 41.5823049806727, -87.6275012435922 41.5795890906008, -87.6306034136935 41.5787070066459, -87.6307972993249 41.579310537773, -87.6328977269977 41.5791944740947, -87.6355151830207 41.5804015363489, -87.6363876683617 41.5822585552014, -87.6363876683617 41.5823049806727, -87.6352889831174 41.5829085117998, -87.6355151830207 41.5846030415028, -87.6337055837949 41.5846030415028, -87.6317020989378 41.5863904221484, -87.6317020989378 41.5901044598535, -87.633091612629 41.5901044598535, -87.633091612629 41.5937024338804, -87.6279859576705 41.5936095829378, -87.6279859576705 41.5970914932863, -87.6316051561221 41.5970914932863, -87.6315082133064 41.6009215946697, -87.6315082133064 41.6009912328767, -87.6331885554447 41.6009912328767, -87.6331885554447 41.6021982951309, -87.6307003565092 41.6022911460735, -87.629892499712 41.6027089753153, -87.6307972993249 41.6041945903974)))",15
30,South Lawndale,community area,"MULTIPOLYGON (((-87.6874 41.83481, -87.69036 41.83388, -87.69519 41.83235, -87.69636 41.83199, -87.69661 41.83219, -87.69781 41.83173, -87.69854 41.83149, -87.70038 41.83092, -87.70225 41.83039, -87.70301 41.8302, -87.70417 41.82987, -87.70461 41.8298, -87.70458 41.82912, -87.70748 41.8282, -87.70999 41.82741, -87.71146 41.82696, -87.7142 41.82609, -87.71437 41.82604, -87.71437 41.82632, -87.71764 41.82529, -87.71776 41.82524, -87.71858 41.82499, -87.71959 41.82468, -87.72453 41.82312, -87.72674 41.82243, -87.72725 41.82225, -87.72748 41.8222, -87.73011 41.82137, -87.73681 41.81926, -87.73856 41.81871, -87.73858 41.81885, -87.73862 41.82062, -87.73862 41.82099, -87.73865 41.82212, -87.73849 41.82212, -87.73864 41.82943, -87.73881 41.83674, -87.73893 41.83673, -87.73899 41.83856, -87.73911 41.83856, -87.73928 41.84415, -87.73932 41.8456, -87.73838 41.84576, -87.73314 41.84693, -87.72223 41.84937, -87.72224 41.85036, -87.72228 41.85159, -87.71743 41.85164, -87.71513 41.85167, -87.71256 41.8517, -87.71242 41.85172, -87.71114 41.852, -87.71116 41.85232, -87.7112 41.85356, -87.7111 41.85355, -87.70639 41.85359, -87.70519 41.8536, -87.70422 41.85361, -87.70367 41.85363, -87.70288 41.85381, -87.70293 41.85546, -87.70123 41.85548, -87.69574 41.85557, -87.69557 41.85556, -87.69556 41.85529, -87.69173 41.85616, -87.68803 41.85698, -87.68802 41.8569, -87.68798 41.85509, -87.68791 41.85335, -87.68787 41.85202, -87.68779 41.84838, -87.68756 41.8448, -87.68749 41.83703, -87.68751 41.83682, -87.68746 41.83492, -87.6874 41.83481)))",15
43,South Shore,community area,"MULTIPOLYGON (((-87.54398 41.75515, -87.544 41.75516, -87.54495 41.75444, -87.54526 41.75436, -87.54656 41.75387, -87.54774 41.75453, -87.54871 41.75409, -87.54875 41.75402, -87.55181 41.75218, -87.55229 41.75192, -87.55944 41.75182, -87.56078 41.7518, -87.56428 41.75176, -87.56691 41.75172, -87.56811 41.75171, -87.56931 41.75169, -87.58454 41.7515, -87.58566 41.7515, -87.58582 41.75151, -87.58582 41.75167, -87.59109 41.75547, -87.59306 41.75688, -87.59455 41.75795, -87.59493 41.75819, -87.59563 41.7587, -87.59538 41.7587, -87.59507 41.7602, -87.59458 41.76235, -87.59332 41.76235, -87.59338 41.76435, -87.59339 41.76502, -87.5933 41.76601, -87.59228 41.76601, -87.59235 41.76782, -87.59239 41.7699, -87.59274 41.7699, -87.59275 41.77028, -87.59249 41.77132, -87.59224 41.77248, -87.59222 41.77272, -87.5921 41.77328, -87.58664 41.77333, -87.58595 41.77335, -87.58546 41.77334, -87.58436 41.77336, -87.57745 41.77344, -87.57687 41.77345, -87.57502 41.77346, -87.57258 41.77349, -87.57022 41.77352, -87.56728 41.77355, -87.56681 41.77356, -87.56645 41.77379, -87.56631 41.77367, -87.56629 41.77347, -87.56594 41.77313, -87.56565 41.77292, -87.565 41.77253, -87.56437 41.77227, -87.56398 41.77209, -87.56364 41.77208, -87.56358 41.77203, -87.56359 41.77184, -87.56352 41.77171, -87.56348 41.77135, -87.56342 41.77118, -87.56347 41.77106, -87.56324 41.77036, -87.56293 41.76997, -87.56252 41.76943, -87.56234 41.769, -87.56212 41.76888, -87.56154 41.76863, -87.56092 41.76844, -87.56053 41.7684, -87.56032 41.76844, -87.56017 41.76855, -87.55981 41.76897, -87.55954 41.76918, -87.55952 41.76894, -87.55943 41.76872, -87.55941 41.76852, -87.55945 41.76806, -87.55952 41.76785, -87.55944 41.76775, -87.55943 41.76719, -87.55939 41.76678, -87.55954 41.76671, -87.55953 41.7666, -87.55964 41.76655, -87.56018 41.76644, -87.56044 41.76625, -87.56055 41.76609, -87.56062 41.76581, -87.56061 41.76564, -87.56051 41.76539, -87.56036 41.76532, -87.56014 41.76509, -87.56022 41.76504, -87.56002 41.7649, -87.55984 41.76496, -87.55959 41.76471, -87.55952 41.76453, -87.55974 41.76439, -87.55961 41.76422, -87.55944 41.76408, -87.55928 41.76404, -87.55898 41.76375, -87.55846 41.76402, -87.55757 41.76312, -87.55765 41.763, -87.55764 41.76285, -87.55717 41.76261, -87.55687 41.76243, -87.55672 41.76227, -87.55626 41.76199, -87.55608 41.76182, -87.55573 41.76163, -87.55559 41.76158, -87.55527 41.76162, -87.55488 41.76179, -87.55477 41.76173, -87.55467 41.76149, -87.55435 41.76105, -87.55425 41.76103, -87.55411 41.76081, -87.55391 41.76071, -87.55269 41.76019, -87.55225 41.75998, -87.5518 41.75981, -87.55107 41.75952, -87.54955 41.75896, -87.54871 41.75873, -87.54797 41.75867, -87.54754 41.75872, -87.54725 41.75872, -87.54694 41.75877, -87.54659 41.75888, -87.54606 41.7591, -87.54551 41.75936, -87.54528 41.75954, -87.54494 41.75975, -87.5445 41.76007, -87.54425 41.76019, -87.54403 41.76011, -87.54385 41.76011, -87.54434 41.76058, -87.54446 41.76062, -87.54644 41.76062, -87.54641 41.76066, -87.54564 41.76066, -87.54443 41.76068, -87.54429 41.76062, -87.54328 41.7597, -87.54304 41.7596, -87.54256 41.75913, -87.54253 41.75893, -87.54263 41.75874, -87.54165 41.75782, -87.54138 41.75784, -87.54115 41.75779, -87.54061 41.75731, -87.54062 41.75723, -87.54093 41.75703, -87.541 41.75704, -87.5418 41.75654, -87.5425 41.75615, -87.54281 41.75595, -87.54376 41.75538, -87.54395 41.75526, -87.54398 41.75515)))",15
1772520,"Steger, IL",municipality,"MULTIPOLYGON (((-87.6448863218685 41.4769887989963, -87.6448540075966 41.4769887989963, -87.6437876366243 41.4769887989963, -87.6255947015507 41.477081649939, -87.6219431888273 41.4771048626746, -87.6212969033895 41.4771048626746, -87.6208121893112 41.4771048626746, -87.6208121893112 41.477081649939, -87.6207152464955 41.4763852678693, -87.6207152464955 41.4761067150414, -87.6193903613481 41.4761067150414, -87.6192934185324 41.4742032707175, -87.6177100192098 41.4742032707175, -87.6177100192098 41.4755960348569, -87.6191964757167 41.4755960348569, -87.6191964757167 41.477081649939, -87.6191964757167 41.4771048626746, -87.6160296770716 41.4771048626746, -87.6159973627997 41.4771048626746, -87.6160619913435 41.4788922433202, -87.6160943056153 41.4807028367015, -87.6160619913435 41.4807028367015, -87.6112148505601 41.4807028367015, -87.6112148505601 41.4823045154618, -87.606303081233 41.4823045154618, -87.606303081233 41.4845097253493, -87.6064000240486 41.4856007239251, -87.6049135675417 41.4858096385461, -87.6049135675417 41.4869934880646, -87.6039118251132 41.4865060206158, -87.6039118251132 41.4855078729825, -87.6014882547215 41.4855078729825, -87.5968026852976 41.4858096385461, -87.5950900288875 41.4858096385461, -87.5871084037309 41.4863899569375, -87.5870114609152 41.4846954272345, -87.5897904882977 41.4846954272345, -87.589984373929 41.4830937484742, -87.5916970303391 41.4830008975315, -87.5916970303391 41.4810974532077, -87.5940882864589 41.4804939220806, -87.5904044594636 41.4752942692934, -87.589402717035 41.4764084806049, -87.5869145180995 41.4764084806049, -87.5869145180995 41.4771977136173, -87.5851049188738 41.4771977136173, -87.5844909477079 41.4771977136173, -87.5775110649798 41.4771977136173, -87.5776080077955 41.4700017655635, -87.5990969986017 41.4700017655635, -87.6159973627997 41.4699089146209, -87.6189379615416 41.4698392764139, -87.6201982181453 41.4698392764139, -87.6204244180485 41.4698392764139, -87.6225248457213 41.4698160636783, -87.6232357597028 41.4698392764139, -87.6256916443664 41.4698160636783, -87.6305064708779 41.4698160636783, -87.6317344132097 41.4698160636783, -87.6329300412695 41.4697928509426, -87.6344488120483 41.4697928509426, -87.635999897099 41.4697928509426, -87.6386819816658 41.469769638207, -87.6402007524446 41.469769638207, -87.6413963805045 41.469769638207, -87.6437876366243 41.469769638207, -87.6449832646842 41.469769638207, -87.6479238634261 41.4697464254713, -87.6484732060482 41.469769638207, -87.6540312608131 41.469769638207, -87.6540958893569 41.4697928509426, -87.645015578956 41.4697928509426, -87.6449509504123 41.4733908249695, -87.6448863218685 41.4769887989963)))",15
1772676,"Stickney, IL",municipality,"MULTIPOLYGON (((-87.8026122829589 41.8210943923776, -87.7810909778809 41.8214890088838, -87.7777949221481 41.8214890088838, -87.7602159582405 41.8217907744473, -87.7533976468719 41.8219068381256, -87.7535915325033 41.8277100220399, -87.7535592182314 41.8278957239251, -87.7533007040563 41.8291027861793, -87.7436064224895 41.8292884880646, -87.7435417939458 41.8251101956463, -87.7435094796739 41.8222086036891, -87.7435417939458 41.8221853909535, -87.7448989933651 41.8219996890682, -87.7448989933651 41.8219764763326, -87.7449636219089 41.8219764763326, -87.7450282504527 41.8202819466296, -87.7449636219089 41.8193534372033, -87.7449636219089 41.8175196310864, -87.7450282504527 41.8171250145802, -87.7449636219089 41.8167071853384, -87.7449636219089 41.8162429306253, -87.7449636219089 41.8160108032687, -87.7486474489043 41.8148269537502, -87.7489382773512 41.8147341028075, -87.7490675344388 41.8147108900719, -87.7524282187153 41.8147108900719, -87.7530098756093 41.8147108900719, -87.7531391326968 41.8147341028075, -87.7539146752221 41.8148965919571, -87.7595050442589 41.8148037410145, -87.7605391009594 41.8147805282789, -87.7640936708672 41.8147108900719, -87.7672604695123 41.8146412518649, -87.782512805844 41.8142930608301, -87.7824158630283 41.8108111504815, -87.788911031678 41.8106022358606, -87.792110144595 41.8105093849179, -87.7978297707194 41.8103933212397, -87.8020952546087 41.810300470297, -87.8020952546087 41.8103236830327, -87.8020952546087 41.8105093849179, -87.8024183973276 41.8175196310864, -87.8024830258714 41.8187266933406, -87.8025476544152 41.8200962447443, -87.8026122829589 41.8210943923776)))",15
1773157,"Streamwood, IL",municipality,"MULTIPOLYGON (((-88.1927101732035 42.0418939339482, -88.1926132303879 42.0388994910484, -88.188800146305 42.0388994910484, -88.188800146305 42.0431009962024, -88.1868936042635 42.0428920815815, -88.1867966614478 42.0411975518785, -88.1877014610607 42.0411047009358, -88.1877984038764 42.038992341991, -88.1852132621253 42.0389923419911, -88.184114576881 42.039804787739, -88.1805923212451 42.0398047877391, -88.1793966931852 42.0389923419911, -88.1790089219226 42.0389923419911, -88.1628841002499 42.0391084056693, -88.1495059916879 42.0391084056693, -88.1495059916879 42.0382031089787, -88.1446911651764 42.0382031089787, -88.1446911651764 42.039201256612, -88.1446588509045 42.039201256612, -88.1388099676926 42.0395958731181, -88.1387130248769 42.0339087528821, -88.1388099676926 42.0320053085583, -88.1446588509045 42.0319588830869, -88.1543854467431 42.03188924488, -88.1542885039275 42.0291037166011, -88.1542885039275 42.0209096209141, -88.1446911651764 42.0210024718568, -88.1446911651764 42.0194472185677, -88.1446911651764 42.0174044978299, -88.1446911651764 42.0170795195307, -88.1447234794483 42.016452775668, -88.1447234794483 42.0153385643564, -88.1447881079921 42.0105103153398, -88.1496029345035 42.0103942516615, -88.1496029345035 42.0089086365794, -88.1508955053791 42.0086997219585, -88.1509924481948 42.00751587244, -88.1509924481948 42.0074926597043, -88.1539653612086 42.0081658290384, -88.1551286749966 42.0084443818663, -88.1553871891717 42.0084908073376, -88.1591033304389 42.009001487522, -88.1592972160703 42.0045910677472, -88.1592002732546 42.0008073918351, -88.1642089853974 42.0006913281568, -88.1644028710287 41.9986950328903, -88.1697993544342 41.9989039475112, -88.1697670401623 41.9988575220399, -88.1666971843328 41.9957005899905, -88.1662447845264 41.9954220371626, -88.1656954419043 41.9950970588634, -88.1626579003467 41.9934489546318, -88.1600081300518 41.992009765021, -88.1600081300518 41.9919633395497, -88.1599111872361 41.9892938749491, -88.1740002097798 41.9911044683304, -88.1722875533697 41.992009765021, -88.1714150680287 41.9941917621728, -88.1741940954111 41.9940060602875, -88.1740971525954 41.9982075654415, -88.1741940954111 42.0012948592839, -88.1764884087152 42.0018751776753, -88.178588836388 42.0024090705954, -88.1813032352267 42.0029893889868, -88.1838883769778 42.0035929201139, -88.1838883769778 42.005890980944, -88.1866027758165 42.0057981300014, -88.1866350900884 42.0057981300014, -88.1887032034893 42.0060070446223, -88.188800146305 42.009001487522, -88.1898988315492 42.009001487522, -88.1898988315492 42.0060070446223, -88.1923870304846 42.0060998955649, -88.192290087669 42.0080961908314, -88.1948106008763 42.0077015743252, -88.1951014293233 42.0093961040282, -88.1915145451436 42.0094889549708, -88.1915145451436 42.0131101417334, -88.1934857157289 42.013202992676, -88.1939058012634 42.0112066974095, -88.1984944278717 42.0110906337312, -88.1984944278717 42.0128083761698, -88.2031799972956 42.0128083761698, -88.2032123115675 42.0128083761698, -88.2032123115675 42.012251270514, -88.2032123115675 42.0101389115692, -88.2032123115675 42.0099067842127, -88.2063144816688 42.0093032530856, -88.2112908795397 42.0109977827886, -88.2119048507056 42.0112066974095, -88.2119048507056 42.0112531228808, -88.2119048507056 42.0126923124915, -88.2131004787655 42.0126923124915, -88.2132943643969 42.0118102285366, -88.2137790784752 42.0119262922148, -88.215007020807 42.0122744832497, -88.2173013341111 42.0129012271124, -88.2196925902309 42.0145957568154, -88.218496962171 42.0152921388851, -88.2177860481894 42.0164063501967, -88.2177860481894 42.0197954096026, -88.2164934773139 42.0203060897871, -88.2141991640098 42.0223023850536, -88.2182384479959 42.0246468713549, -88.2217930179037 42.0266895920928, -88.2217930179037 42.0267592302997, -88.2215021894567 42.0281984199105, -88.2211790467378 42.0282680581175, -88.2194017617839 42.0287091000949, -88.2186585335304 42.0290108656585, -88.2164288487701 42.0298929496135, -88.2163965344982 42.0298929496135, -88.2163319059544 42.0299161623491, -88.2120017935213 42.030264353384, -88.2117109650743 42.0303107788553, -88.2075747382725 42.030194715177, -88.2075101097287 42.030194715177, -88.2044079396274 42.0311000118676, -88.2040524826366 42.0311464373389, -88.20188742642 42.0314946283738, -88.2017904836044 42.0314946283738, -88.2005948555445 42.0336998382612, -88.1984944278717 42.0339087528821, -88.1984944278717 42.0359978990913, -88.1964909430146 42.0388066401058, -88.1944874581574 42.0418010830056, -88.1927101732035 42.0418939339482), (-88.1888970891206 42.0094889549708, -88.1888970891206 42.0112995483521, -88.1900927171805 42.0110906337312, -88.1900927171805 42.0094889549708, -88.1888970891206 42.0094889549708), (-88.2070900241942 42.0200971751661, -88.2101921942955 42.0207935572359, -88.2101921942955 42.0161974355758, -88.2072839098255 42.0170098813237, -88.2057005105029 42.0165920520819, -88.2031153687518 42.0167081157602, -88.2031153687518 42.0186115600841, -88.2043433110836 42.0194472185677, -88.2044079396274 42.0194936440391, -88.2070900241942 42.0200971751661), (-88.2098044230328 42.02200061949, -88.21180790789 42.0227898525024, -88.2128096503185 42.0217917048691, -88.2107092226457 42.0210953227994, -88.2098044230328 42.02200061949), (-88.1878953466921 42.0314946283738, -88.1879922895077 42.0305893316832, -88.1860857474663 42.0305893316832, -88.1860857474663 42.0314946283738, -88.1878953466921 42.0314946283738), (-88.1853102049409 42.0305893316832, -88.1839853197935 42.0305893316832, -88.1839853197935 42.0316106920521, -88.1860857474663 42.0314946283738, -88.1853102049409 42.0305893316832)))",16
1773638,"Summit, IL",municipality,"MULTIPOLYGON (((-87.8171860195809 41.7989030170894, -87.8161842771523 41.7989030170894, -87.8053913103414 41.7992976335956, -87.8018044261617 41.8008064614133, -87.8018044261617 41.8007832486776, -87.8017721118898 41.8004118449071, -87.801707483346 41.7986012515258, -87.8017397976179 41.7985316133189, -87.8018367404336 41.7983459114336, -87.8020952546087 41.7979280821918, -87.8020952546087 41.7979048694561, -87.8020952546087 41.7978352312492, -87.801998311793 41.7967674454089, -87.8019013689774 41.7963031906958, -87.8017397976179 41.795885361454, -87.801707483346 41.7957692977757, -87.8016105405304 41.7948175756137, -87.8015459119866 41.7919391963922, -87.8012227692677 41.7846968228672, -87.8012227692677 41.7846039719246, -87.8012227692677 41.7845807591889, -87.8010288836364 41.7797060847009, -87.8009965693645 41.7791257663095, -87.8009642550926 41.7786382988607, -87.8008996265488 41.7768044927438, -87.8009965693645 41.776317025295, -87.8009965693645 41.7762938125593, -87.8041956822815 41.7726029875899, -87.8057144530603 41.7725101366472, -87.8057144530603 41.7743207300285, -87.8057144530603 41.7743903682355, -87.8063284242262 41.7743903682355, -87.8120157360787 41.7743903682355, -87.8120803646224 41.7744135809711, -87.8148917062768 41.7749938993625, -87.8148917062768 41.7750171120982, -87.8144069921984 41.7758063451105, -87.8163135342399 41.7768509182151, -87.8164104770556 41.7768973436864, -87.8183493333689 41.7768973436864, -87.8202881896823 41.7768973436864, -87.8202881896823 41.7794739573444, -87.8202881896823 41.77949717008, -87.8206759609449 41.7797525101723, -87.822097788908 41.7807274450699, -87.8221947317237 41.7807970832768, -87.8239073881338 41.7808899342195, -87.8244890450278 41.7821434219449, -87.8244890450278 41.7821898474162, -87.8245213592997 41.7821666346806, -87.8282051862951 41.778011554998, -87.8295946999863 41.7787079370677, -87.8259108729909 41.7829790804286, -87.8259108729909 41.7830022931642, -87.8261370728942 41.7831415695782, -87.8262986442536 41.7832112077852, -87.8272034438665 41.783698675234, -87.8306933852305 41.7839075898549, -87.8311134707651 41.7850914393734, -87.8302086711522 41.7859038851214, -87.8295946999863 41.7869948836973, -87.829691642802 41.7888054770785, -87.8315981848434 41.7875055638817, -87.8340863837789 41.7895018591482, -87.8325029844563 41.7915910053574, -87.829691642802 41.7915910053574, -87.8297885856176 41.7950961284416, -87.8266864155163 41.7985084005832, -87.8251999590094 41.7986941024685, -87.8171860195809 41.7989030170894)))",16
1775185,"Thornton, IL",municipality,"MULTIPOLYGON (((-87.6314112704908 41.5647097270446, -87.6263056155323 41.5641990468602, -87.6265964439793 41.5683077010715, -87.6314112704908 41.5681916373932, -87.632800784182 41.5681916373932, -87.632800784182 41.5722074406619, -87.6349012118548 41.5723002916045, -87.6349012118548 41.5771053278855, -87.6328977269977 41.578289177404, -87.6306034136935 41.5787070066459, -87.6275012435922 41.5795890906008, -87.6275012435922 41.5823049806727, -87.6285029860207 41.5823049806727, -87.6286968716521 41.5836977448122, -87.6275012435922 41.5836977448122, -87.6275012435922 41.5863904221484, -87.6169991052282 41.5863904221484, -87.6169667909564 41.5863207839414, -87.6166436482375 41.5853922745151, -87.6166113339656 41.5852994235725, -87.6153510773619 41.5839530849044, -87.6150925631868 41.5836977448122, -87.6150925631868 41.5834191919843, -87.6150602489149 41.583163851892, -87.6149309918274 41.5813996839821, -87.6148986775555 41.5810050674759, -87.612119650173 41.5810050674759, -87.6120873359011 41.5810050674759, -87.6120873359011 41.5807033019124, -87.6120873359011 41.5794033887156, -87.6120550216292 41.5794033887156, -87.606303081233 41.5794033887156, -87.605721424339 41.5793337505086, -87.6021991687031 41.5790087722094, -87.6019083402561 41.5781963264614, -87.6008096550118 41.5775927953343, -87.5989031129704 41.5772910297708, -87.6021022258874 41.5738091194222, -87.6071109380302 41.5736930557439, -87.6073048236615 41.5678898718296, -87.6041057107445 41.5667988732538, -87.6021991687031 41.5668917241964, -87.6023930543344 41.5645936633663, -87.6071109380302 41.5645936633663, -87.6067877953113 41.5575369917266, -87.6067877953113 41.5574905662553, -87.6122489072606 41.5573977153126, -87.6123135358043 41.5573977153126, -87.6205859894079 41.5574905662553, -87.6228156741683 41.5574673535196, -87.6262086727166 41.5573977153126, -87.6265964439793 41.5573977153126, -87.6265964439793 41.5574209280483, -87.626693386795 41.5602993072698, -87.626693386795 41.5606939237759, -87.6317020989378 41.5606939237759, -87.6345134405921 41.5606939237759, -87.6352889831174 41.5618081350875, -87.6353859259331 41.5631080482843, -87.6314112704908 41.5647097270446)))",16
1775484,"Tinley Park, IL",municipality,"MULTIPOLYGON (((-87.8516007191427 41.5668917241964, -87.8516007191427 41.5669149369321, -87.8516653476865 41.5689112321986, -87.8517622905022 41.5713253567069, -87.8520854332211 41.5794962396582, -87.8520531189492 41.5794962396582, -87.8471090353502 41.5795890906008, -87.8407754380599 41.5796819415435, -87.8324383559125 41.5797980052218, -87.8324060416406 41.5797980052218, -87.8275912151292 41.5798908561644, -87.8275912151292 41.5799140689, -87.8276881579448 41.5872028678964, -87.8290130430923 41.5871100169538, -87.8293038715393 41.5944916668927, -87.8280113006637 41.5944916668927, -87.8281082434794 41.5963951112166, -87.829109985908 41.5963951112166, -87.829691642802 41.5980896409196, -87.8282051862951 41.5980896409196, -87.8283021291107 41.6017572531534, -87.8283021291107 41.6018036786247, -87.8207729037606 41.6018733168317, -87.8187047903597 41.6018965295673, -87.8182847048251 41.6018965295673, -87.8137930210326 41.60198938051, -87.8068131383045 41.6021054441882, -87.8061991671386 41.6021054441883, -87.800544169558 41.6021750823952, -87.794145943724 41.6022447206022, -87.7896865742033 41.6022911460735, -87.7896865742033 41.6023375715448, -87.7896865742033 41.6040088885121, -87.7853887760421 41.6041017394548, -87.7852918332264 41.6024072097518, -87.7846778620605 41.6024072097518, -87.7841931479822 41.6024072097518, -87.7852918332264 41.6015019130612, -87.7850979475951 41.5950951980198, -87.7703949538856 41.5953041126407, -87.7700071826229 41.5940970503865, -87.7685853546598 41.5940970503866, -87.7685853546598 41.591497223993, -87.7673897265999 41.5907079909806, -87.7672927837842 41.5882010155296, -87.7596019870746 41.5882938664723, -87.7596019870746 41.5882706537366, -87.7596019870746 41.5872028678964, -87.7621871288257 41.5852994235725, -87.7650954132958 41.5837905957548, -87.7650954132958 41.5834888301912, -87.7713966963141 41.580796152855, -87.7699102398072 41.580796152855, -87.769684039904 41.5735073538587, -87.7649015276644 41.5736002048013, -87.7649015276644 41.57355377933, -87.7645137564018 41.5661953421267, -87.7643844993142 41.5595100742574, -87.7651923561114 41.5589065431303, -87.7640936708672 41.5577923318188, -87.7640613565953 41.5575602044622, -87.7639967280515 41.5570959497491, -87.7678098121344 41.5570030988065, -87.7708150394201 41.5544961233555, -87.7710089250514 41.5499000016954, -87.7759853229224 41.549992852638, -87.7759853229224 41.5463020276685, -87.7712028106828 41.5463020276685, -87.7711058678671 41.5378525918893, -87.7711058678671 41.5359955730368, -87.7710735535952 41.5355777437949, -87.7710089250514 41.532188684389, -87.7710412393233 41.5307262820426, -87.7710735535952 41.5289156886613, -87.7711058678671 41.528126455649, -87.7711058678671 41.5281032429133, -87.7724953815584 41.5281032429133, -87.7808001494338 41.5281032429133, -87.7808001494338 41.5388971649939, -87.790365173913 41.5388043140513, -87.790365173913 41.5388275267869, -87.790365173913 41.5396399725349, -87.7921424588669 41.5383168466025, -87.7922070874107 41.5404292055473, -87.7922717159544 41.5425415644921, -87.7922394016826 41.5428665427913, -87.7923040302263 41.5437254140106, -87.7923686587701 41.5445610724942, -87.792400973042 41.5457217092771, -87.7925302301296 41.5502714054659, -87.7925948586733 41.551757020548, -87.7927241157609 41.5560281639089, -87.7927887443047 41.5585351393598, -87.7985406847009 41.5584655011529, -87.7993485414981 41.5584655011529, -87.8025153401433 41.5584190756815, -87.8122742502538 41.5582797992676, -87.8155379917146 41.5582333737963, -87.8219362175486 41.5581405228537, -87.8255554160002 41.558117310118, -87.8267187297882 41.5580940973823, -87.831727441931 41.5580244591754, -87.8344095264978 41.5580012464397, -87.8365745827143 41.5579780337041, -87.8398383241751 41.5579083954971, -87.8419387518479 41.5578619700258, -87.8457841502027 41.5577923318188, -87.8463981213686 41.5577923318188, -87.8469797782626 41.5577691190831, -87.8487570632165 41.5577459063475, -87.8487893774884 41.5577459063475, -87.8487893774884 41.5595100742574, -87.8513098906957 41.5593940105791, -87.8512129478801 41.5576994808762, -87.8534749469123 41.5576530554049, -87.8539596609906 41.5576530554049, -87.8539919752625 41.5576530554049, -87.8539596609906 41.558117310118, -87.8537011468155 41.5604617964194, -87.8537011468155 41.5605082218907, -87.856189345751 41.5599975417062, -87.8564155456542 41.5648954289299, -87.8518592333179 41.5648954289299, -87.8517946047741 41.5648954289299, -87.8517622905022 41.565359683643, -87.8516007191427 41.5668917241964), (-87.7732062955399 41.5553085691035, -87.7712028106828 41.5553085691035, -87.7714936391298 41.5567941841855, -87.7732062955399 41.5553085691035), (-87.7868106040052 41.5658935765631, -87.7928856871203 41.5658935765631, -87.7928856871203 41.5650114926082, -87.792691801489 41.560693923776, -87.7882970605121 41.5610885402821, -87.7883940033278 41.5632008992269, -87.7861966328393 41.5635026647905, -87.7868106040052 41.5658935765631), (-87.7694901542727 41.5680059355079, -87.7695870970883 41.5697933161535, -87.77201066748 41.5693986996474, -87.7706857823326 41.5693986996474, -87.7706857823326 41.5680059355079, -87.7694901542727 41.5680059355079), (-87.8494033486543 41.5739019703649, -87.8478845778755 41.5736930557439, -87.8469151497188 41.5748072670555, -87.8491125202073 41.5748072670555, -87.8494033486543 41.5739019703649), (-87.8228087028896 41.5836977448121, -87.8228410171615 41.5836977448122, -87.8251999590094 41.5834888301912, -87.8251999590094 41.5826067462363, -87.8227440743458 41.580726514648, -87.8227117600739 41.5807033019124, -87.8228087028896 41.5836977448121), (-87.7937904867332 41.5914043730503, -87.8036140253875 41.5911954584294, -87.8034847682999 41.5888045466567, -87.80228914024 41.5879921009087, -87.799090027323 41.5876903353452, -87.799090027323 41.5888045466567, -87.7936935439176 41.5888973975994, -87.7937904867332 41.5914043730503)), ((-87.7804123781712 41.6025000606944, -87.7804123781712 41.6024768479588, -87.7804123781712 41.6006894673132, -87.782803634291 41.6005966163705, -87.782803634291 41.6024072097518, -87.7814787491435 41.6024536352231, -87.7804123781712 41.6025000606944)))",16
3,Uptown,community area,"MULTIPOLYGON (((-87.64102 41.95481, -87.644 41.95466, -87.64431 41.95467, -87.6451 41.95465, -87.65131 41.95455, -87.65568 41.95448, -87.65659 41.95446, -87.65747 41.95446, -87.66225 41.95439, -87.66288 41.95539, -87.66371 41.95674, -87.66447 41.95797, -87.66464 41.95834, -87.66519 41.95964, -87.66591 41.96148, -87.66595 41.96164, -87.66848 41.96161, -87.67398 41.96154, -87.67402 41.96326, -87.67408 41.96508, -87.6741 41.96635, -87.67421 41.97005, -87.67419 41.97026, -87.67425 41.9719, -87.67429 41.97328, -87.67434 41.97347, -87.67435 41.97423, -87.67441 41.97611, -87.6686 41.9762, -87.66803 41.97621, -87.65294 41.97644, -87.65126 41.97647, -87.65082 41.97653, -87.64978 41.9768, -87.6494 41.97686, -87.64904 41.97682, -87.64886 41.97705, -87.64729 41.97776, -87.64712 41.97771, -87.64682 41.97757, -87.64669 41.97748, -87.64614 41.97785, -87.64611 41.97782, -87.64666 41.97745, -87.64648 41.97724, -87.64639 41.97706, -87.64636 41.97685, -87.64626 41.97348, -87.64618 41.97299, -87.64601 41.97251, -87.6458 41.97209, -87.64557 41.97167, -87.64503 41.97081, -87.64465 41.97033, -87.64424 41.96984, -87.64367 41.96925, -87.64315 41.96878, -87.64263 41.96836, -87.64274 41.96828, -87.64301 41.9685, -87.64327 41.96832, -87.64297 41.96807, -87.6428 41.96806, -87.64262 41.96818, -87.64256 41.96831, -87.64197 41.96784, -87.64153 41.96753, -87.64049 41.96693, -87.639 41.96658, -87.63743 41.96605, -87.63644 41.96579, -87.63587 41.96568, -87.63509 41.96555, -87.63453 41.9655, -87.6341 41.96549, -87.63355 41.96544, -87.63298 41.96537, -87.63258 41.96527, -87.63199 41.96508, -87.63202 41.96563, -87.63198 41.96609, -87.63184 41.9667, -87.63169 41.96712, -87.63147 41.96758, -87.6313 41.96788, -87.631 41.96831, -87.63091 41.9683, -87.63117 41.96794, -87.63143 41.96749, -87.6317 41.96686, -87.6318 41.96654, -87.63189 41.96609, -87.63193 41.96563, -87.63191 41.96511, -87.63184 41.96466, -87.63167 41.96405, -87.63141 41.96388, -87.63122 41.96369, -87.63104 41.96341, -87.631 41.96324, -87.63101 41.96299, -87.63107 41.96285, -87.63131 41.96256, -87.63173 41.96233, -87.63206 41.96225, -87.63251 41.96209, -87.63289 41.96192, -87.63346 41.96176, -87.63385 41.96154, -87.63422 41.96139, -87.63448 41.96123, -87.63485 41.96092, -87.63529 41.96047, -87.63559 41.96021, -87.63599 41.95991, -87.63632 41.95971, -87.63664 41.95955, -87.6369 41.95947, -87.63746 41.95938, -87.63794 41.95935, -87.63854 41.95939, -87.63895 41.95943, -87.63933 41.95951, -87.63977 41.95962, -87.6401 41.95968, -87.6403 41.9592, -87.64037 41.95922, -87.64016 41.9597, -87.64047 41.95979, -87.6408 41.95999, -87.64094 41.96024, -87.64095 41.9605, -87.64074 41.9608, -87.64051 41.96089, -87.64026 41.9609, -87.63932 41.96041, -87.63882 41.9603, -87.63847 41.96029, -87.63817 41.96032, -87.63764 41.96041, -87.63732 41.9605, -87.63677 41.96074, -87.63639 41.96095, -87.63607 41.96118, -87.63583 41.96139, -87.63557 41.9617, -87.63535 41.96205, -87.63533 41.96232, -87.63551 41.96262, -87.63573 41.96278, -87.63592 41.96285, -87.63631 41.9629, -87.63685 41.96289, -87.63791 41.96276, -87.63789 41.9627, -87.63836 41.96265, -87.63838 41.96271, -87.63957 41.96255, -87.64119 41.96236, -87.64164 41.96223, -87.64185 41.96211, -87.64206 41.96192, -87.64217 41.96177, -87.64228 41.96153, -87.64228 41.9612, -87.6422 41.96097, -87.64195 41.96069, -87.64167 41.96045, -87.64153 41.96019, -87.64152 41.9601, -87.64161 41.9594, -87.64102 41.95936, -87.64103 41.95931, -87.64163 41.95934, -87.64175 41.95837, -87.64162 41.95785, -87.64154 41.95741, -87.64153 41.95716, -87.64142 41.9566, -87.64135 41.9563, -87.64129 41.95587, -87.64102 41.95481)))",16
73,Washington Heights,community area,"MULTIPOLYGON (((-87.63373 41.72885, -87.63369 41.72699, -87.63365 41.72578, -87.63364 41.72522, -87.63353 41.72159, -87.63342 41.71795, -87.63338 41.71614, -87.63331 41.71342, -87.63327 41.71169, -87.63319 41.70888, -87.63317 41.70797, -87.63313 41.70704, -87.64283 41.70692, -87.64274 41.70385, -87.64261 41.69964, -87.644 41.69963, -87.64716 41.6996, -87.64974 41.69957, -87.65123 41.69955, -87.65207 41.69954, -87.65732 41.69947, -87.65778 41.69946, -87.65874 41.69944, -87.65822 41.70086, -87.65752 41.70276, -87.65726 41.70347, -87.65693 41.70436, -87.65655 41.70538, -87.65602 41.70679, -87.65636 41.70678, -87.65867 41.71134, -87.65998 41.714, -87.66107 41.71569, -87.66309 41.7201, -87.6632 41.72109, -87.66326 41.7212, -87.66345 41.7212, -87.66536 41.7248, -87.66708 41.72803, -87.66732 41.72844, -87.66731 41.72868, -87.66726 41.72887, -87.66806 41.73014, -87.66812 41.7302, -87.66789 41.73021, -87.66533 41.73024, -87.66539 41.73209, -87.66373 41.73211, -87.66333 41.73212, -87.66296 41.73219, -87.6624 41.73223, -87.66168 41.73225, -87.6608 41.73226, -87.66045 41.73228, -87.6594 41.73229, -87.65818 41.7323, -87.6581 41.73233, -87.65567 41.73237, -87.65118 41.73243, -87.64993 41.73245, -87.64862 41.73246, -87.64827 41.73244, -87.64782 41.73253, -87.64651 41.73253, -87.64656 41.73244, -87.64696 41.73139, -87.64795 41.7287, -87.64749 41.72863, -87.64724 41.72893, -87.64671 41.72934, -87.64643 41.72951, -87.6461 41.72965, -87.64582 41.72974, -87.64544 41.72982, -87.64468 41.72984, -87.64467 41.72934, -87.64465 41.7288, -87.64452 41.72875, -87.64374 41.72877, -87.64313 41.72877, -87.6375 41.72885, -87.63535 41.72888, -87.63497 41.72886, -87.63373 41.72885)))",16
40,Washington Park,community area,"MULTIPOLYGON (((-87.60604 41.78587, -87.60885 41.78582, -87.61527 41.78571, -87.61576 41.7857, -87.61571 41.78358, -87.61567 41.7819, -87.61562 41.78024, -87.61843 41.78019, -87.6197 41.78017, -87.6201 41.78015, -87.62055 41.78009, -87.62106 41.78005, -87.62354 41.78001, -87.62397 41.78001, -87.62473 41.78005, -87.62537 41.78006, -87.62536 41.7808, -87.62536 41.78158, -87.6254 41.78321, -87.62678 41.78318, -87.62826 41.78316, -87.62825 41.78326, -87.62843 41.78985, -87.62847 41.79169, -87.62856 41.7946, -87.62861 41.79652, -87.62869 41.79937, -87.62881 41.79937, -87.62885 41.8009, -87.62879 41.80149, -87.6288 41.80189, -87.62658 41.80194, -87.62611 41.80194, -87.61985 41.80205, -87.61635 41.8021, -87.61539 41.80211, -87.61111 41.80217, -87.60677 41.80224, -87.60641 41.80225, -87.60637 41.80113, -87.60634 41.79937, -87.60624 41.79529, -87.60621 41.79506, -87.60622 41.7948, -87.6061 41.78868, -87.60608 41.78749, -87.60606 41.78733, -87.60604 41.78587)))",16
62,West Elsdon,community area,"MULTIPOLYGON (((-87.71378 41.80393, -87.71375 41.80247, -87.71371 41.80081, -87.71361 41.80069, -87.71352 41.79754, -87.7134 41.79326, -87.71328 41.78973, -87.71347 41.78972, -87.71337 41.78609, -87.7179 41.78602, -87.7204 41.78598, -87.72323 41.78593, -87.72526 41.78591, -87.73196 41.78584, -87.73601 41.7858, -87.73762 41.78578, -87.73765 41.78677, -87.73782 41.79247, -87.73786 41.79368, -87.73791 41.79529, -87.73645 41.79531, -87.73607 41.79535, -87.73541 41.79546, -87.73548 41.79562, -87.73551 41.79676, -87.73239 41.79679, -87.73205 41.79676, -87.73197 41.79679, -87.73102 41.7968, -87.72817 41.79683, -87.72821 41.79831, -87.72337 41.80022, -87.72337 41.80055, -87.72297 41.80055, -87.71969 41.80201, -87.71902 41.80228, -87.71773 41.8028, -87.71568 41.8036, -87.71523 41.80376, -87.71474 41.80419, -87.71442 41.80452, -87.71423 41.80478, -87.714 41.80522, -87.71379 41.80602, -87.71377 41.80558, -87.71378 41.8043, -87.71378 41.80393)))",16
67,West Englewood,community area,"MULTIPOLYGON (((-87.65487 41.79417, -87.65478 41.79044, -87.65474 41.78863, -87.65471 41.78787, -87.65464 41.78498, -87.6545 41.77946, -87.65445 41.77764, -87.65432 41.77305, -87.6543 41.77186, -87.65421 41.76857, -87.65409 41.76421, -87.65404 41.76241, -87.65402 41.76129, -87.65398 41.76015, -87.65398 41.75974, -87.65395 41.75902, -87.65393 41.758, -87.65401 41.75789, -87.65664 41.75785, -87.65718 41.75784, -87.66199 41.75777, -87.66361 41.75777, -87.66361 41.75774, -87.6645 41.7577, -87.66547 41.75767, -87.66636 41.75767, -87.6697 41.75763, -87.66969 41.75778, -87.67234 41.75776, -87.67546 41.75771, -87.67713 41.75767, -87.67815 41.75766, -87.67854 41.76384, -87.67855 41.76476, -87.67835 41.76593, -87.67845 41.76673, -87.67845 41.76753, -87.67836 41.76839, -87.67862 41.76839, -87.67872 41.77201, -87.67835 41.77202, -87.67856 41.77564, -87.67881 41.77564, -87.6788 41.77617, -87.67848 41.77912, -87.67849 41.77925, -87.67875 41.78033, -87.67895 41.78105, -87.67898 41.78105, -87.67912 41.78656, -87.67967 41.78656, -87.67964 41.78836, -87.67966 41.78971, -87.67937 41.79349, -87.67881 41.7935, -87.67882 41.79387, -87.6754 41.79391, -87.67281 41.79393, -87.6693 41.79397, -87.66713 41.79399, -87.66397 41.79403, -87.66323 41.79406, -87.65989 41.7941, -87.65909 41.79411, -87.65825 41.79413, -87.65499 41.79417, -87.65487 41.79417)))",16
26,West Garfield Park,community area,"MULTIPOLYGON (((-87.72024 41.86988, -87.7202 41.8686, -87.72527 41.86854, -87.72529 41.8691, -87.72684 41.86908, -87.73008 41.86904, -87.73121 41.86903, -87.73258 41.86901, -87.73261 41.8701, -87.73265 41.87093, -87.73267 41.87099, -87.73785 41.86955, -87.73977 41.86902, -87.73989 41.86897, -87.73997 41.86969, -87.74003 41.87169, -87.74008 41.87326, -87.73939 41.87328, -87.73945 41.87531, -87.73949 41.87619, -87.73951 41.87692, -87.74021 41.87692, -87.74033 41.88037, -87.7406 41.88783, -87.73852 41.88785, -87.73817 41.88788, -87.73796 41.88785, -87.73491 41.88789, -87.72862 41.88797, -87.72766 41.88802, -87.72697 41.88799, -87.72587 41.888, -87.72587 41.88784, -87.72465 41.88785, -87.72465 41.88805, -87.72421 41.88802, -87.72117 41.88806, -87.72098 41.88808, -87.72092 41.886, -87.72092 41.88536, -87.72084 41.88246, -87.72081 41.88169, -87.72076 41.88116, -87.72071 41.87983, -87.72065 41.87805, -87.72063 41.87716, -87.7207 41.87706, -87.72067 41.87596, -87.7206 41.87554, -87.72048 41.87524, -87.72044 41.87503, -87.72039 41.87436, -87.72036 41.87332, -87.72027 41.87091, -87.72024 41.86988)))",16
65,West Lawn,community area,"MULTIPOLYGON (((-87.71255 41.75734, -87.71297 41.75743, -87.71328 41.75752, -87.71392 41.75777, -87.71461 41.75811, -87.71554 41.75853, -87.71622 41.75889, -87.71623 41.75878, -87.7171 41.7592, -87.71723 41.75922, -87.71801 41.75949, -87.71848 41.75969, -87.72062 41.76079, -87.7213 41.76111, -87.72207 41.76141, -87.72229 41.76147, -87.72219 41.7578, -87.72218 41.7575, -87.72218 41.7566, -87.72215 41.75552, -87.72217 41.75486, -87.72215 41.75433, -87.7221 41.75413, -87.72204 41.75337, -87.72428 41.75333, -87.72494 41.75329, -87.72651 41.75326, -87.72725 41.75326, -87.7292 41.75322, -87.73108 41.75319, -87.73201 41.75317, -87.73227 41.7532, -87.73233 41.75332, -87.73658 41.75304, -87.73658 41.75316, -87.73731 41.75315, -87.73912 41.75312, -87.7394 41.75314, -87.74121 41.75328, -87.7415 41.75329, -87.74153 41.7547, -87.74169 41.75894, -87.74179 41.76084, -87.74178 41.76128, -87.74184 41.76227, -87.7419 41.7643, -87.74203 41.7704, -87.74205 41.77113, -87.73718 41.7712, -87.7372 41.77204, -87.73731 41.77575, -87.73739 41.77835, -87.73754 41.78338, -87.73761 41.78573, -87.73762 41.78578, -87.73601 41.7858, -87.73196 41.78584, -87.72526 41.78591, -87.72323 41.78593, -87.7204 41.78598, -87.7179 41.78602, -87.71337 41.78609, -87.7129 41.7861, -87.71294 41.78568, -87.7129 41.78409, -87.71277 41.77954, -87.71273 41.77883, -87.71295 41.77883, -87.71284 41.77426, -87.71281 41.77317, -87.71277 41.77152, -87.71267 41.76829, -87.71263 41.76717, -87.71254 41.7644, -87.71243 41.7606, -87.71252 41.76058, -87.71255 41.75734)))",16
53,West Pullman,community area,"MULTIPOLYGON (((-87.61828 41.65911, -87.61866 41.65908, -87.61968 41.65906, -87.61946 41.65954, -87.61939 41.66006, -87.61951 41.66079, -87.61986 41.66114, -87.62025 41.66137, -87.62202 41.66213, -87.62204 41.66241, -87.62329 41.6624, -87.62381 41.66227, -87.62407 41.66224, -87.6242 41.66228, -87.62442 41.66226, -87.62476 41.66209, -87.62535 41.66194, -87.62566 41.66184, -87.6259 41.66181, -87.62627 41.66166, -87.62644 41.66149, -87.62689 41.66121, -87.62754 41.66076, -87.62777 41.66057, -87.62804 41.66029, -87.62875 41.65964, -87.62915 41.65932, -87.62973 41.65901, -87.6301 41.65873, -87.63076 41.65827, -87.63084 41.65811, -87.63082 41.65796, -87.63108 41.65783, -87.63126 41.65782, -87.63139 41.658, -87.63154 41.65792, -87.63202 41.6579, -87.63227 41.6578, -87.63265 41.65773, -87.63264 41.65762, -87.633 41.65753, -87.63355 41.65748, -87.63392 41.65747, -87.63501 41.65737, -87.63574 41.65735, -87.63629 41.65739, -87.63783 41.65762, -87.63856 41.65771, -87.63914 41.65775, -87.64005 41.65776, -87.64042 41.65779, -87.64105 41.65777, -87.64106 41.6581, -87.64143 41.65809, -87.64142 41.65777, -87.64366 41.65775, -87.64384 41.65772, -87.64475 41.65772, -87.64591 41.65778, -87.64699 41.65763, -87.64721 41.66301, -87.64722 41.66316, -87.64365 41.66321, -87.64142 41.66325, -87.64167 41.67054, -87.64385 41.67051, -87.64959 41.67042, -87.65083 41.6704, -87.65775 41.6703, -87.65865 41.67029, -87.65879 41.67033, -87.65936 41.67032, -87.66115 41.67034, -87.66132 41.67525, -87.66138 41.67731, -87.66137 41.67754, -87.66152 41.68289, -87.66155 41.68388, -87.6616 41.68482, -87.65652 41.68489, -87.65581 41.6849, -87.65043 41.68497, -87.64967 41.68498, -87.64215 41.68508, -87.63955 41.68511, -87.63872 41.68512, -87.63822 41.68513, -87.63173 41.68522, -87.62915 41.68524, -87.62103 41.68534, -87.6202 41.68535, -87.61778 41.68538, -87.61228 41.68543, -87.61261 41.68383, -87.61282 41.68295, -87.61289 41.68258, -87.61301 41.68224, -87.61317 41.68159, -87.61405 41.67761, -87.61415 41.67723, -87.6142 41.6769, -87.61433 41.67646, -87.61456 41.6756, -87.61497 41.67384, -87.61507 41.67337, -87.61515 41.67306, -87.61547 41.67159, -87.61557 41.67121, -87.61609 41.6689, -87.61618 41.66844, -87.61626 41.6682, -87.61657 41.66686, -87.61675 41.66617, -87.61697 41.66523, -87.61715 41.66434, -87.61727 41.66335, -87.61749 41.66251, -87.61767 41.66172, -87.61828 41.65911)))",16
2,West Ridge,community area,"MULTIPOLYGON (((-87.68465 42.01949, -87.68448 42.01812, -87.68428 42.01639, -87.68418 42.01554, -87.68404 42.01504, -87.68373 42.01417, -87.68262 42.01101, -87.68193 42.00906, -87.68176 42.00866, -87.68009 42.00503, -87.6771 41.99854, -87.67684 41.99797, -87.67501 41.998, -87.67501 41.99791, -87.67489 41.99425, -87.67483 41.99209, -87.67485 41.99077, -87.67676 41.99073, -87.68051 41.99067, -87.68685 41.99056, -87.68967 41.99051, -87.68961 41.98882, -87.68946 41.98408, -87.68945 41.98318, -87.69446 41.98316, -87.69852 41.98313, -87.70234 41.98312, -87.7069 41.98309, -87.70702 41.98355, -87.70719 41.98399, -87.70726 41.98429, -87.70739 41.9846, -87.70751 41.98496, -87.70751 41.98518, -87.7077 41.98565, -87.70782 41.98604, -87.70788 41.98636, -87.70776 41.98645, -87.70794 41.98653, -87.70816 41.98705, -87.70822 41.98736, -87.70828 41.98749, -87.70831 41.98774, -87.70847 41.9882, -87.70852 41.98843, -87.70848 41.9885, -87.70869 41.98891, -87.70877 41.98929, -87.70886 41.98946, -87.70898 41.99009, -87.70908 41.99036, -87.70937 41.99131, -87.70938 41.99142, -87.70952 41.99162, -87.70958 41.99191, -87.70985 41.99282, -87.70998 41.99335, -87.71016 41.99403, -87.71019 41.99425, -87.71032 41.99481, -87.71051 41.99584, -87.71062 41.99671, -87.71063 41.99703, -87.71067 41.99738, -87.70945 41.9974, -87.70948 42.00118, -87.70948 42.00453, -87.70932 42.01055, -87.70919 42.01168, -87.70901 42.01914, -87.70849 42.01916, -87.7045 42.01924, -87.70414 42.01924, -87.70213 42.01928, -87.70016 42.01932, -87.69878 42.01936, -87.69736 42.01939, -87.69209 42.0195, -87.68999 42.01954, -87.68629 42.01952, -87.68465 42.01949)))",17
24,West Town,community area,"MULTIPOLYGON (((-87.65686 41.91079, -87.65694 41.91053, -87.65895 41.90986, -87.65923 41.90908, -87.65749 41.9091, -87.65774 41.90845, -87.65796 41.90706, -87.65817 41.90568, -87.65829 41.90505, -87.65816 41.90454, -87.6575 41.90361, -87.65734 41.90341, -87.65647 41.90263, -87.65618 41.90193, -87.65616 41.9017, -87.65589 41.90118, -87.65538 41.90082, -87.65451 41.90054, -87.65343 41.90029, -87.65258 41.90013, -87.65248 41.90015, -87.65212 41.90009, -87.6519 41.90002, -87.65136 41.89975, -87.65086 41.89942, -87.6494 41.89832, -87.64879 41.8981, -87.6479 41.89798, -87.64632 41.89787, -87.64541 41.89777, -87.64489 41.8977, -87.64478 41.89755, -87.64443 41.89725, -87.64423 41.89665, -87.64419 41.89594, -87.64412 41.89428, -87.64398 41.89403, -87.64381 41.89393, -87.64355 41.89355, -87.64322 41.89339, -87.64294 41.89323, -87.64272 41.89305, -87.64245 41.89288, -87.64204 41.89251, -87.64193 41.89238, -87.64157 41.89206, -87.64127 41.89164, -87.64119 41.89144, -87.64067 41.89065, -87.64012 41.89001, -87.63944 41.88924, -87.63936 41.88909, -87.63983 41.88906, -87.64068 41.88905, -87.64081 41.88909, -87.64159 41.88906, -87.64192 41.88907, -87.64433 41.88904, -87.64432 41.88859, -87.64757 41.88858, -87.64758 41.88906, -87.64857 41.88905, -87.64963 41.88903, -87.65002 41.88903, -87.65197 41.88901, -87.65333 41.88899, -87.65486 41.88899, -87.65599 41.88897, -87.65902 41.88893, -87.66048 41.88892, -87.66068 41.88887, -87.66084 41.88891, -87.66194 41.8889, -87.66365 41.88889, -87.66512 41.88887, -87.66686 41.88886, -87.66726 41.88887, -87.66899 41.88886, -87.67181 41.88881, -87.67279 41.88879, -87.67529 41.88876, -87.67875 41.8887, -87.67929 41.8887, -87.68174 41.88865, -87.68599 41.88858, -87.68662 41.88864, -87.68662 41.88842, -87.68724 41.88841, -87.68785 41.88833, -87.68847 41.88818, -87.68867 41.88818, -87.69157 41.88821, -87.69159 41.88853, -87.69165 41.89192, -87.6917 41.89201, -87.69167 41.89234, -87.69321 41.89296, -87.69667 41.89434, -87.69667 41.89464, -87.6967 41.89566, -87.69729 41.89566, -87.70056 41.89563, -87.7022 41.8956, -87.70223 41.89657, -87.70188 41.89643, -87.70195 41.89892, -87.70195 41.89925, -87.70667 41.89921, -87.70679 41.90269, -87.70679 41.90303, -87.70688 41.90571, -87.70697 41.90866, -87.707 41.90958, -87.70699 41.91007, -87.70696 41.91013, -87.70533 41.91014, -87.70451 41.91016, -87.70266 41.91018, -87.70187 41.91018, -87.70198 41.91393, -87.70163 41.91393, -87.69824 41.91396, -87.69799 41.91401, -87.6971 41.91401, -87.69709 41.91392, -87.69116 41.91397, -87.68751 41.914, -87.68714 41.91401, -87.68315 41.91407, -87.68242 41.91359, -87.68245 41.91463, -87.67974 41.91469, -87.67756 41.91473, -87.67755 41.91418, -87.67633 41.91419, -87.6757 41.91421, -87.67023 41.9143, -87.66901 41.91426, -87.66793 41.91428, -87.6678 41.91431, -87.66744 41.91429, -87.66681 41.91435, -87.66621 41.91449, -87.66594 41.91458, -87.66381 41.91551, -87.66362 41.91563, -87.66303 41.9155, -87.66265 41.9156, -87.66207 41.91593, -87.66133 41.91619, -87.66117 41.91619, -87.66093 41.91613, -87.66074 41.91598, -87.66027 41.91572, -87.65987 41.91546, -87.65923 41.91516, -87.65865 41.91472, -87.65808 41.91412, -87.65786 41.91382, -87.65772 41.91344, -87.6576 41.91282, -87.65741 41.91237, -87.65693 41.91109, -87.65686 41.91079)))",17
1780047,"Westchester, IL",municipality,"MULTIPOLYGON (((-87.9072135810638 41.8479979530042, -87.906567295626 41.8479979530042, -87.9013970121238 41.8480908039468, -87.9012031264924 41.84449282992, -87.8962913571653 41.8446088935983, -87.8964852427966 41.8482765058321, -87.8964852427966 41.8482997185678, -87.9002013840639 41.8482068676251, -87.9003952696952 41.8527101383426, -87.9011061836768 41.8527101383426, -87.9011708122205 41.8554492411501, -87.9013970121238 41.8626916146752, -87.8948049006584 41.8629005292961, -87.8948049006584 41.8618095307202, -87.8945140722114 41.8555885175641, -87.8873079895801 41.8557045812424, -87.8875018752115 41.8593025552692, -87.8854014475387 41.8590007897057, -87.885304504723 41.8571901963244, -87.8842058194788 41.8564009633121, -87.8829132486032 41.8564938142547, -87.8822023346217 41.857491961888, -87.8822669631654 41.8590704279127, -87.882396220253 41.8619023816628, -87.8827839915157 41.8708857103621, -87.8827839915157 41.8709089230978, -87.8826224201562 41.8708857103621, -87.8810067065618 41.8708160721552, -87.8800049641332 41.8707928594195, -87.8779045364604 41.8707000084769, -87.8778722221885 41.8707000084769, -87.868113312078 41.8710017740404, -87.8680809978061 41.8706071575343, -87.8679194264467 41.8670788217144, -87.8678547979029 41.8659413976672, -87.8677255408154 41.8627148274108, -87.8676609122716 41.8616006160993, -87.8676285979997 41.8605328302591, -87.8674347123684 41.8564473887834, -87.8674347123684 41.8563545378408, -87.8671115696495 41.8489961006375, -87.8780984220918 41.8486943350739, -87.8791001645203 41.8495067808219, -87.8815883634558 41.8495067808219, -87.8815883634558 41.8486479096026, -87.8815883634558 41.8450963610471, -87.8805866210272 41.8450963610471, -87.8804896782115 41.8427054492744, -87.8831071342346 41.8415912379628, -87.8839149910318 41.8395020917537, -87.8811036493774 41.8394092408111, -87.8811036493774 41.837111179981, -87.878615450442 41.837111179981, -87.878615450442 41.8341399498169, -87.878615450442 41.8340935243456, -87.8828486200594 41.8340238861386, -87.8834625912253 41.8340238861386, -87.884141190935 41.834000673403, -87.8842058194788 41.834000673403, -87.8845289621977 41.8339774606673, -87.8860154187046 41.8339078224603, -87.8908948737598 41.833791758782, -87.900459898239 41.8335828441611, -87.9014293263957 41.8335596314255, -87.9089908660177 41.8333971422759, -87.9179096050591 41.8332114403906, -87.9186851475844 41.8375986474298, -87.918814404672 41.8408020049505, -87.9184912619531 41.8430072148379, -87.9190082903033 41.8438892987929, -87.9186851475844 41.8463962742439, -87.9171986910775 41.8469069544283, -87.9168109198148 41.8477658256476, -87.9168109198148 41.8477890383833, -87.9126100644693 41.8479051020616, -87.9092493801928 41.8479515275329, -87.9072135810638 41.8479979530042), (-87.9057917531007 41.837993263936, -87.9106065796121 41.8378075620507, -87.9106065796121 41.8362058832904, -87.905694810285 41.8362058832904, -87.9057917531007 41.837993263936)))",17
1780242,"Western Springs, IL",municipality,"MULTIPOLYGON (((-87.9136118068978 41.8186106296623, -87.9133856069946 41.818633842398, -87.9013000693081 41.8206069249288, -87.8998136128012 41.8206997758714, -87.8901839597783 41.8197016282382, -87.8894407315248 41.819237373525, -87.8894407315248 41.8192141607894, -87.8894084172529 41.8191909480537, -87.8887621318151 41.8046597755324, -87.8883097320087 41.7943068954293, -87.8883097320087 41.79344802421, -87.8883097320087 41.7927980676116, -87.8930922442483 41.7925891529906, -87.8929953014326 41.7899429011257, -87.8929953014326 41.7898964756544, -87.8975839280409 41.7898036247118, -87.8974869852252 41.7865074162485, -87.8964852427966 41.7826076766581, -87.8991996416353 41.7824916129798, -87.8989088131883 41.7810059978977, -87.8968083855155 41.7810988488404, -87.8969053283312 41.7791954045165, -87.9005891553265 41.7781044059406, -87.9012031264924 41.7784990224468, -87.9033035541652 41.7768044927438, -87.9069873811606 41.7749938993625, -87.9073105238795 41.7819112945884, -87.9063087814509 41.7830951441069, -87.9064057242666 41.7842093554184, -87.9082153234924 41.785996736064, -87.9082476377642 41.7896179228265, -87.9082799520361 41.7923802383697, -87.908312266308 41.7950961284416, -87.9083445805799 41.7955603831548, -87.9085384662112 41.7969763600298, -87.908603094755 41.7973941892717, -87.9087000375707 41.7976495293639, -87.9093140087366 41.7993904845382, -87.9131917213633 41.8096040882273, -87.9131917213633 41.8097201519056, -87.9135148640822 41.8186106296623, -87.9136118068978 41.8186106296623)))",17
1781087,"Wheeling, IL",municipality,"MULTIPOLYGON (((-87.9609845294872 42.1324003902753, -87.9591103017176 42.1324003902753, -87.9591103017176 42.1317040082056, -87.9513871907361 42.131611157263, -87.9513871907361 42.1352091312898, -87.9492867630633 42.1352091312898, -87.9492867630633 42.1388071053167, -87.9492867630633 42.1395963383291, -87.9533906755932 42.139596338329, -87.9533906755932 42.1388303180524, -87.9533906755932 42.1388071053167, -87.9549417606439 42.138853530788, -87.9562020172476 42.1388999562593, -87.9573007024918 42.1396891892717, -87.9573007024918 42.141290868032, -87.9584963305517 42.141290868032, -87.9584963305517 42.1425907812288, -87.9584963305517 42.1430086104706, -87.9584963305517 42.1461887552557, -87.9585932733674 42.1471404774176, -87.9587871589987 42.1496010273973, -87.9606937010402 42.1519919391699, -87.9606613867683 42.1520151519056, -87.9587871589987 42.153407916045, -87.9573007024918 42.1524097684118, -87.9569129312291 42.1535007669877, -87.9553295319066 42.153477554252, -87.9516133906393 42.1534543415164, -87.9509994194734 42.1533614905737, -87.9502238769481 42.1532454268954, -87.9494160201509 42.1531990014241, -87.9488343632569 42.1531757886885, -87.9467985641279 42.1531757886885, -87.9450535934459 42.1531757886885, -87.9405942239252 42.1531293632171, -87.9404972811095 42.1531525759528, -87.9391723959621 42.1531293632171, -87.9382675963492 42.1531061504815, -87.9347130264414 42.1530829377459, -87.93451914081 42.1531061504815, -87.9343898837225 42.1531061504815, -87.9342606266349 42.1531061504815, -87.9339697981879 42.1530829377458, -87.9308676280866 42.1530597250102, -87.9297043142986 42.1530365122745, -87.9285410005106 42.1530597250102, -87.9269252869161 42.1530597250102, -87.9233707170083 42.1530597250102, -87.9230798885613 42.1530829377459, -87.9226274887549 42.1530365122745, -87.9200423470037 42.1530597250102, -87.9159384344738 42.1531525759528, -87.9148720635015 42.1531525759528, -87.9142257780637 42.1531757886885, -87.9121899789347 42.1531525759528, -87.9117052648564 42.1531061504815, -87.9109943508748 42.1505063240879, -87.9100895512619 42.1505063240879, -87.9095078943679 42.1492992618337, -87.9065026670822 42.1463976698766, -87.9055009246537 42.1448888420589, -87.905113153391 42.1427068449071, -87.9036913254279 42.1411051661468, -87.9038852110592 42.13980525295, -87.9032066113495 42.1397820402143, -87.899587412898 42.1396891892717, -87.8935446440547 42.1391320836159, -87.8876957608428 42.1385981906958, -87.8876957608428 42.1385749779601, -87.8877927036585 42.1382035741896, -87.8875988180271 42.1356965987387, -87.8877927036585 42.1236027634613, -87.8956127574556 42.1237884653465, -87.895806643087 42.1249955276007, -87.8974869852252 42.1271078865455, -87.8974869852252 42.1314022426421, -87.8991996416353 42.1311933280212, -87.899005756004 42.1298005638817, -87.8981978992067 42.1278971195579, -87.8991996416353 42.1278971195578, -87.8968083855155 42.1238116780822, -87.8964852427966 42.1232545724264, -87.8960005287183 42.1223957012071, -87.8938677867736 42.1149212003255, -87.8938031582298 42.1146890729689, -87.8969053283312 42.1145962220263, -87.9076013523265 42.1145962220263, -87.9076336665983 42.1095126329174, -87.9076659808702 42.1024095358063, -87.9076982951421 42.0976044995253, -87.9076982951421 42.0960956717076, -87.9079891235891 42.0951903750169, -87.9129978357319 42.095190375017, -87.9158091773863 42.0999025603554, -87.9173925767088 42.1006917933677, -87.9173925767088 42.102502386749, -87.922304346036 42.1025023867489, -87.9222074032203 42.1042897673945, -87.9270868582756 42.1042897673945, -87.9270868582756 42.1090948036756, -87.9288964575013 42.1090948036756, -87.9300274570175 42.1097679730096, -87.9300920855612 42.1097911857453, -87.9300920855612 42.1109982479995, -87.931901684787 42.1109982479995, -87.931901684787 42.1133891597721, -87.9367811398423 42.1133891597722, -87.9368134541142 42.1133891597721, -87.9368134541142 42.1188905781229, -87.9367811398423 42.1188905781229, -87.9336143411972 42.1185888125593, -87.9336143411972 42.116105049844, -87.931901684787 42.116105049844, -87.931901684787 42.1229992323342, -87.9327095415842 42.1236027634613, -87.9352946833354 42.1236027634613, -87.9367811398423 42.1231152960125, -87.9368134541142 42.1230920832768, -87.9368134541142 42.1207011715041, -87.9416929091694 42.1207011715041, -87.9416929091694 42.124299145531, -87.9465400499528 42.1243455710023, -87.9513871907361 42.1243919964736, -87.9513871907361 42.124368783738, -87.9513871907361 42.1188905781229, -87.9561697029757 42.1190066418012, -87.9562020172476 42.1190066418012, -87.9562020172476 42.1207940224468, -87.9550063891877 42.1207940224468, -87.9550063891877 42.1243919964736, -87.9562020172476 42.1243919964736, -87.9609845294872 42.1243919964736, -87.9609845294872 42.1244384219449, -87.9609845294872 42.1281524596501, -87.9609845294872 42.1324003902753)))",17
1782049,"Willow Springs, IL",municipality,"MULTIPOLYGON (((-87.905113153391 41.7271060257019, -87.9097987228149 41.7245990502509, -87.9144842922388 41.7223009894209, -87.9146135493264 41.7239026681812, -87.9146135493264 41.724320497423, -87.9146458635983 41.7246686884579, -87.9146458635983 41.7250400922284, -87.914710492142 41.7258989634477, -87.9121899789347 41.7258989634477, -87.912093036119 41.7281041733351, -87.9104126939808 41.7281041733352, -87.9080860664048 41.7269899620236, -87.905113153391 41.7271060257019)), ((-87.9405942239252 41.7035915244812, -87.9392693387777 41.7041254174013, -87.9387199961556 41.7043111192866, -87.9382675963492 41.7044968211718, -87.9379121393584 41.7046593103214, -87.9378151965427 41.7047057357928, -87.9377505679989 41.7047289485284, -87.9375889966395 41.7047985867354, -87.9367488255704 41.7053092669198, -87.9362641114921 41.7056574579547, -87.9359409687732 41.7059592235182, -87.9359086545013 41.7059824362539, -87.9359086545013 41.7060056489896, -87.9358763402294 41.7060288617252, -87.9356501403262 41.7063306272888, -87.9354562546948 41.7067020310593, -87.9352946833354 41.7070966475655, -87.9312877136211 41.709092942832, -87.9296073714829 41.709092942832, -87.9290257145889 41.7110660253628, -87.9284440576949 41.7115999182829, -87.9279270293447 41.7119945347891, -87.9277331437133 41.7121802366744, -87.9272161153631 41.7125980659162, -87.9262143729346 41.7127605550658, -87.9259558587595 41.7127373423301, -87.925503458953 41.7127605550658, -87.9251803162341 41.7128534060084, -87.9246956021558 41.7131783843076, -87.9240816309899 41.7138515536417, -87.9238554310867 41.7140604682626, -87.9227890601143 41.7150121904245, -87.9220781461327 41.7157085724942, -87.9218519462295 41.7159639125865, -87.9216257463263 41.7161728272074, -87.9216257463263 41.716196039943, -87.9215934320544 41.716196039943, -87.9192668044784 41.7164745927709, -87.9189759760314 41.7164513800353, -87.9182004335061 41.7165674437136, -87.9180388621466 41.7165210182422, -87.9177157194277 41.7163121036213, -87.9174572052526 41.7162192526787, -87.9171663768056 41.7161496144717, -87.9168755483586 41.7161728272074, -87.9164554628241 41.71626567815, -87.9142904066075 41.7165906564492, -87.9142580923356 41.7165906564492, -87.9142904066075 41.7173102512546, -87.9143550351513 41.7188887172793, -87.9143873494232 41.7217903092364, -87.9072135810638 41.7255043469415, -87.9069873811606 41.7239955191238, -87.9016878405708 41.7241115828021, -87.8952896147367 41.7281970242778, -87.8956127574556 41.7340002081921, -87.8973900424095 41.7340002081921, -87.8968083855155 41.7314932327411, -87.8991026988196 41.7307039997287, -87.9013000693081 41.7314003817985, -87.9012031264924 41.7320967638682, -87.9003952696952 41.7324913803743, -87.9004922125109 41.7388052444731, -87.9016878405708 41.7388052444731, -87.9016878405708 41.7368089492066, -87.9034004969809 41.737389267598, -87.905113153391 41.737389267598, -87.9055009246537 41.7386891807948, -87.9036913254279 41.7386891807948, -87.9036913254279 41.7399890939916, -87.9055009246537 41.739896243049, -87.9055978674693 41.7423103675573, -87.8959035859026 41.7424960694426, -87.896097471534 41.7460940434694, -87.8959682144464 41.7461868944121, -87.8948049006584 41.74699934016, -87.8946110150271 41.7473939566662, -87.8943848151238 41.7502026976807, -87.8961944143496 41.7502026976807, -87.8962913571653 41.7511079943714, -87.8927044729856 41.7511079943714, -87.8924136445386 41.746256532619, -87.8924136445386 41.7462101071477, -87.8879542750179 41.7463493835617, -87.8863062471516 41.746395809033, -87.885886161617 41.7401980086125, -87.8842058194788 41.7397105411637, -87.8832040770502 41.7397105411637, -87.8770966796632 41.7476028712871, -87.8753840232531 41.7469064892174, -87.8769997368475 41.7441905991455, -87.879197107336 41.7414979218093, -87.8814914206401 41.7391070100366, -87.8804896782115 41.7391998609793, -87.873089709949 41.7460011925268, -87.8674023980965 41.7514097599349, -87.865786684502 41.7505973141869, -87.8613919435251 41.754311351892, -87.8605840867279 41.754311351892, -87.8529579185621 41.754380990099, -87.8502112054515 41.7544042028347, -87.852699404387 41.7518972273837, -87.8567063741012 41.7489956354266, -87.8544120607971 41.74699934016, -87.8483046634101 41.74699934016, -87.8482723491382 41.7465582981826, -87.8480138349631 41.7398033921063, -87.8577081165298 41.7395944774854, -87.8575142308984 41.7323985294317, -87.8717971390734 41.7320967638682, -87.8765150227692 41.7319110619829, -87.8764827084973 41.7318646365116, -87.8760949372346 41.7245990502509, -87.8896023028843 41.7242972846874, -87.891702730557 41.7225099040418, -87.8938031582298 41.7213956927302, -87.9045961250408 41.7177977187034, -87.9096048371836 41.7161031890004, -87.9128039501006 41.7145015102401, -87.9142904066075 41.7141068937339, -87.9237908025429 41.709092942832, -87.9237908025429 41.7080947951987, -87.9332911984783 41.703196907975, -87.9374920538238 41.7011077617659, -87.9393985958653 41.7002953160179, -87.9416929091694 41.6989025518785, -87.942112994704 41.7005970815815, -87.9394955386809 41.7019898457209, -87.9405942239252 41.7035915244812)))",17
1782075,"Wilmette, IL",municipality,"MULTIPOLYGON (((-87.7731093527242 42.0869034283874, -87.7710735535952 42.0869034283874, -87.7678098121344 42.0869034283874, -87.7671958409685 42.0869034283874, -87.7662910413557 42.0869034283874, -87.7653862417428 42.0857892170758, -87.7640936708672 42.0866945137664, -87.7584063590147 42.0866945137664, -87.7573076737705 42.0849071331209, -87.7572107309548 42.0849071331209, -87.7544963321161 42.0849071331209, -87.7516849904618 42.0849071331209, -87.7514911048305 42.0866945137664, -87.7504893624019 42.0866945137664, -87.7505863052176 42.0849999840635, -87.7488090202637 42.0851160477418, -87.7449959361808 42.0853946005697, -87.7425723657891 42.08523211142, -87.7419260803513 42.0852088986844, -87.7418937660794 42.0852088986844, -87.7418937660794 42.0863927482029, -87.7418937660794 42.0872980448935, -87.7418614518075 42.0872980448935, -87.7332012269413 42.0872980448935, -87.732102541697 42.0882033415842, -87.72890342878 42.0882033415842, -87.7269968867386 42.0888068727113, -87.7245086878031 42.087808725078, -87.7226021457617 42.0827019232334, -87.722214374499 42.0827019232334, -87.7175934336189 42.0826090722908, -87.7175934336189 42.0849071331209, -87.7167855768216 42.0848839203852, -87.7156545773055 42.0848607076495, -87.7147497776926 42.0848374949139, -87.7139419208954 42.0848142821782, -87.7127139785636 42.0847910694426, -87.7127139785636 42.0848374949139, -87.7127139785636 42.0862070463176, -87.707058980983 42.0860213444324, -87.7027934970937 42.0859052807541, -87.7027934970937 42.08699627933, -87.7027934970937 42.0896889566662, -87.6982048704854 42.0870891302726, -87.6973970136882 42.0859981316967, -87.6944887292182 42.0843964529364, -87.6894153885316 42.0818894774854, -87.6834049339603 42.0794057147701, -87.6814983919188 42.0784075671368, -87.6807874779372 42.0775022704462, -87.6818861631815 42.0766898246982, -87.6822093059003 42.0753899115014, -87.6810136778405 42.0735096799132, -87.6795918498773 42.071699086532, -87.6827586485225 42.0716990865319, -87.6827909627943 42.0716990865319, -87.6827909627943 42.0704688115421, -87.6827909627943 42.0694938766445, -87.6828555913381 42.0694938766445, -87.6882843890155 42.0696099403228, -87.6883167032874 42.0695635148515, -87.6890922458127 42.0687974945748, -87.6891245600846 42.0687974945748, -87.7018886974808 42.0689367709887, -87.7026642400061 42.0689367709887, -87.7028581256374 42.0689367709887, -87.7065419526328 42.0689831964601, -87.714652834877 42.069052834667, -87.7160423485682 42.0690760474027, -87.7185951760474 42.0690992601383, -87.7248641447939 42.0690992601383, -87.7290003715957 42.0690992601383, -87.7290003715957 42.0691456856097, -87.7290650001395 42.0693081747593, -87.729194257227 42.0696099403228, -87.7323610558721 42.0689135582531, -87.7323933701441 42.0688903455174, -87.7323933701441 42.065872689882, -87.7323933701441 42.0646888403635, -87.7324256844159 42.0646888403635, -87.7466116497752 42.0648745422487, -87.7476780207476 42.0648977549844, -87.7478072778351 42.0648977549844, -87.7538500466784 42.0648977549844, -87.7543993893005 42.0648977549844, -87.7544963321161 42.0648977549844, -87.7586971874617 42.064990605927, -87.7586971874617 42.0650138186627, -87.7586971874617 42.0690064091957, -87.7586971874617 42.069052834667, -87.7587941302774 42.0720008520955, -87.7590849587244 42.072302617659, -87.7593111586276 42.072302617659, -87.762413328729 42.0722097667164, -87.7647076420331 42.0795914166554, -87.7712351249547 42.0797074803337, -87.7777949221481 42.0798003312763, -87.7783119504984 42.0807984789095, -87.7782150076827 42.0839089854876, -87.7765023512726 42.0847910694426, -87.7744988664155 42.0849999840635, -87.7731093527242 42.0869034283874)))",17
1782530,"Winnetka, IL",municipality,"MULTIPOLYGON (((-87.7703949538856 42.1197030238709, -87.7621871288257 42.11949410925, -87.7611853863972 42.1196101729283, -87.760959186494 42.1196333856639, -87.7607006723188 42.1196565983996, -87.7604421581437 42.1197030238709, -87.7604098438718 42.1197030238709, -87.7583417304709 42.1196798111352, -87.7581155305677 42.1196798111352, -87.7564028741576 42.1196565983996, -87.7561443599825 42.1196565983996, -87.7530098756093 42.1196101729283, -87.7527513614341 42.1196101729283, -87.7512972191991 42.1196101729283, -87.7508448193927 42.1195637474569, -87.7498107626922 42.1194708965143, -87.7495522485171 42.1194708965143, -87.7488090202637 42.1194012583073, -87.7458684215218 42.119354832836, -87.7451575075402 42.119354832836, -87.7444465935586 42.1193316201004, -87.7444142792868 42.1193316201004, -87.7415059948167 42.1193084073647, -87.7416029376324 42.1205154696189, -87.7417968232638 42.1226974667707, -87.7416998804481 42.1285006506849, -87.7413121091854 42.1277114176726, -87.7411182235541 42.127479290316, -87.7407950808352 42.1270614610742, -87.7401164811255 42.1262025898549, -87.7396640813191 42.1255990587278, -87.7393086243283 42.1251348040146, -87.7366911683053 42.12179217008, -87.7362064542269 42.1207940224468, -87.7306160851901 42.1164068154076, -87.7306160851901 42.1146890729689, -87.7296143427616 42.1132963088295, -87.7269968867386 42.1106964824359, -87.7268999439229 42.1103018659298, -87.7244117449874 42.1074931249152, -87.7226021457617 42.1061003607758, -87.7209864321672 42.1041969164519, -87.7177873192502 42.1015970900583, -87.7146851491488 42.0983937325376, -87.710839750794 42.0954225023735, -87.7108074365222 42.0953992896379, -87.7113890934162 42.0949118221891, -87.7131986926419 42.093495845314, -87.7165916911903 42.093495845314, -87.7174641765313 42.093495845314, -87.7174964908032 42.093495845314, -87.7174964908032 42.0923119957955, -87.7174964908032 42.0917084646684, -87.7197584898354 42.091731677404, -87.7214065177018 42.0917548901397, -87.7231838026557 42.0917781028754, -87.72599514431 42.091801315611, -87.7266091154759 42.0934029943714, -87.7296143427616 42.0937047599349, -87.7321994845127 42.0934029943714, -87.7356894258767 42.0925905486234, -87.7363033970426 42.0914995500475, -87.7362064542269 42.0882961925268, -87.7371112538398 42.088690809033, -87.739696395591 42.0888997236539, -87.7404073095725 42.0898978712871, -87.7417968232638 42.0899907222298, -87.7417968232638 42.0924976976807, -87.7417968232638 42.0937976108775, -87.7513941620148 42.0938904618202, -87.7515880476461 42.0938904618202, -87.7515234191024 42.0980919669741, -87.7514911048305 42.0993918801709, -87.7515234191024 42.0993918801709, -87.7525897900747 42.0993918801709, -87.7528483042498 42.0976509249966, -87.7528806185217 42.09741879764, -87.7529129327936 42.0973955849044, -87.7564028741576 42.097488435847, -87.7564028741576 42.1007614315747, -87.7564028741576 42.1012953244948, -87.7564028741576 42.1035237471179, -87.7564028741576 42.104800447579, -87.7610884435815 42.1050093621999, -87.7610884435815 42.1050790004069, -87.7610884435815 42.1080966560423, -87.7611207578534 42.108119868778, -87.7617024147474 42.1084912725485, -87.7660002129087 42.1087001871694, -87.7706857823326 42.1086073362268, -87.7706857823326 42.1086305489624, -87.7705888395169 42.1126695649668, -87.7703949538856 42.1197030238709)))",17
42,Woodlawn,community area,"MULTIPOLYGON (((-87.57714 41.78615, -87.577 41.78569, -87.57682 41.78521, -87.57638 41.78422, -87.5761 41.78365, -87.57605 41.7836, -87.57556 41.78337, -87.57497 41.78303, -87.57421 41.78263, -87.57357 41.78233, -87.5731 41.78213, -87.57248 41.7819, -87.57213 41.78178, -87.57135 41.78156, -87.5705 41.78137, -87.56986 41.78128, -87.56968 41.7813, -87.5684 41.78161, -87.56764 41.78462, -87.56753 41.7846, -87.56831 41.78154, -87.56912 41.78136, -87.57038 41.78105, -87.57128 41.78084, -87.57308 41.78025, -87.57293 41.77989, -87.57302 41.77979, -87.5737 41.77964, -87.57411 41.77953, -87.57444 41.77937, -87.57473 41.77911, -87.57494 41.77881, -87.5751 41.77845, -87.57528 41.77787, -87.5753 41.77741, -87.57524 41.77714, -87.57507 41.77678, -87.57492 41.77655, -87.57469 41.77628, -87.57461 41.77608, -87.5747 41.77599, -87.57508 41.77593, -87.57504 41.77579, -87.57481 41.77577, -87.57447 41.77564, -87.57412 41.77553, -87.57348 41.77551, -87.5734 41.77548, -87.57322 41.77559, -87.57284 41.77561, -87.572 41.77582, -87.57184 41.77607, -87.57176 41.77641, -87.57175 41.7766, -87.57216 41.77718, -87.57231 41.77734, -87.57245 41.77741, -87.57265 41.77733, -87.57287 41.77762, -87.57279 41.77767, -87.57316 41.778, -87.57336 41.77831, -87.57332 41.77842, -87.57338 41.77862, -87.57336 41.7789, -87.57321 41.77919, -87.57275 41.77932, -87.57248 41.77931, -87.57217 41.77918, -87.57208 41.7789, -87.57182 41.77858, -87.57157 41.77846, -87.57114 41.77805, -87.57033 41.77742, -87.5699 41.777, -87.56969 41.77697, -87.56919 41.77669, -87.56881 41.7764, -87.56813 41.7757, -87.56782 41.77531, -87.5672 41.77448, -87.56686 41.77407, -87.56681 41.77396, -87.56645 41.77379, -87.56681 41.77356, -87.56728 41.77355, -87.57022 41.77352, -87.57258 41.77349, -87.57502 41.77346, -87.57687 41.77345, -87.57745 41.77344, -87.58436 41.77336, -87.58546 41.77334, -87.58595 41.77335, -87.58664 41.77333, -87.5921 41.77328, -87.59577 41.77324, -87.60223 41.77318, -87.60424 41.77315, -87.60577 41.77314, -87.60561 41.76617, -87.60559 41.76587, -87.60609 41.76624, -87.60836 41.76785, -87.61006 41.76908, -87.6109 41.76968, -87.61282 41.77106, -87.61545 41.77297, -87.61552 41.77612, -87.61559 41.77863, -87.61562 41.78024, -87.61567 41.7819, -87.61571 41.78358, -87.61576 41.7857, -87.61527 41.78571, -87.60885 41.78582, -87.60604 41.78587, -87.59825 41.78596, -87.59693 41.78597, -87.59658 41.78599, -87.596 41.78604, -87.59564 41.78606, -87.5912 41.7861, -87.58844 41.78612, -87.5866 41.78614, -87.5866 41.78639, -87.58606 41.78639, -87.58555 41.78626, -87.58536 41.78613, -87.58516 41.78585, -87.58445 41.78583, -87.58405 41.78593, -87.58305 41.78593, -87.58175 41.78603, -87.5808 41.78598, -87.58035 41.78603, -87.57905 41.78603, -87.57751 41.78609, -87.57714 41.78615)))",17
1783518,"Worth, IL",municipality,"MULTIPOLYGON (((-87.8104969652999 41.6947010467245, -87.7983467990696 41.6997149976265, -87.7978943992631 41.6999006995117, -87.7978620849913 41.6998078485691, -87.7972157995535 41.6986007863149, -87.7934996582862 41.7005970815815, -87.7898158312909 41.7030112060898, -87.789783517019 41.7029647806185, -87.789492688572 41.6973937240608, -87.7879416035213 41.6974401495321, -87.7813818063278 41.6976258514173, -87.7791198072956 41.6976954896243, -87.7790874930237 41.6976954896243, -87.7790551787518 41.6965116401058, -87.7790551787518 41.6964652146345, -87.7787966645767 41.690406690628, -87.7734001811712 41.6902906269497, -87.7732062955399 41.6830482534247, -87.7732062955399 41.6830018279533, -87.7764377227288 41.6830018279533, -87.7786027789454 41.6830018279533, -87.7785381504016 41.6817483402279, -87.7784735218578 41.6810055326868, -87.778408893314 41.6794967048691, -87.7782796362265 41.678080727994, -87.7782150076827 41.6768968784755, -87.7780857505952 41.6741113501967, -87.7781503791389 41.6741113501967, -87.7969895996502 41.6779878770514, -87.7977651421756 41.678150366201, -87.7979913420788 41.6781967916723, -87.8059729672354 41.6797288322257, -87.809010508793 41.6803091506171, -87.8065869384013 41.6824911477689, -87.8069100811202 41.6843945920928, -87.8093982800556 41.6843017411502, -87.8094952228713 41.6876908005561, -87.8072009095672 41.6878068642344, -87.8072009095672 41.6937028990913, -87.8080087663644 41.6933082825851, -87.8104000224842 41.6940046646548, -87.8104969652999 41.6946546212532, -87.8104969652999 41.6947010467245)))",17
