model,stem,source,split,config,mode,fusion,prompts,negatives,rule,prob_thd,fill_holes_m2,iou,bf1,bf1_prec,bf1_rec,bf1_1m,road_frac_pred,road_frac_gt,n_instances,max_score,presence,box_fallback_to_text,n_boxes
finetuned/ft1/seg_head_best.pt,test_crosswalk_33636869N_117839922W_jpeg.rf.dd1fc52c66bb1e24f5382c242044d924,coords-in-name,test,text__semantic__road__t0.3_c0.5,text,semantic,road,,positive,0.3,0.0,0.568550323176362,0.30297837316085924,0.22700047915668423,0.4554036458333333,0.4909925354060287,0.17826557159423828,0.22674560546875,1,0.6454852819442749,0.8633915781974792,False,3
finetuned/ft1/seg_head_best.pt,test_crosswalk_33636869N_117839922W_jpeg.rf.dd1fc52c66bb1e24f5382c242044d924,coords-in-name,test,text__semantic__road__t0.3_c0.5_fill25,text,semantic,road,,positive,0.3,25.0,0.5795947901591896,0.3052703417666127,0.25975894945134015,0.3701171875,0.4911384079527221,0.18338298797607422,0.22674560546875,1,0.6454852819442749,0.8633915781974792,False,3
finetuned/ft1/seg_head_best.pt,test_crosswalk_33636869N_117839922W_jpeg.rf.dd1fc52c66bb1e24f5382c242044d924,coords-in-name,test,text__semantic__road__t0.4_c0.5,text,semantic,road,,positive,0.4,0.0,0.5366056408498702,0.2658692523124644,0.19095702905867834,0.4375,0.41024812995446713,0.1452178955078125,0.22674560546875,1,0.6454852819442749,0.8633915781974792,False,3
finetuned/ft1/seg_head_best.pt,test_crosswalk_33636869N_117839922W_jpeg.rf.dd1fc52c66bb1e24f5382c242044d924,coords-in-name,test,text__semantic__road__t0.4_c0.5_fill25,text,semantic,road,,positive,0.4,25.0,0.5711588462279774,0.316600655327313,0.25553550926685253,0.416015625,0.4766644211070654,0.15418148040771484,0.22674560546875,1,0.6454852819442749,0.8633915781974792,False,3
finetuned/ft1/seg_head_best.pt,test_crosswalk_33636869N_117839922W_jpeg.rf.dd1fc52c66bb1e24f5382c242044d924,coords-in-name,test,text__semantic__road__t0.5_c0.5,text,semantic,road,,positive,0.5,0.0,0.4565018825970333,0.2679154988256378,0.20569146280579131,0.3841145833333333,0.41785082262087225,0.10933399200439453,0.22674560546875,1,0.6454852819442749,0.8633915781974792,False,3
finetuned/ft1/seg_head_best.pt,test_crosswalk_33636869N_117839922W_jpeg.rf.dd1fc52c66bb1e24f5382c242044d924,coords-in-name,test,text__semantic__road__t0.5_c0.5_fill25,text,semantic,road,,positive,0.5,25.0,0.4679418838172216,0.290273986537277,0.2346230923385232,0.3805338541666667,0.45001685703043015,0.11203670501708984,0.22674560546875,1,0.6454852819442749,0.8633915781974792,False,3
finetuned/ft1/seg_head_best.pt,test_crosswalk_33636869N_117839922W_jpeg.rf.dd1fc52c66bb1e24f5382c242044d924,coords-in-name,test,text__semantic__road__neg-sidewalk+grass+building+tree__t0.3_c0.5,text,semantic,road,sidewalk+grass+building+tree,positive,0.3,0.0,0.5260639907457415,0.29241709782347675,0.2306338028169014,0.3994140625,0.4250836826248695,0.15320587158203125,0.22674560546875,1,0.6454852819442749,0.8633915781974792,False,3
finetuned/ft1/seg_head_best.pt,test_crosswalk_33636869N_117839922W_jpeg.rf.dd1fc52c66bb1e24f5382c242044d924,coords-in-name,test,text__semantic__road__neg-sidewalk+grass+building+tree__t0.3_c0.5_fill25,text,semantic,road,sidewalk+grass+building+tree,positive,0.3,25.0,0.5374867318809038,0.31825276293659405,0.2859876674463109,0.3587239583333333,0.4509499736862716,0.15727710723876953,0.22674560546875,1,0.6454852819442749,0.8633915781974792,False,3
finetuned/ft1/seg_head_best.pt,test_crosswalk_33636869N_117839922W_jpeg.rf.dd1fc52c66bb1e24f5382c242044d924,coords-in-name,test,text__semantic__road__neg-sidewalk+grass+building+tree__t0.4_c0.5,text,semantic,road,sidewalk+grass+building+tree,positive,0.4,0.0,0.5035850660154894,0.256820550406406,0.18954892777914714,0.3981119791666667,0.3639679560618181,0.1326303482055664,0.22674560546875,1,0.6454852819442749,0.8633915781974792,False,3
finetuned/ft1/seg_head_best.pt,test_crosswalk_33636869N_117839922W_jpeg.rf.dd1fc52c66bb1e24f5382c242044d924,coords-in-name,test,text__semantic__road__neg-sidewalk+grass+building+tree__t0.4_c0.5_fill25,text,semantic,road,sidewalk+grass+building+tree,positive,0.4,25.0,0.5362892783579086,0.31462426334594684,0.26323268206039074,0.3909505208333333,0.4277261218172291,0.14099502563476562,0.22674560546875,1,0.6454852819442749,0.8633915781974792,False,3
finetuned/ft1/seg_head_best.pt,test_crosswalk_33636869N_117839922W_jpeg.rf.dd1fc52c66bb1e24f5382c242044d924,coords-in-name,test,text__semantic__road__neg-sidewalk+grass+building+tree__t0.5_c0.5,text,semantic,road,sidewalk+grass+building+tree,positive,0.5,0.0,0.4265598244418214,0.26540215505327697,0.21292238088505586,0.3522135416666667,0.40139848153238045,0.10058975219726562,0.22674560546875,1,0.6454852819442749,0.8633915781974792,False,3
finetuned/ft1/seg_head_best.pt,test_crosswalk_33636869N_117839922W_jpeg.rf.dd1fc52c66bb1e24f5382c242044d924,coords-in-name,test,text__semantic__road__neg-sidewalk+grass+building+tree__t0.5_c0.5_fill25,text,semantic,road,sidewalk+grass+building+tree,positive,0.5,25.0,0.43803559109308376,0.292388805528406,0.25026511134676566,0.3515625,0.4376583635061768,0.10324764251708984,0.22674560546875,1,0.6454852819442749,0.8633915781974792,False,3
finetuned/ft1/seg_head_best.pt,test_crosswalk_33636869N_117839922W_jpeg.rf.dd1fc52c66bb1e24f5382c242044d924,coords-in-name,test,text__fused__road__t0.3_c0.5,text,fused,road,,positive,0.3,0.0,0.568550323176362,0.30297837316085924,0.22700047915668423,0.4554036458333333,0.4909925354060287,0.17826557159423828,0.22674560546875,1,0.6454852819442749,0.8633915781974792,False,3
finetuned/ft1/seg_head_best.pt,test_crosswalk_33636869N_117839922W_jpeg.rf.dd1fc52c66bb1e24f5382c242044d924,coords-in-name,test,text__fused__road__t0.3_c0.5_fill25,text,fused,road,,positive,0.3,25.0,0.5795947901591896,0.3052703417666127,0.25975894945134015,0.3701171875,0.4911384079527221,0.18338298797607422,0.22674560546875,1,0.6454852819442749,0.8633915781974792,False,3
finetuned/ft1/seg_head_best.pt,test_crosswalk_33636869N_117839922W_jpeg.rf.dd1fc52c66bb1e24f5382c242044d924,coords-in-name,test,text__fused__road__t0.4_c0.5,text,fused,road,,positive,0.4,0.0,0.5366056408498702,0.2658692523124644,0.19095702905867834,0.4375,0.41024812995446713,0.1452178955078125,0.22674560546875,1,0.6454852819442749,0.8633915781974792,False,3
finetuned/ft1/seg_head_best.pt,test_crosswalk_33636869N_117839922W_jpeg.rf.dd1fc52c66bb1e24f5382c242044d924,coords-in-name,test,text__fused__road__t0.4_c0.5_fill25,text,fused,road,,positive,0.4,25.0,0.5711588462279774,0.316600655327313,0.25553550926685253,0.416015625,0.4766644211070654,0.15418148040771484,0.22674560546875,1,0.6454852819442749,0.8633915781974792,False,3
finetuned/ft1/seg_head_best.pt,test_crosswalk_33636869N_117839922W_jpeg.rf.dd1fc52c66bb1e24f5382c242044d924,coords-in-name,test,text__fused__road__t0.5_c0.5,text,fused,road,,positive,0.5,0.0,0.4565018825970333,0.2679154988256378,0.20569146280579131,0.3841145833333333,0.41785082262087225,0.10933399200439453,0.22674560546875,1,0.6454852819442749,0.8633915781974792,False,3
finetuned/ft1/seg_head_best.pt,test_crosswalk_33636869N_117839922W_jpeg.rf.dd1fc52c66bb1e24f5382c242044d924,coords-in-name,test,text__fused__road__t0.5_c0.5_fill25,text,fused,road,,positive,0.5,25.0,0.4679418838172216,0.290273986537277,0.2346230923385232,0.3805338541666667,0.45001685703043015,0.11203670501708984,0.22674560546875,1,0.6454852819442749,0.8633915781974792,False,3
finetuned/ft1/seg_head_best.pt,test_crosswalk_33636869N_117839922W_jpeg.rf.dd1fc52c66bb1e24f5382c242044d924,coords-in-name,test,text__fused__road__neg-sidewalk+grass+building+tree__t0.3_c0.5,text,fused,road,sidewalk+grass+building+tree,positive,0.3,0.0,0.5260639907457415,0.29241709782347675,0.2306338028169014,0.3994140625,0.4250836826248695,0.15320587158203125,0.22674560546875,1,0.6454852819442749,0.8633915781974792,False,3
finetuned/ft1/seg_head_best.pt,test_crosswalk_33636869N_117839922W_jpeg.rf.dd1fc52c66bb1e24f5382c242044d924,coords-in-name,test,text__fused__road__neg-sidewalk+grass+building+tree__t0.3_c0.5_fill25,text,fused,road,sidewalk+grass+building+tree,positive,0.3,25.0,0.5374867318809038,0.31825276293659405,0.2859876674463109,0.3587239583333333,0.4509499736862716,0.15727710723876953,0.22674560546875,1,0.6454852819442749,0.8633915781974792,False,3
finetuned/ft1/seg_head_best.pt,test_crosswalk_33636869N_117839922W_jpeg.rf.dd1fc52c66bb1e24f5382c242044d924,coords-in-name,test,text__fused__road__neg-sidewalk+grass+building+tree__t0.4_c0.5,text,fused,road,sidewalk+grass+building+tree,positive,0.4,0.0,0.5035850660154894,0.256820550406406,0.18954892777914714,0.3981119791666667,0.3639679560618181,0.1326303482055664,0.22674560546875,1,0.6454852819442749,0.8633915781974792,False,3
finetuned/ft1/seg_head_best.pt,test_crosswalk_33636869N_117839922W_jpeg.rf.dd1fc52c66bb1e24f5382c242044d924,coords-in-name,test,text__fused__road__neg-sidewalk+grass+building+tree__t0.4_c0.5_fill25,text,fused,road,sidewalk+grass+building+tree,positive,0.4,25.0,0.5362892783579086,0.31462426334594684,0.26323268206039074,0.3909505208333333,0.4277261218172291,0.14099502563476562,0.22674560546875,1,0.6454852819442749,0.8633915781974792,False,3
finetuned/ft1/seg_head_best.pt,test_crosswalk_33636869N_117839922W_jpeg.rf.dd1fc52c66bb1e24f5382c242044d924,coords-in-name,test,text__fused__road__neg-sidewalk+grass+building+tree__t0.5_c0.5,text,fused,road,sidewalk+grass+building+tree,positive,0.5,0.0,0.4265598244418214,0.26540215505327697,0.21292238088505586,0.3522135416666667,0.40139848153238045,0.10058975219726562,0.22674560546875,1,0.6454852819442749,0.8633915781974792,False,3
finetuned/ft1/seg_head_best.pt,test_crosswalk_33636869N_117839922W_jpeg.rf.dd1fc52c66bb1e24f5382c242044d924,coords-in-name,test,text__fused__road__neg-sidewalk+grass+building+tree__t0.5_c0.5_fill25,text,fused,road,sidewalk+grass+building+tree,positive,0.5,25.0,0.43803559109308376,0.292388805528406,0.25026511134676566,0.3515625,0.4376583635061768,0.10324764251708984,0.22674560546875,1,0.6454852819442749,0.8633915781974792,False,3
finetuned/ft1/seg_head_best.pt,test_crosswalk_42359346N_71053574W_jpeg.rf.c5e2569ece11784900d9f1a6a505611b,coords-in-name,test,text__semantic__road__t0.3_c0.5,text,semantic,road,,positive,0.3,0.0,0.5505899857642685,0.22741406909450576,0.19960343688037013,0.26422893481717014,0.3061540381889873,0.19016265869140625,0.33856868743896484,3,0.656501054763794,0.9086179733276367,False,3
finetuned/ft1/seg_head_best.pt,test_crosswalk_42359346N_71053574W_jpeg.rf.c5e2569ece11784900d9f1a6a505611b,coords-in-name,test,text__semantic__road__t0.3_c0.5_fill25,text,semantic,road,,positive,0.3,25.0,0.5518917528079832,0.24590411109096705,0.22995617427171952,0.26422893481717014,0.3290006430695255,0.19060802459716797,0.33856868743896484,3,0.656501054763794,0.9086179733276367,False,3
finetuned/ft1/seg_head_best.pt,test_crosswalk_42359346N_71053574W_jpeg.rf.c5e2569ece11784900d9f1a6a505611b,coords-in-name,test,text__semantic__road__t0.4_c0.5,text,semantic,road,,positive,0.4,0.0,0.5161990432553992,0.2292729254164676,0.21435476075398743,0.246422893481717,0.28624347011160184,0.17709827423095703,0.33856868743896484,3,0.656501054763794,0.9086179733276367,False,3
finetuned/ft1/seg_head_best.pt,test_crosswalk_42359346N_71053574W_jpeg.rf.c5e2569ece11784900d9f1a6a505611b,coords-in-name,test,text__semantic__road__t0.4_c0.5_fill25,text,semantic,road,,positive,0.4,25.0,0.5171103621160543,0.235678335247817,0.22583160083160084,0.246422893481717,0.29344223677841297,0.17740821838378906,0.33856868743896484,3,0.656501054763794,0.9086179733276367,False,3
finetuned/ft1/seg_head_best.pt,test_crosswalk_42359346N_71053574W_jpeg.rf.c5e2569ece11784900d9f1a6a505611b,coords-in-name,test,text__semantic__road__t0.5_c0.5,text,semantic,road,,positive,0.5,0.0,0.4914222328311265,0.22638059499282664,0.21978319783197833,0.23338632750397456,0.2756150070865496,0.16791629791259766,0.33856868743896484,3,0.656501054763794,0.9086179733276367,False,3
finetuned/ft1/seg_head_best.pt,test_crosswalk_42359346N_71053574W_jpeg.rf.c5e2569ece11784900d9f1a6a505611b,coords-in-name,test,text__semantic__road__t0.5_c0.5_fill25,text,semantic,road,,positive,0.5,25.0,0.49175079683792244,0.23188239819643477,0.23039772727272728,0.23338632750397456,0.28231601529036576,0.1680278778076172,0.33856868743896484,3,0.656501054763794,0.9086179733276367,False,3
finetuned/ft1/seg_head_best.pt,test_crosswalk_42359346N_71053574W_jpeg.rf.c5e2569ece11784900d9f1a6a505611b,coords-in-name,test,text__semantic__road__neg-sidewalk+grass+building+tree__t0.3_c0.5,text,semantic,road,sidewalk+grass+building+tree,positive,0.3,0.0,0.4776633653357445,0.20538448395957362,0.19966015293118097,0.21144674085850557,0.26996841465579985,0.16327762603759766,0.33856868743896484,3,0.656501054763794,0.9086179733276367,False,3
finetuned/ft1/seg_head_best.pt,test_crosswalk_42359346N_71053574W_jpeg.rf.c5e2569ece11784900d9f1a6a505611b,coords-in-name,test,text__semantic__road__neg-sidewalk+grass+building+tree__t0.3_c0.5_fill25,text,semantic,road,sidewalk+grass+building+tree,positive,0.3,25.0,0.478130967089745,0.21166434056814482,0.21188238860260686,0.21144674085850557,0.2784293807113803,0.1634378433227539,0.33856868743896484,3,0.656501054763794,0.9086179733276367,False,3
finetuned/ft1/seg_head_best.pt,test_crosswalk_42359346N_71053574W_jpeg.rf.c5e2569ece11784900d9f1a6a505611b,coords-in-name,test,text__semantic__road__neg-sidewalk+grass+building+tree__t0.4_c0.5,text,semantic,road,sidewalk+grass+building+tree,positive,0.4,0.0,0.46992241396267664,0.20904192378027905,0.2057877813504823,0.21240063593004768,0.258831002283503,0.16028976440429688,0.33856868743896484,3,0.656501054763794,0.9086179733276367,False,3
finetuned/ft1/seg_head_best.pt,test_crosswalk_42359346N_71053574W_jpeg.rf.c5e2569ece11784900d9f1a6a505611b,coords-in-name,test,text__semantic__road__neg-sidewalk+grass+building+tree__t0.4_c0.5_fill25,text,semantic,road,sidewalk+grass+building+tree,positive,0.4,25.0,0.4700095261378677,0.21158643030684784,0.21077844311377245,0.21240063593004768,0.26195858961197066,0.16031932830810547,0.33856868743896484,3,0.656501054763794,0.9086179733276367,False,3
finetuned/ft1/seg_head_best.pt,test_crosswalk_42359346N_71053574W_jpeg.rf.c5e2569ece11784900d9f1a6a505611b,coords-in-name,test,text__semantic__road__neg-sidewalk+grass+building+tree__t0.5_c0.5,text,semantic,road,sidewalk+grass+building+tree,positive,0.5,0.0,0.46107525188916876,0.22034096906306158,0.23039375203384316,0.2111287758346582,0.27324297520661156,0.15707683563232422,0.33856868743896484,3,0.656501054763794,0.9086179733276367,False,3
finetuned/ft1/seg_head_best.pt,test_crosswalk_42359346N_71053574W_jpeg.rf.c5e2569ece11784900d9f1a6a505611b,coords-in-name,test,text__semantic__road__neg-sidewalk+grass+building+tree__t0.5_c0.5_fill25,text,semantic,road,sidewalk+grass+building+tree,positive,0.5,25.0,0.46108368567830155,0.22095986538759818,0.23175122749590835,0.2111287758346582,0.27400695966463284,0.15707969665527344,0.33856868743896484,3,0.656501054763794,0.9086179733276367,False,3
finetuned/ft1/seg_head_best.pt,test_crosswalk_42359346N_71053574W_jpeg.rf.c5e2569ece11784900d9f1a6a505611b,coords-in-name,test,text__fused__road__t0.3_c0.5,text,fused,road,,positive,0.3,0.0,0.5505899857642685,0.22741406909450576,0.19960343688037013,0.26422893481717014,0.3061540381889873,0.19016265869140625,0.33856868743896484,3,0.656501054763794,0.9086179733276367,False,3
finetuned/ft1/seg_head_best.pt,test_crosswalk_42359346N_71053574W_jpeg.rf.c5e2569ece11784900d9f1a6a505611b,coords-in-name,test,text__fused__road__t0.3_c0.5_fill25,text,fused,road,,positive,0.3,25.0,0.5518917528079832,0.24590411109096705,0.22995617427171952,0.26422893481717014,0.3290006430695255,0.19060802459716797,0.33856868743896484,3,0.656501054763794,0.9086179733276367,False,3
finetuned/ft1/seg_head_best.pt,test_crosswalk_42359346N_71053574W_jpeg.rf.c5e2569ece11784900d9f1a6a505611b,coords-in-name,test,text__fused__road__t0.4_c0.5,text,fused,road,,positive,0.4,0.0,0.5161990432553992,0.2292729254164676,0.21435476075398743,0.246422893481717,0.28624347011160184,0.17709827423095703,0.33856868743896484,3,0.656501054763794,0.9086179733276367,False,3
finetuned/ft1/seg_head_best.pt,test_crosswalk_42359346N_71053574W_jpeg.rf.c5e2569ece11784900d9f1a6a505611b,coords-in-name,test,text__fused__road__t0.4_c0.5_fill25,text,fused,road,,positive,0.4,25.0,0.5171103621160543,0.235678335247817,0.22583160083160084,0.246422893481717,0.29344223677841297,0.17740821838378906,0.33856868743896484,3,0.656501054763794,0.9086179733276367,False,3
finetuned/ft1/seg_head_best.pt,test_crosswalk_42359346N_71053574W_jpeg.rf.c5e2569ece11784900d9f1a6a505611b,coords-in-name,test,text__fused__road__t0.5_c0.5,text,fused,road,,positive,0.5,0.0,0.4914222328311265,0.22638059499282664,0.21978319783197833,0.23338632750397456,0.2756150070865496,0.16791629791259766,0.33856868743896484,3,0.656501054763794,0.9086179733276367,False,3
finetuned/ft1/seg_head_best.pt,test_crosswalk_42359346N_71053574W_jpeg.rf.c5e2569ece11784900d9f1a6a505611b,coords-in-name,test,text__fused__road__t0.5_c0.5_fill25,text,fused,road,,positive,0.5,25.0,0.49175079683792244,0.23188239819643477,0.23039772727272728,0.23338632750397456,0.28231601529036576,0.1680278778076172,0.33856868743896484,3,0.656501054763794,0.9086179733276367,False,3
finetuned/ft1/seg_head_best.pt,test_crosswalk_42359346N_71053574W_jpeg.rf.c5e2569ece11784900d9f1a6a505611b,coords-in-name,test,text__fused__road__neg-sidewalk+grass+building+tree__t0.3_c0.5,text,fused,road,sidewalk+grass+building+tree,positive,0.3,0.0,0.4776633653357445,0.20538448395957362,0.19966015293118097,0.21144674085850557,0.26996841465579985,0.16327762603759766,0.33856868743896484,3,0.656501054763794,0.9086179733276367,False,3
finetuned/ft1/seg_head_best.pt,test_crosswalk_42359346N_71053574W_jpeg.rf.c5e2569ece11784900d9f1a6a505611b,coords-in-name,test,text__fused__road__neg-sidewalk+grass+building+tree__t0.3_c0.5_fill25,text,fused,road,sidewalk+grass+building+tree,positive,0.3,25.0,0.478130967089745,0.21166434056814482,0.21188238860260686,0.21144674085850557,0.2784293807113803,0.1634378433227539,0.33856868743896484,3,0.656501054763794,0.9086179733276367,False,3
finetuned/ft1/seg_head_best.pt,test_crosswalk_42359346N_71053574W_jpeg.rf.c5e2569ece11784900d9f1a6a505611b,coords-in-name,test,text__fused__road__neg-sidewalk+grass+building+tree__t0.4_c0.5,text,fused,road,sidewalk+grass+building+tree,positive,0.4,0.0,0.46992241396267664,0.20904192378027905,0.2057877813504823,0.21240063593004768,0.258831002283503,0.16028976440429688,0.33856868743896484,3,0.656501054763794,0.9086179733276367,False,3
finetuned/ft1/seg_head_best.pt,test_crosswalk_42359346N_71053574W_jpeg.rf.c5e2569ece11784900d9f1a6a505611b,coords-in-name,test,text__fused__road__neg-sidewalk+grass+building+tree__t0.4_c0.5_fill25,text,fused,road,sidewalk+grass+building+tree,positive,0.4,25.0,0.4700095261378677,0.21158643030684784,0.21077844311377245,0.21240063593004768,0.26195858961197066,0.16031932830810547,0.33856868743896484,3,0.656501054763794,0.9086179733276367,False,3
finetuned/ft1/seg_head_best.pt,test_crosswalk_42359346N_71053574W_jpeg.rf.c5e2569ece11784900d9f1a6a505611b,coords-in-name,test,text__fused__road__neg-sidewalk+grass+building+tree__t0.5_c0.5,text,fused,road,sidewalk+grass+building+tree,positive,0.5,0.0,0.46107525188916876,0.22034096906306158,0.23039375203384316,0.2111287758346582,0.27324297520661156,0.15707683563232422,0.33856868743896484,3,0.656501054763794,0.9086179733276367,False,3
finetuned/ft1/seg_head_best.pt,test_crosswalk_42359346N_71053574W_jpeg.rf.c5e2569ece11784900d9f1a6a505611b,coords-in-name,test,text__fused__road__neg-sidewalk+grass+building+tree__t0.5_c0.5_fill25,text,fused,road,sidewalk+grass+building+tree,positive,0.5,25.0,0.46108368567830155,0.22095986538759818,0.23175122749590835,0.2111287758346582,0.27400695966463284,0.15707969665527344,0.33856868743896484,3,0.656501054763794,0.9086179733276367,False,3
finetuned/ft1/seg_head_best.pt,test_crosswalk_33679213N_117712303W_jpeg.rf.4bf7194ab81439d59b2beb89c84e501c,coords-in-name,test,text__semantic__road__t0.3_c0.5,text,semantic,road,,positive,0.3,0.0,0.8733048476393577,0.649723267687337,0.5515405527865881,0.7904324140279196,0.8263194011946573,0.34270286560058594,0.35010528564453125,2,0.8904873132705688,0.9284088015556335,False,0
finetuned/ft1/seg_head_best.pt,test_crosswalk_33679213N_117712303W_jpeg.rf.4bf7194ab81439d59b2beb89c84e501c,coords-in-name,test,text__semantic__road__t0.3_c0.5_fill25,text,semantic,road,,positive,0.3,25.0,0.8762466714613091,0.6730212285264531,0.5886271123720241,0.785665645216207,0.8492522537318434,0.34403419494628906,0.35010528564453125,2,0.8904873132705688,0.9284088015556335,False,0
finetuned/ft1/seg_head_best.pt,test_crosswalk_33679213N_117712303W_jpeg.rf.4bf7194ab81439d59b2beb89c84e501c,coords-in-name,test,text__semantic__road__t0.4_c0.5,text,semantic,road,,positive,0.4,0.0,0.8470562230607702,0.6658868662265183,0.5736350574712644,0.7934967654068777,0.8259815555125687,0.31929969787597656,0.35010528564453125,2,0.8904873132705688,0.9284088015556335,False,0
finetuned/ft1/seg_head_best.pt,test_crosswalk_33679213N_117712303W_jpeg.rf.4bf7194ab81439d59b2beb89c84e501c,coords-in-name,test,text__semantic__road__t0.4_c0.5_fill25,text,semantic,road,,positive,0.4,25.0,0.8484220328772745,0.6774521515825697,0.5979075174373547,0.7814096016343207,0.8358628846331079,0.3200044631958008,0.35010528564453125,2,0.8904873132705688,0.9284088015556335,False,0
finetuned/ft1/seg_head_best.pt,test_crosswalk_33679213N_117712303W_jpeg.rf.4bf7194ab81439d59b2beb89c84e501c,coords-in-name,test,text__semantic__road__t0.5_c0.5,text,semantic,road,,positive,0.5,0.0,0.8177164775536934,0.6129609279062056,0.5320759250360404,0.7228464419475655,0.751573248978781,0.29842662811279297,0.35010528564453125,2,0.8904873132705688,0.9284088015556335,False,0
finetuned/ft1/seg_head_best.pt,test_crosswalk_33679213N_117712303W_jpeg.rf.4bf7194ab81439d59b2beb89c84e501c,coords-in-name,test,text__semantic__road__t0.5_c0.5_fill25,text,semantic,road,,positive,0.5,25.0,0.8206212461810279,0.6463073936687332,0.5845364997975981,0.7226762002042901,0.7825926446850181,0.2994699478149414,0.35010528564453125,2,0.8904873132705688,0.9284088015556335,False,0
finetuned/ft1/seg_head_best.pt,test_crosswalk_33679213N_117712303W_jpeg.rf.4bf7194ab81439d59b2beb89c84e501c,coords-in-name,test,text__semantic__road__neg-sidewalk+grass+building+tree__t0.3_c0.5,text,semantic,road,sidewalk+grass+building+tree,positive,0.3,0.0,0.8443905483821483,0.7006475073448284,0.6367123287671232,0.7788559754851889,0.8472664635961218,0.3149423599243164,0.35010528564453125,2,0.8904873132705688,0.9284088015556335,False,0
finetuned/ft1/seg_head_best.pt,test_crosswalk_33679213N_117712303W_jpeg.rf.4bf7194ab81439d59b2beb89c84e501c,coords-in-name,test,text__semantic__road__neg-sidewalk+grass+building+tree__t0.3_c0.5_fill25,text,semantic,road,sidewalk+grass+building+tree,positive,0.3,25.0,0.8453091278405485,0.7136482937776372,0.6585157804947398,0.7788559754851889,0.8551540982202138,0.315277099609375,0.35010528564453125,2,0.8904873132705688,0.9284088015556335,False,0
finetuned/ft1/seg_head_best.pt,test_crosswalk_33679213N_117712303W_jpeg.rf.4bf7194ab81439d59b2beb89c84e501c,coords-in-name,test,text__semantic__road__neg-sidewalk+grass+building+tree__t0.4_c0.5,text,semantic,road,sidewalk+grass+building+tree,positive,0.4,0.0,0.8323265293082471,0.6875840951252766,0.6250345399281569,0.7640449438202247,0.829771615896492,0.30625343322753906,0.35010528564453125,2,0.8904873132705688,0.9284088015556335,False,0
finetuned/ft1/seg_head_best.pt,test_crosswalk_33679213N_117712303W_jpeg.rf.4bf7194ab81439d59b2beb89c84e501c,coords-in-name,test,text__semantic__road__neg-sidewalk+grass+building+tree__t0.4_c0.5_fill25,text,semantic,road,sidewalk+grass+building+tree,positive,0.4,25.0,0.8338893163405757,0.7043829734850865,0.6553688823959094,0.7613210759278175,0.8408856902164303,0.30681324005126953,0.35010528564453125,2,0.8904873132705688,0.9284088015556335,False,0
finetuned/ft1/seg_head_best.pt,test_crosswalk_33679213N_117712303W_jpeg.rf.4bf7194ab81439d59b2beb89c84e501c,coords-in-name,test,text__semantic__road__neg-sidewalk+grass+building+tree__t0.5_c0.5,text,semantic,road,sidewalk+grass+building+tree,positive,0.5,0.0,0.8088275463148931,0.6129644051540454,0.536597428288823,0.7146748382703438,0.7559043387658368,0.29405975341796875,0.35010528564453125,2,0.8904873132705688,0.9284088015556335,False,0
finetuned/ft1/seg_head_best.pt,test_crosswalk_33679213N_117712303W_jpeg.rf.4bf7194ab81439d59b2beb89c84e501c,coords-in-name,test,text__semantic__road__neg-sidewalk+grass+building+tree__t0.5_c0.5_fill25,text,semantic,road,sidewalk+grass+building+tree,positive,0.5,25.0,0.8115423136043017,0.6440800815652605,0.5862926627055409,0.7145045965270684,0.7838400764842461,0.29503345489501953,0.35010528564453125,2,0.8904873132705688,0.9284088015556335,False,0
finetuned/ft1/seg_head_best.pt,test_crosswalk_33679213N_117712303W_jpeg.rf.4bf7194ab81439d59b2beb89c84e501c,coords-in-name,test,text__fused__road__t0.3_c0.5,text,fused,road,,positive,0.3,0.0,0.8791223232921895,0.672284749758892,0.5806490240689738,0.7982635342185904,0.839671403569006,0.34534358978271484,0.35010528564453125,2,0.8904873132705688,0.9284088015556335,False,0
finetuned/ft1/seg_head_best.pt,test_crosswalk_33679213N_117712303W_jpeg.rf.4bf7194ab81439d59b2beb89c84e501c,coords-in-name,test,text__fused__road__t0.3_c0.5_fill25,text,fused,road,,positive,0.3,25.0,0.8795819745186834,0.682792421840545,0.5991958788792562,0.7934967654068777,0.8476373909690702,0.34575748443603516,0.35010528564453125,2,0.8904873132705688,0.9284088015556335,False,0
finetuned/ft1/seg_head_best.pt,test_crosswalk_33679213N_117712303W_jpeg.rf.4bf7194ab81439d59b2beb89c84e501c,coords-in-name,test,text__fused__road__t0.4_c0.5,text,fused,road,,positive,0.4,0.0,0.8575807971033561,0.689747669022726,0.597254004576659,0.8161389172625128,0.8315758795621007,0.3231210708618164,0.35010528564453125,2,0.8904873132705688,0.9284088015556335,False,0
finetuned/ft1/seg_head_best.pt,test_crosswalk_33679213N_117712303W_jpeg.rf.4bf7194ab81439d59b2beb89c84e501c,coords-in-name,test,text__fused__road__t0.4_c0.5_fill25,text,fused,road,,positive,0.4,25.0,0.8596588143997685,0.707416017919774,0.6315165876777251,0.8040517534899557,0.847148693612904,0.3240852355957031,0.35010528564453125,2,0.8904873132705688,0.9284088015556335,False,0
finetuned/ft1/seg_head_best.pt,test_crosswalk_33679213N_117712303W_jpeg.rf.4bf7194ab81439d59b2beb89c84e501c,coords-in-name,test,text__fused__road__t0.5_c0.5,text,fused,road,,positive,0.5,0.0,0.8177164775536934,0.6129609279062056,0.5320759250360404,0.7228464419475655,0.751573248978781,0.29842662811279297,0.35010528564453125,2,0.8904873132705688,0.9284088015556335,False,0
finetuned/ft1/seg_head_best.pt,test_crosswalk_33679213N_117712303W_jpeg.rf.4bf7194ab81439d59b2beb89c84e501c,coords-in-name,test,text__fused__road__t0.5_c0.5_fill25,text,fused,road,,positive,0.5,25.0,0.8206212461810279,0.6463073936687332,0.5845364997975981,0.7226762002042901,0.7825926446850181,0.2994699478149414,0.35010528564453125,2,0.8904873132705688,0.9284088015556335,False,0
finetuned/ft1/seg_head_best.pt,test_crosswalk_33679213N_117712303W_jpeg.rf.4bf7194ab81439d59b2beb89c84e501c,coords-in-name,test,text__fused__road__neg-sidewalk+grass+building+tree__t0.3_c0.5,text,fused,road,sidewalk+grass+building+tree,positive,0.3,0.0,0.8482726349850898,0.7128085228162444,0.6534954407294833,0.7839632277834525,0.8542708481397814,0.31664180755615234,0.35010528564453125,2,0.8904873132705688,0.9284088015556335,False,0
finetuned/ft1/seg_head_best.pt,test_crosswalk_33679213N_117712303W_jpeg.rf.4bf7194ab81439d59b2beb89c84e501c,coords-in-name,test,text__fused__road__neg-sidewalk+grass+building+tree__t0.3_c0.5_fill25,text,fused,road,sidewalk+grass+building+tree,positive,0.3,25.0,0.8491537700982906,0.7241146782681287,0.6727558156129585,0.7839632277834525,0.8618393456574929,0.31696319580078125,0.35010528564453125,2,0.8904873132705688,0.9284088015556335,False,0
finetuned/ft1/seg_head_best.pt,test_crosswalk_33679213N_117712303W_jpeg.rf.4bf7194ab81439d59b2beb89c84e501c,coords-in-name,test,text__fused__road__neg-sidewalk+grass+building+tree__t0.4_c0.5,text,fused,road,sidewalk+grass+building+tree,positive,0.4,0.0,0.8442048373999973,0.7076334340395416,0.6336620469083155,0.801157643854273,0.8439195564004924,0.3105154037475586,0.35010528564453125,2,0.8904873132705688,0.9284088015556335,False,0
finetuned/ft1/seg_head_best.pt,test_crosswalk_33679213N_117712303W_jpeg.rf.4bf7194ab81439d59b2beb89c84e501c,coords-in-name,test,text__fused__road__neg-sidewalk+grass+building+tree__t0.4_c0.5_fill25,text,fused,road,sidewalk+grass+building+tree,positive,0.4,25.0,0.8457649454893974,0.7248104806980937,0.663618458075408,0.7984337759618658,0.8548692708646215,0.31107425689697266,0.35010528564453125,2,0.8904873132705688,0.9284088015556335,False,0
finetuned/ft1/seg_head_best.pt,test_crosswalk_33679213N_117712303W_jpeg.rf.4bf7194ab81439d59b2beb89c84e501c,coords-in-name,test,text__fused__road__neg-sidewalk+grass+building+tree__t0.5_c0.5,text,fused,road,sidewalk+grass+building+tree,positive,0.5,0.0,0.808739174446069,0.6130942916671084,0.5367965367965368,0.7146748382703438,0.7560595556855836,0.29402828216552734,0.35010528564453125,2,0.8904873132705688,0.9284088015556335,False,0
finetuned/ft1/seg_head_best.pt,test_crosswalk_33679213N_117712303W_jpeg.rf.4bf7194ab81439d59b2beb89c84e501c,coords-in-name,test,text__fused__road__neg-sidewalk+grass+building+tree__t0.5_c0.5_fill25,text,fused,road,sidewalk+grass+building+tree,positive,0.5,25.0,0.8114539426820843,0.6441778666543241,0.5864547339322737,0.7145045965270684,0.783956414321384,0.2950019836425781,0.35010528564453125,2,0.8904873132705688,0.9284088015556335,False,0
finetuned/ft1/seg_head_best.pt,test_crosswalk_42313874N_71098428W_jpeg.rf.54e6ca947a36a1ea572d8a711eaf3941,coords-in-name,test,text__semantic__road__t0.3_c0.5,text,semantic,road,,positive,0.3,0.0,0.5404259921576967,0.434696630656355,0.33931924882629105,0.6046560846560847,0.5365658441945763,0.3475618362426758,0.45381736755371094,1,0.7248796224594116,0.8643104434013367,False,4
finetuned/ft1/seg_head_best.pt,test_crosswalk_42313874N_71098428W_jpeg.rf.54e6ca947a36a1ea572d8a711eaf3941,coords-in-name,test,text__semantic__road__t0.3_c0.5_fill25,text,semantic,road,,positive,0.3,25.0,0.5410235685051897,0.44138935324492,0.3488888888888889,0.6006349206349206,0.5379076939872813,0.34801673889160156,0.45381736755371094,1,0.7248796224594116,0.8643104434013367,False,4
finetuned/ft1/seg_head_best.pt,test_crosswalk_42313874N_71098428W_jpeg.rf.54e6ca947a36a1ea572d8a711eaf3941,coords-in-name,test,text__semantic__road__t0.4_c0.5,text,semantic,road,,positive,0.4,0.0,0.5284258379445904,0.45707401097504724,0.35705882352941176,0.6349206349206349,0.5532384309496172,0.32853126525878906,0.45381736755371094,1,0.7248796224594116,0.8643104434013367,False,4
finetuned/ft1/seg_head_best.pt,test_crosswalk_42313874N_71098428W_jpeg.rf.54e6ca947a36a1ea572d8a711eaf3941,coords-in-name,test,text__semantic__road__t0.4_c0.5_fill25,text,semantic,road,,positive,0.4,25.0,0.5289953878594154,0.4695480052893422,0.3745911949685535,0.628994708994709,0.5605940908645347,0.32898902893066406,0.45381736755371094,1,0.7248796224594116,0.8643104434013367,False,4
finetuned/ft1/seg_head_best.pt,test_crosswalk_42313874N_71098428W_jpeg.rf.54e6ca947a36a1ea572d8a711eaf3941,coords-in-name,test,text__semantic__road__t0.5_c0.5,text,semantic,road,,positive,0.5,0.0,0.5182687757402061,0.48579413614536776,0.379194266478445,0.6757671957671958,0.5831290382311038,0.3080434799194336,0.45381736755371094,1,0.7248796224594116,0.8643104434013367,False,4
finetuned/ft1/seg_head_best.pt,test_crosswalk_42313874N_71098428W_jpeg.rf.54e6ca947a36a1ea572d8a711eaf3941,coords-in-name,test,text__semantic__road__t0.5_c0.5_fill25,text,semantic,road,,positive,0.5,25.0,0.5215863635067983,0.5170176550750888,0.41907294832826747,0.6747089947089947,0.5952864809635267,0.3098011016845703,0.45381736755371094,1,0.7248796224594116,0.8643104434013367,False,4
finetuned/ft1/seg_head_best.pt,test_crosswalk_42313874N_71098428W_jpeg.rf.54e6ca947a36a1ea572d8a711eaf3941,coords-in-name,test,text__semantic__road__neg-sidewalk+grass+building+tree__t0.3_c0.5,text,semantic,road,sidewalk+grass+building+tree,positive,0.3,0.0,0.5280498763903753,0.4612355932213042,0.37121687806103226,0.6088888888888889,0.5655605769639264,0.3278083801269531,0.45381736755371094,1,0.7248796224594116,0.8643104434013367,False,4
finetuned/ft1/seg_head_best.pt,test_crosswalk_42313874N_71098428W_jpeg.rf.54e6ca947a36a1ea572d8a711eaf3941,coords-in-name,test,text__semantic__road__neg-sidewalk+grass+building+tree__t0.3_c0.5_fill25,text,semantic,road,sidewalk+grass+building+tree,positive,0.3,25.0,0.528402715387569,0.46216878474859685,0.37394789579158316,0.6048677248677249,0.5580956332629543,0.32818126678466797,0.45381736755371094,1,0.7248796224594116,0.8643104434013367,False,4
finetuned/ft1/seg_head_best.pt,test_crosswalk_42313874N_71098428W_jpeg.rf.54e6ca947a36a1ea572d8a711eaf3941,coords-in-name,test,text__semantic__road__neg-sidewalk+grass+building+tree__t0.4_c0.5,text,semantic,road,sidewalk+grass+building+tree,positive,0.4,0.0,0.5217932471204937,0.4762099931476096,0.3786535697172976,0.6414814814814814,0.5712653639213306,0.3180713653564453,0.45381736755371094,1,0.7248796224594116,0.8643104434013367,False,4
finetuned/ft1/seg_head_best.pt,test_crosswalk_42313874N_71098428W_jpeg.rf.54e6ca947a36a1ea572d8a711eaf3941,coords-in-name,test,text__semantic__road__neg-sidewalk+grass+building+tree__t0.4_c0.5_fill25,text,semantic,road,sidewalk+grass+building+tree,positive,0.4,25.0,0.5225955248793251,0.48472566999341404,0.39008480104370513,0.64,0.5718247349413318,0.31869029998779297,0.45381736755371094,1,0.7248796224594116,0.8643104434013367,False,4
finetuned/ft1/seg_head_best.pt,test_crosswalk_42313874N_71098428W_jpeg.rf.54e6ca947a36a1ea572d8a711eaf3941,coords-in-name,test,text__semantic__road__neg-sidewalk+grass+building+tree__t0.5_c0.5,text,semantic,road,sidewalk+grass+building+tree,positive,0.5,0.0,0.5143752479477555,0.4838929196253988,0.3790225151015925,0.668994708994709,0.5815209008175227,0.3033933639526367,0.45381736755371094,1,0.7248796224594116,0.8643104434013367,False,4
finetuned/ft1/seg_head_best.pt,test_crosswalk_42313874N_71098428W_jpeg.rf.54e6ca947a36a1ea572d8a711eaf3941,coords-in-name,test,text__semantic__road__neg-sidewalk+grass+building+tree__t0.5_c0.5_fill25,text,semantic,road,sidewalk+grass+building+tree,positive,0.5,25.0,0.5178489357766323,0.5168072473048336,0.4214489742923916,0.6679365079365079,0.5938995539053349,0.30523014068603516,0.45381736755371094,1,0.7248796224594116,0.8643104434013367,False,4
finetuned/ft1/seg_head_best.pt,test_crosswalk_42313874N_71098428W_jpeg.rf.54e6ca947a36a1ea572d8a711eaf3941,coords-in-name,test,text__fused__road__t0.3_c0.5,text,fused,road,,positive,0.3,0.0,0.5404259921576967,0.434696630656355,0.33931924882629105,0.6046560846560847,0.5365658441945763,0.3475618362426758,0.45381736755371094,1,0.7248796224594116,0.8643104434013367,False,4
finetuned/ft1/seg_head_best.pt,test_crosswalk_42313874N_71098428W_jpeg.rf.54e6ca947a36a1ea572d8a711eaf3941,coords-in-name,test,text__fused__road__t0.3_c0.5_fill25,text,fused,road,,positive,0.3,25.0,0.5410235685051897,0.44138935324492,0.3488888888888889,0.6006349206349206,0.5379076939872813,0.34801673889160156,0.45381736755371094,1,0.7248796224594116,0.8643104434013367,False,4
finetuned/ft1/seg_head_best.pt,test_crosswalk_42313874N_71098428W_jpeg.rf.54e6ca947a36a1ea572d8a711eaf3941,coords-in-name,test,text__fused__road__t0.4_c0.5,text,fused,road,,positive,0.4,0.0,0.5284258379445904,0.45707401097504724,0.35705882352941176,0.6349206349206349,0.5532384309496172,0.32853126525878906,0.45381736755371094,1,0.7248796224594116,0.8643104434013367,False,4
finetuned/ft1/seg_head_best.pt,test_crosswalk_42313874N_71098428W_jpeg.rf.54e6ca947a36a1ea572d8a711eaf3941,coords-in-name,test,text__fused__road__t0.4_c0.5_fill25,text,fused,road,,positive,0.4,25.0,0.5289953878594154,0.4695480052893422,0.3745911949685535,0.628994708994709,0.5605940908645347,0.32898902893066406,0.45381736755371094,1,0.7248796224594116,0.8643104434013367,False,4
finetuned/ft1/seg_head_best.pt,test_crosswalk_42313874N_71098428W_jpeg.rf.54e6ca947a36a1ea572d8a711eaf3941,coords-in-name,test,text__fused__road__t0.5_c0.5,text,fused,road,,positive,0.5,0.0,0.5182687757402061,0.48579413614536776,0.379194266478445,0.6757671957671958,0.5831290382311038,0.3080434799194336,0.45381736755371094,1,0.7248796224594116,0.8643104434013367,False,4
finetuned/ft1/seg_head_best.pt,test_crosswalk_42313874N_71098428W_jpeg.rf.54e6ca947a36a1ea572d8a711eaf3941,coords-in-name,test,text__fused__road__t0.5_c0.5_fill25,text,fused,road,,positive,0.5,25.0,0.5215863635067983,0.5170176550750888,0.41907294832826747,0.6747089947089947,0.5952864809635267,0.3098011016845703,0.45381736755371094,1,0.7248796224594116,0.8643104434013367,False,4
finetuned/ft1/seg_head_best.pt,test_crosswalk_42313874N_71098428W_jpeg.rf.54e6ca947a36a1ea572d8a711eaf3941,coords-in-name,test,text__fused__road__neg-sidewalk+grass+building+tree__t0.3_c0.5,text,fused,road,sidewalk+grass+building+tree,positive,0.3,0.0,0.5280498763903753,0.4612355932213042,0.37121687806103226,0.6088888888888889,0.5655605769639264,0.3278083801269531,0.45381736755371094,1,0.7248796224594116,0.8643104434013367,False,4
finetuned/ft1/seg_head_best.pt,test_crosswalk_42313874N_71098428W_jpeg.rf.54e6ca947a36a1ea572d8a711eaf3941,coords-in-name,test,text__fused__road__neg-sidewalk+grass+building+tree__t0.3_c0.5_fill25,text,fused,road,sidewalk+grass+building+tree,positive,0.3,25.0,0.528402715387569,0.46216878474859685,0.37394789579158316,0.6048677248677249,0.5580956332629543,0.32818126678466797,0.45381736755371094,1,0.7248796224594116,0.8643104434013367,False,4
finetuned/ft1/seg_head_best.pt,test_crosswalk_42313874N_71098428W_jpeg.rf.54e6ca947a36a1ea572d8a711eaf3941,coords-in-name,test,text__fused__road__neg-sidewalk+grass+building+tree__t0.4_c0.5,text,fused,road,sidewalk+grass+building+tree,positive,0.4,0.0,0.5217932471204937,0.4762099931476096,0.3786535697172976,0.6414814814814814,0.5712653639213306,0.3180713653564453,0.45381736755371094,1,0.7248796224594116,0.8643104434013367,False,4
finetuned/ft1/seg_head_best.pt,test_crosswalk_42313874N_71098428W_jpeg.rf.54e6ca947a36a1ea572d8a711eaf3941,coords-in-name,test,text__fused__road__neg-sidewalk+grass+building+tree__t0.4_c0.5_fill25,text,fused,road,sidewalk+grass+building+tree,positive,0.4,25.0,0.5225955248793251,0.48472566999341404,0.39008480104370513,0.64,0.5718247349413318,0.31869029998779297,0.45381736755371094,1,0.7248796224594116,0.8643104434013367,False,4
finetuned/ft1/seg_head_best.pt,test_crosswalk_42313874N_71098428W_jpeg.rf.54e6ca947a36a1ea572d8a711eaf3941,coords-in-name,test,text__fused__road__neg-sidewalk+grass+building+tree__t0.5_c0.5,text,fused,road,sidewalk+grass+building+tree,positive,0.5,0.0,0.5143752479477555,0.4838929196253988,0.3790225151015925,0.668994708994709,0.5815209008175227,0.3033933639526367,0.45381736755371094,1,0.7248796224594116,0.8643104434013367,False,4
finetuned/ft1/seg_head_best.pt,test_crosswalk_42313874N_71098428W_jpeg.rf.54e6ca947a36a1ea572d8a711eaf3941,coords-in-name,test,text__fused__road__neg-sidewalk+grass+building+tree__t0.5_c0.5_fill25,text,fused,road,sidewalk+grass+building+tree,positive,0.5,25.0,0.5178489357766323,0.5168072473048336,0.4214489742923916,0.6679365079365079,0.5938995539053349,0.30523014068603516,0.45381736755371094,1,0.7248796224594116,0.8643104434013367,False,4
finetuned/ft1/seg_head_best.pt,test_crosswalk_32634344N_97115342W_jpeg.rf.331facec38d598a0be4c9fc08aaddbfc,coords-in-name,test,text__semantic__road__t0.3_c0.5,text,semantic,road,,positive,0.3,0.0,0.9311550753819295,0.6757180027462445,0.6306695464362851,0.7276970954356846,0.8573169023507079,0.5091552734375,0.48141956329345703,1,0.665437638759613,0.7866228222846985,False,2
finetuned/ft1/seg_head_best.pt,test_crosswalk_32634344N_97115342W_jpeg.rf.331facec38d598a0be4c9fc08aaddbfc,coords-in-name,test,text__semantic__road__t0.3_c0.5_fill25,text,semantic,road,,positive,0.3,25.0,0.9309654501958262,0.6771403279954828,0.6456354590682949,0.7118775933609959,0.8601076549601333,0.5092716217041016,0.48141956329345703,1,0.665437638759613,0.7866228222846985,False,2
finetuned/ft1/seg_head_best.pt,test_crosswalk_32634344N_97115342W_jpeg.rf.331facec38d598a0be4c9fc08aaddbfc,coords-in-name,test,text__semantic__road__t0.4_c0.5,text,semantic,road,,positive,0.4,0.0,0.943385531606155,0.7667408557070144,0.7248293515358362,0.8137966804979253,0.8677022461918393,0.4994955062866211,0.48141956329345703,1,0.665437638759613,0.7866228222846985,False,2
finetuned/ft1/seg_head_best.pt,test_crosswalk_32634344N_97115342W_jpeg.rf.331facec38d598a0be4c9fc08aaddbfc,coords-in-name,test,text__semantic__road__t0.4_c0.5_fill25,text,semantic,road,,positive,0.4,25.0,0.9411521881320438,0.7894406399700662,0.783585619678335,0.7953838174273858,0.8659185046199597,0.5006952285766602,0.48141956329345703,1,0.665437638759613,0.7866228222846985,False,2
finetuned/ft1/seg_head_best.pt,test_crosswalk_32634344N_97115342W_jpeg.rf.331facec38d598a0be4c9fc08aaddbfc,coords-in-name,test,text__semantic__road__t0.5_c0.5,text,semantic,road,,positive,0.5,0.0,0.951064021003157,0.8114536392886764,0.7592475163813147,0.8713692946058091,0.9006569147988834,0.49165821075439453,0.48141956329345703,1,0.665437638759613,0.7866228222846985,False,2
finetuned/ft1/seg_head_best.pt,test_crosswalk_32634344N_97115342W_jpeg.rf.331facec38d598a0be4c9fc08aaddbfc,coords-in-name,test,text__semantic__road__t0.5_c0.5_fill25,text,semantic,road,,positive,0.5,25.0,0.9453807704734212,0.8117802243799809,0.8189655172413793,0.8047199170124482,0.8655181662944266,0.4947624206542969,0.48141956329345703,1,0.665437638759613,0.7866228222846985,False,2
finetuned/ft1/seg_head_best.pt,test_crosswalk_32634344N_97115342W_jpeg.rf.331facec38d598a0be4c9fc08aaddbfc,coords-in-name,test,text__semantic__road__neg-sidewalk+grass+building+tree__t0.3_c0.5,text,semantic,road,sidewalk+grass+building+tree,positive,0.3,0.0,0.945446561468141,0.8084591697371557,0.8178580513864157,0.7992738589211619,0.8500085563569465,0.49457836151123047,0.48141956329345703,1,0.665437638759613,0.7866228222846985,False,2
finetuned/ft1/seg_head_best.pt,test_crosswalk_32634344N_97115342W_jpeg.rf.331facec38d598a0be4c9fc08aaddbfc,coords-in-name,test,text__semantic__road__neg-sidewalk+grass+building+tree__t0.3_c0.5_fill25,text,semantic,road,sidewalk+grass+building+tree,positive,0.3,25.0,0.9453549108161124,0.8155343657401211,0.8324702226825479,0.7992738589211619,0.8574059326666867,0.4946269989013672,0.48141956329345703,1,0.665437638759613,0.7866228222846985,False,2
finetuned/ft1/seg_head_best.pt,test_crosswalk_32634344N_97115342W_jpeg.rf.331facec38d598a0be4c9fc08aaddbfc,coords-in-name,test,text__semantic__road__neg-sidewalk+grass+building+tree__t0.4_c0.5,text,semantic,road,sidewalk+grass+building+tree,positive,0.4,0.0,0.9480361696486982,0.7865282724976485,0.7598975314392176,0.8150933609958506,0.8541030162179583,0.4926338195800781,0.48141956329345703,1,0.665437638759613,0.7866228222846985,False,2
finetuned/ft1/seg_head_best.pt,test_crosswalk_32634344N_97115342W_jpeg.rf.331facec38d598a0be4c9fc08aaddbfc,coords-in-name,test,text__semantic__road__neg-sidewalk+grass+building+tree__t0.4_c0.5_fill25,text,semantic,road,sidewalk+grass+building+tree,positive,0.4,25.0,0.945786731715485,0.812728853541799,0.8263673890608875,0.7995331950207469,0.8542818386688599,0.4938230514526367,0.48141956329345703,1,0.665437638759613,0.7866228222846985,False,2
finetuned/ft1/seg_head_best.pt,test_crosswalk_32634344N_97115342W_jpeg.rf.331facec38d598a0be4c9fc08aaddbfc,coords-in-name,test,text__semantic__road__neg-sidewalk+grass+building+tree__t0.5_c0.5,text,semantic,road,sidewalk+grass+building+tree,positive,0.5,0.0,0.9528507888263354,0.8086948960547965,0.7579659537319947,0.866701244813278,0.8905445414892558,0.4891691207885742,0.48141956329345703,1,0.665437638759613,0.7866228222846985,False,2
finetuned/ft1/seg_head_best.pt,test_crosswalk_32634344N_97115342W_jpeg.rf.331facec38d598a0be4c9fc08aaddbfc,coords-in-name,test,text__semantic__road__neg-sidewalk+grass+building+tree__t0.5_c0.5_fill25,text,semantic,road,sidewalk+grass+building+tree,positive,0.5,25.0,0.9471369587397851,0.8097758899082524,0.8197391971362823,0.8000518672199171,0.85525797313096,0.49227333068847656,0.48141956329345703,1,0.665437638759613,0.7866228222846985,False,2
finetuned/ft1/seg_head_best.pt,test_crosswalk_32634344N_97115342W_jpeg.rf.331facec38d598a0be4c9fc08aaddbfc,coords-in-name,test,text__fused__road__t0.3_c0.5,text,fused,road,,positive,0.3,0.0,0.9311550753819295,0.6757180027462445,0.6306695464362851,0.7276970954356846,0.8573169023507079,0.5091552734375,0.48141956329345703,1,0.665437638759613,0.7866228222846985,False,2
finetuned/ft1/seg_head_best.pt,test_crosswalk_32634344N_97115342W_jpeg.rf.331facec38d598a0be4c9fc08aaddbfc,coords-in-name,test,text__fused__road__t0.3_c0.5_fill25,text,fused,road,,positive,0.3,25.0,0.9309654501958262,0.6771403279954828,0.6456354590682949,0.7118775933609959,0.8601076549601333,0.5092716217041016,0.48141956329345703,1,0.665437638759613,0.7866228222846985,False,2
finetuned/ft1/seg_head_best.pt,test_crosswalk_32634344N_97115342W_jpeg.rf.331facec38d598a0be4c9fc08aaddbfc,coords-in-name,test,text__fused__road__t0.4_c0.5,text,fused,road,,positive,0.4,0.0,0.943385531606155,0.7667408557070144,0.7248293515358362,0.8137966804979253,0.8677022461918393,0.4994955062866211,0.48141956329345703,1,0.665437638759613,0.7866228222846985,False,2
finetuned/ft1/seg_head_best.pt,test_crosswalk_32634344N_97115342W_jpeg.rf.331facec38d598a0be4c9fc08aaddbfc,coords-in-name,test,text__fused__road__t0.4_c0.5_fill25,text,fused,road,,positive,0.4,25.0,0.9411521881320438,0.7894406399700662,0.783585619678335,0.7953838174273858,0.8659185046199597,0.5006952285766602,0.48141956329345703,1,0.665437638759613,0.7866228222846985,False,2
finetuned/ft1/seg_head_best.pt,test_crosswalk_32634344N_97115342W_jpeg.rf.331facec38d598a0be4c9fc08aaddbfc,coords-in-name,test,text__fused__road__t0.5_c0.5,text,fused,road,,positive,0.5,0.0,0.951064021003157,0.8114536392886764,0.7592475163813147,0.8713692946058091,0.9006569147988834,0.49165821075439453,0.48141956329345703,1,0.665437638759613,0.7866228222846985,False,2
finetuned/ft1/seg_head_best.pt,test_crosswalk_32634344N_97115342W_jpeg.rf.331facec38d598a0be4c9fc08aaddbfc,coords-in-name,test,text__fused__road__t0.5_c0.5_fill25,text,fused,road,,positive,0.5,25.0,0.9453807704734212,0.8117802243799809,0.8189655172413793,0.8047199170124482,0.8655181662944266,0.4947624206542969,0.48141956329345703,1,0.665437638759613,0.7866228222846985,False,2
finetuned/ft1/seg_head_best.pt,test_crosswalk_32634344N_97115342W_jpeg.rf.331facec38d598a0be4c9fc08aaddbfc,coords-in-name,test,text__fused__road__neg-sidewalk+grass+building+tree__t0.3_c0.5,text,fused,road,sidewalk+grass+building+tree,positive,0.3,0.0,0.9454483587173892,0.8084591697371557,0.8178580513864157,0.7992738589211619,0.8500085563569465,0.49457740783691406,0.48141956329345703,1,0.665437638759613,0.7866228222846985,False,2
finetuned/ft1/seg_head_best.pt,test_crosswalk_32634344N_97115342W_jpeg.rf.331facec38d598a0be4c9fc08aaddbfc,coords-in-name,test,text__fused__road__neg-sidewalk+grass+building+tree__t0.3_c0.5_fill25,text,fused,road,sidewalk+grass+building+tree,positive,0.3,25.0,0.9453567077169299,0.8155343657401211,0.8324702226825479,0.7992738589211619,0.8574059326666867,0.4946260452270508,0.48141956329345703,1,0.665437638759613,0.7866228222846985,False,2
finetuned/ft1/seg_head_best.pt,test_crosswalk_32634344N_97115342W_jpeg.rf.331facec38d598a0be4c9fc08aaddbfc,coords-in-name,test,text__fused__road__neg-sidewalk+grass+building+tree__t0.4_c0.5,text,fused,road,sidewalk+grass+building+tree,positive,0.4,0.0,0.9480379778221115,0.7865282724976485,0.7598975314392176,0.8150933609958506,0.8541030162179583,0.4926328659057617,0.48141956329345703,1,0.665437638759613,0.7866228222846985,False,2
finetuned/ft1/seg_head_best.pt,test_crosswalk_32634344N_97115342W_jpeg.rf.331facec38d598a0be4c9fc08aaddbfc,coords-in-name,test,text__fused__road__neg-sidewalk+grass+building+tree__t0.4_c0.5_fill25,text,fused,road,sidewalk+grass+building+tree,positive,0.4,25.0,0.9457885313184398,0.812728853541799,0.8263673890608875,0.7995331950207469,0.8542818386688599,0.4938220977783203,0.48141956329345703,1,0.665437638759613,0.7866228222846985,False,2
finetuned/ft1/seg_head_best.pt,test_crosswalk_32634344N_97115342W_jpeg.rf.331facec38d598a0be4c9fc08aaddbfc,coords-in-name,test,text__fused__road__neg-sidewalk+grass+building+tree__t0.5_c0.5,text,fused,road,sidewalk+grass+building+tree,positive,0.5,0.0,0.9528507888263354,0.8086948960547965,0.7579659537319947,0.866701244813278,0.8905445414892558,0.4891691207885742,0.48141956329345703,1,0.665437638759613,0.7866228222846985,False,2
finetuned/ft1/seg_head_best.pt,test_crosswalk_32634344N_97115342W_jpeg.rf.331facec38d598a0be4c9fc08aaddbfc,coords-in-name,test,text__fused__road__neg-sidewalk+grass+building+tree__t0.5_c0.5_fill25,text,fused,road,sidewalk+grass+building+tree,positive,0.5,25.0,0.9471369587397851,0.8097758899082524,0.8197391971362823,0.8000518672199171,0.85525797313096,0.49227333068847656,0.48141956329345703,1,0.665437638759613,0.7866228222846985,False,2
finetuned/ft1/seg_head_best.pt,test_crosswalk_33646599N_117805931W_jpeg.rf.f1f2fbc8b9fca764c81e52c1c4c982f5,coords-in-name,test,text__semantic__road__t0.3_c0.5,text,semantic,road,,positive,0.3,0.0,0.7765027851628766,0.5206939572240878,0.3980754996299038,0.7524785194976867,0.6421117163135366,0.2719573974609375,0.2703390121459961,2,0.8508808016777039,0.9196425676345825,False,0
finetuned/ft1/seg_head_best.pt,test_crosswalk_33646599N_117805931W_jpeg.rf.f1f2fbc8b9fca764c81e52c1c4c982f5,coords-in-name,test,text__semantic__road__t0.3_c0.5_fill25,text,semantic,road,,positive,0.3,25.0,0.774618572353029,0.5205875036542614,0.4056618693658074,0.7263714474553866,0.6280982086561583,0.27364158630371094,0.2703390121459961,2,0.8508808016777039,0.9196425676345825,False,0
finetuned/ft1/seg_head_best.pt,test_crosswalk_33646599N_117805931W_jpeg.rf.f1f2fbc8b9fca764c81e52c1c4c982f5,coords-in-name,test,text__semantic__road__t0.4_c0.5,text,semantic,road,,positive,0.4,0.0,0.780751243173002,0.5402513199889543,0.42924991811333113,0.7286847323198943,0.6890812326443739,0.2576456069946289,0.2703390121459961,2,0.8508808016777039,0.9196425676345825,False,0
finetuned/ft1/seg_head_best.pt,test_crosswalk_33646599N_117805931W_jpeg.rf.f1f2fbc8b9fca764c81e52c1c4c982f5,coords-in-name,test,text__semantic__road__t0.4_c0.5_fill25,text,semantic,road,,positive,0.4,25.0,0.7806997513981843,0.5436097253796277,0.43350575671616887,0.7286847323198943,0.6941529589242978,0.25769996643066406,0.2703390121459961,2,0.8508808016777039,0.9196425676345825,False,0
finetuned/ft1/seg_head_best.pt,test_crosswalk_33646599N_117805931W_jpeg.rf.f1f2fbc8b9fca764c81e52c1c4c982f5,coords-in-name,test,text__semantic__road__t0.5_c0.5,text,semantic,road,,positive,0.5,0.0,0.7860976671194398,0.4945717157038256,0.3919944789510007,0.6698612029081296,0.6758628885838489,0.24631595611572266,0.2703390121459961,2,0.8508808016777039,0.9196425676345825,False,0
finetuned/ft1/seg_head_best.pt,test_crosswalk_33646599N_117805931W_jpeg.rf.f1f2fbc8b9fca764c81e52c1c4c982f5,coords-in-name,test,text__semantic__road__t0.5_c0.5_fill25,text,semantic,road,,positive,0.5,25.0,0.7858232536071197,0.5017999674836016,0.40246957766642805,0.666226040978189,0.6858613445240742,0.24654483795166016,0.2703390121459961,2,0.8508808016777039,0.9196425676345825,False,0
finetuned/ft1/seg_head_best.pt,test_crosswalk_33646599N_117805931W_jpeg.rf.f1f2fbc8b9fca764c81e52c1c4c982f5,coords-in-name,test,text__semantic__road__neg-sidewalk+grass+building+tree__t0.3_c0.5,text,semantic,road,sidewalk+grass+building+tree,positive,0.3,0.0,0.7686654230530074,0.3692065714906578,0.2687569988801792,0.5895571711830799,0.5837179916696567,0.25591087341308594,0.2703390121459961,2,0.8508808016777039,0.9196425676345825,False,0
finetuned/ft1/seg_head_best.pt,test_crosswalk_33646599N_117805931W_jpeg.rf.f1f2fbc8b9fca764c81e52c1c4c982f5,coords-in-name,test,text__semantic__road__neg-sidewalk+grass+building+tree__t0.3_c0.5_fill25,text,semantic,road,sidewalk+grass+building+tree,positive,0.3,25.0,0.7669110664164047,0.40076472529092555,0.30355731225296445,0.5895571711830799,0.6313799456565654,0.25664424896240234,0.2703390121459961,2,0.8508808016777039,0.9196425676345825,False,0
finetuned/ft1/seg_head_best.pt,test_crosswalk_33646599N_117805931W_jpeg.rf.f1f2fbc8b9fca764c81e52c1c4c982f5,coords-in-name,test,text__semantic__road__neg-sidewalk+grass+building+tree__t0.4_c0.5,text,semantic,road,sidewalk+grass+building+tree,positive,0.4,0.0,0.7766692072921403,0.39510637939199084,0.3007659840550258,0.5756774619960344,0.6216685038714274,0.24762630462646484,0.2703390121459961,2,0.8508808016777039,0.9196425676345825,False,0
finetuned/ft1/seg_head_best.pt,test_crosswalk_33646599N_117805931W_jpeg.rf.f1f2fbc8b9fca764c81e52c1c4c982f5,coords-in-name,test,text__semantic__road__neg-sidewalk+grass+building+tree__t0.4_c0.5_fill25,text,semantic,road,sidewalk+grass+building+tree,positive,0.4,25.0,0.7749707052606497,0.4261280618822519,0.33825597749648384,0.5756774619960344,0.6701549598740973,0.24826526641845703,0.2703390121459961,2,0.8508808016777039,0.9196425676345825,False,0
finetuned/ft1/seg_head_best.pt,test_crosswalk_33646599N_117805931W_jpeg.rf.f1f2fbc8b9fca764c81e52c1c4c982f5,coords-in-name,test,text__semantic__road__neg-sidewalk+grass+building+tree__t0.5_c0.5,text,semantic,road,sidewalk+grass+building+tree,positive,0.5,0.0,0.7802741382517873,0.38118801207416986,0.2892446378613615,0.5588235294117647,0.6106312371742721,0.24072647094726562,0.2703390121459961,2,0.8508808016777039,0.9196425676345825,False,0
finetuned/ft1/seg_head_best.pt,test_crosswalk_33646599N_117805931W_jpeg.rf.f1f2fbc8b9fca764c81e52c1c4c982f5,coords-in-name,test,text__semantic__road__neg-sidewalk+grass+building+tree__t0.5_c0.5_fill25,text,semantic,road,sidewalk+grass+building+tree,positive,0.5,25.0,0.778554168144497,0.4094064249448571,0.32303419545217843,0.5588235294117647,0.655498003631469,0.24136066436767578,0.2703390121459961,2,0.8508808016777039,0.9196425676345825,False,0
finetuned/ft1/seg_head_best.pt,test_crosswalk_33646599N_117805931W_jpeg.rf.f1f2fbc8b9fca764c81e52c1c4c982f5,coords-in-name,test,text__fused__road__t0.3_c0.5,text,fused,road,,positive,0.3,0.0,0.7734292586841589,0.5225659517449154,0.40026793688597795,0.7524785194976867,0.6443824556205688,0.27317047119140625,0.2703390121459961,2,0.8508808016777039,0.9196425676345825,False,0
finetuned/ft1/seg_head_best.pt,test_crosswalk_33646599N_117805931W_jpeg.rf.f1f2fbc8b9fca764c81e52c1c4c982f5,coords-in-name,test,text__fused__road__t0.3_c0.5_fill25,text,fused,road,,positive,0.3,25.0,0.7715651882886679,0.5225495332861441,0.4080496341075406,0.7263714474553866,0.6304461795364106,0.2748546600341797,0.2703390121459961,2,0.8508808016777039,0.9196425676345825,False,0
finetuned/ft1/seg_head_best.pt,test_crosswalk_33646599N_117805931W_jpeg.rf.f1f2fbc8b9fca764c81e52c1c4c982f5,coords-in-name,test,text__fused__road__t0.4_c0.5,text,fused,road,,positive,0.4,0.0,0.7771442109745439,0.5471307069731485,0.4380013368983957,0.7286847323198943,0.6976838764699043,0.2590217590332031,0.2703390121459961,2,0.8508808016777039,0.9196425676345825,False,0
finetuned/ft1/seg_head_best.pt,test_crosswalk_33646599N_117805931W_jpeg.rf.f1f2fbc8b9fca764c81e52c1c4c982f5,coords-in-name,test,text__fused__road__t0.4_c0.5_fill25,text,fused,road,,positive,0.4,25.0,0.7771481623767448,0.5472741261485017,0.4381851914319447,0.7286847323198943,0.6987368241005176,0.25905513763427734,0.2703390121459961,2,0.8508808016777039,0.9196425676345825,False,0
finetuned/ft1/seg_head_best.pt,test_crosswalk_33646599N_117805931W_jpeg.rf.f1f2fbc8b9fca764c81e52c1c4c982f5,coords-in-name,test,text__fused__road__t0.5_c0.5,text,fused,road,,positive,0.5,0.0,0.7813321274322828,0.5123609671072697,0.41482563447142595,0.6698612029081296,0.6997179442000016,0.24808025360107422,0.2703390121459961,2,0.8508808016777039,0.9196425676345825,False,0
finetuned/ft1/seg_head_best.pt,test_crosswalk_33646599N_117805931W_jpeg.rf.f1f2fbc8b9fca764c81e52c1c4c982f5,coords-in-name,test,text__fused__road__t0.5_c0.5_fill25,text,fused,road,,positive,0.5,25.0,0.7815254648289783,0.5103979598418729,0.4136472319293728,0.666226040978189,0.6974291363987225,0.2481365203857422,0.2703390121459961,2,0.8508808016777039,0.9196425676345825,False,0
finetuned/ft1/seg_head_best.pt,test_crosswalk_33646599N_117805931W_jpeg.rf.f1f2fbc8b9fca764c81e52c1c4c982f5,coords-in-name,test,text__fused__road__neg-sidewalk+grass+building+tree__t0.3_c0.5,text,fused,road,sidewalk+grass+building+tree,positive,0.3,0.0,0.7656396159973438,0.36917107659808374,0.26871938418474456,0.5895571711830799,0.583662809537652,0.25708675384521484,0.2703390121459961,2,0.8508808016777039,0.9196425676345825,False,0
finetuned/ft1/seg_head_best.pt,test_crosswalk_33646599N_117805931W_jpeg.rf.f1f2fbc8b9fca764c81e52c1c4c982f5,coords-in-name,test,text__fused__road__neg-sidewalk+grass+building+tree__t0.3_c0.5_fill25,text,fused,road,sidewalk+grass+building+tree,positive,0.3,25.0,0.7623405188580292,0.41278420128628707,0.3175653324512074,0.5895571711830799,0.6499854360083359,0.25843238830566406,0.2703390121459961,2,0.8508808016777039,0.9196425676345825,False,0
finetuned/ft1/seg_head_best.pt,test_crosswalk_33646599N_117805931W_jpeg.rf.f1f2fbc8b9fca764c81e52c1c4c982f5,coords-in-name,test,text__fused__road__neg-sidewalk+grass+building+tree__t0.4_c0.5,text,fused,road,sidewalk+grass+building+tree,positive,0.4,0.0,0.7730404318636165,0.39891566041355925,0.3052030456852792,0.5756774619960344,0.6276248793864869,0.2489948272705078,0.2703390121459961,2,0.8508808016777039,0.9196425676345825,False,0
finetuned/ft1/seg_head_best.pt,test_crosswalk_33646599N_117805931W_jpeg.rf.f1f2fbc8b9fca764c81e52c1c4c982f5,coords-in-name,test,text__fused__road__neg-sidewalk+grass+building+tree__t0.4_c0.5_fill25,text,fused,road,sidewalk+grass+building+tree,positive,0.4,25.0,0.7698246205624204,0.44011601407327866,0.3562303277170894,0.5756774619960344,0.6920026223866026,0.25021839141845703,0.2703390121459961,2,0.8508808016777039,0.9196425676345825,False,0
finetuned/ft1/seg_head_best.pt,test_crosswalk_33646599N_117805931W_jpeg.rf.f1f2fbc8b9fca764c81e52c1c4c982f5,coords-in-name,test,text__fused__road__neg-sidewalk+grass+building+tree__t0.5_c0.5,text,fused,road,sidewalk+grass+building+tree,positive,0.5,0.0,0.7754977383035626,0.3935205279734678,0.3036879895561358,0.5588235294117647,0.6302453845391388,0.2424945831298828,0.2703390121459961,2,0.8508808016777039,0.9196425676345825,False,0
finetuned/ft1/seg_head_best.pt,test_crosswalk_33646599N_117805931W_jpeg.rf.f1f2fbc8b9fca764c81e52c1c4c982f5,coords-in-name,test,text__fused__road__neg-sidewalk+grass+building+tree__t0.5_c0.5_fill25,text,fused,road,sidewalk+grass+building+tree,positive,0.5,25.0,0.7742629873447765,0.41576323401453336,0.33102098897189614,0.5588235294117647,0.6655988567853774,0.24295520782470703,0.2703390121459961,2,0.8508808016777039,0.9196425676345825,False,0
finetuned/ft1/seg_head_best.pt,test_crosswalk_42292763N_71130471W_jpeg.rf.607ce61af99568c73be62bda5021e6b5,coords-in-name,test,text__semantic__road__t0.3_c0.5,text,semantic,road,,positive,0.3,0.0,0.8364134173752948,0.5808063311534208,0.5633532934131736,0.5993753549119818,0.6604399980105963,0.2952919006347656,0.33348655700683594,2,0.5869969129562378,0.9124361872673035,False,3
finetuned/ft1/seg_head_best.pt,test_crosswalk_42292763N_71130471W_jpeg.rf.607ce61af99568c73be62bda5021e6b5,coords-in-name,test,text__semantic__road__t0.3_c0.5_fill25,text,semantic,road,,positive,0.3,25.0,0.8365805357257253,0.5867908495293026,0.5747239263803681,0.5993753549119818,0.6672649661804152,0.29534912109375,0.33348655700683594,2,0.5869969129562378,0.9124361872673035,False,3
finetuned/ft1/seg_head_best.pt,test_crosswalk_42292763N_71130471W_jpeg.rf.607ce61af99568c73be62bda5021e6b5,coords-in-name,test,text__semantic__road__t0.4_c0.5,text,semantic,road,,positive,0.4,0.0,0.8290633147794488,0.5677236790567234,0.5487833140208574,0.5880181714934696,0.6313655768028088,0.2866945266723633,0.33348655700683594,2,0.5869969129562378,0.9124361872673035,False,3
finetuned/ft1/seg_head_best.pt,test_crosswalk_42292763N_71130471W_jpeg.rf.607ce61af99568c73be62bda5021e6b5,coords-in-name,test,text__semantic__road__t0.4_c0.5_fill25,text,semantic,road,,positive,0.4,25.0,0.8301499396697446,0.5938480893769952,0.5997947665469472,0.5880181714934696,0.6598717081607643,0.2870664596557617,0.33348655700683594,2,0.5869969129562378,0.9124361872673035,False,3
finetuned/ft1/seg_head_best.pt,test_crosswalk_42292763N_71130471W_jpeg.rf.607ce61af99568c73be62bda5021e6b5,coords-in-name,test,text__semantic__road__t0.5_c0.5,text,semantic,road,,positive,0.5,0.0,0.8069278224540423,0.4870535618403603,0.4240102171136654,0.5721181147075525,0.5451828166956227,0.2757253646850586,0.33348655700683594,2,0.5869969129562378,0.9124361872673035,False,3
finetuned/ft1/seg_head_best.pt,test_crosswalk_42292763N_71130471W_jpeg.rf.607ce61af99568c73be62bda5021e6b5,coords-in-name,test,text__semantic__road__t0.5_c0.5_fill25,text,semantic,road,,positive,0.5,25.0,0.8154871849993353,0.5673454592118089,0.5626517727051967,0.5721181147075525,0.628508255952176,0.2786111831665039,0.33348655700683594,2,0.5869969129562378,0.9124361872673035,False,3
finetuned/ft1/seg_head_best.pt,test_crosswalk_42292763N_71130471W_jpeg.rf.607ce61af99568c73be62bda5021e6b5,coords-in-name,test,text__semantic__road__neg-sidewalk+grass+building+tree__t0.3_c0.5,text,semantic,road,sidewalk+grass+building+tree,positive,0.3,0.0,0.8251531248685999,0.6033626494501495,0.6160998937300743,0.5911413969335605,0.6775482268149221,0.2874469757080078,0.33348655700683594,2,0.5869969129562378,0.9124361872673035,False,3
finetuned/ft1/seg_head_best.pt,test_crosswalk_42292763N_71130471W_jpeg.rf.607ce61af99568c73be62bda5021e6b5,coords-in-name,test,text__semantic__road__neg-sidewalk+grass+building+tree__t0.3_c0.5_fill25,text,semantic,road,sidewalk+grass+building+tree,positive,0.3,25.0,0.825203582491205,0.6066734434657838,0.6230437128980032,0.5911413969335605,0.6813924837547567,0.2874641418457031,0.33348655700683594,2,0.5869969129562378,0.9124361872673035,False,3
finetuned/ft1/seg_head_best.pt,test_crosswalk_42292763N_71130471W_jpeg.rf.607ce61af99568c73be62bda5021e6b5,coords-in-name,test,text__semantic__road__neg-sidewalk+grass+building+tree__t0.4_c0.5,text,semantic,road,sidewalk+grass+building+tree,positive,0.4,0.0,0.8211080753739121,0.5704885995119992,0.5572904155656978,0.5843270868824532,0.6351194208412158,0.2831096649169922,0.33348655700683594,2,0.5869969129562378,0.9124361872673035,False,3
finetuned/ft1/seg_head_best.pt,test_crosswalk_42292763N_71130471W_jpeg.rf.607ce61af99568c73be62bda5021e6b5,coords-in-name,test,text__semantic__road__neg-sidewalk+grass+building+tree__t0.4_c0.5_fill25,text,semantic,road,sidewalk+grass+building+tree,positive,0.4,25.0,0.8221963090650983,0.5975182457320125,0.611318739989322,0.5843270868824532,0.6647600580132312,0.2834815979003906,0.33348655700683594,2,0.5869969129562378,0.9124361872673035,False,3
finetuned/ft1/seg_head_best.pt,test_crosswalk_42292763N_71130471W_jpeg.rf.607ce61af99568c73be62bda5021e6b5,coords-in-name,test,text__semantic__road__neg-sidewalk+grass+building+tree__t0.5_c0.5,text,semantic,road,sidewalk+grass+building+tree,positive,0.5,0.0,0.8030167585122153,0.4880801284341208,0.4261992619926199,0.5709823963657014,0.5472244659220677,0.2743396759033203,0.33348655700683594,2,0.5869969129562378,0.9124361872673035,False,3
finetuned/ft1/seg_head_best.pt,test_crosswalk_42292763N_71130471W_jpeg.rf.607ce61af99568c73be62bda5021e6b5,coords-in-name,test,text__semantic__road__neg-sidewalk+grass+building+tree__t0.5_c0.5_fill25,text,semantic,road,sidewalk+grass+building+tree,positive,0.5,25.0,0.8115459472915936,0.5677728409924337,0.5645991664623682,0.5709823963657014,0.6300369411628136,0.27721500396728516,0.33348655700683594,2,0.5869969129562378,0.9124361872673035,False,3
finetuned/ft1/seg_head_best.pt,test_crosswalk_42292763N_71130471W_jpeg.rf.607ce61af99568c73be62bda5021e6b5,coords-in-name,test,text__fused__road__t0.3_c0.5,text,fused,road,,positive,0.3,0.0,0.8364134173752948,0.5808063311534208,0.5633532934131736,0.5993753549119818,0.6604399980105963,0.2952919006347656,0.33348655700683594,2,0.5869969129562378,0.9124361872673035,False,3
finetuned/ft1/seg_head_best.pt,test_crosswalk_42292763N_71130471W_jpeg.rf.607ce61af99568c73be62bda5021e6b5,coords-in-name,test,text__fused__road__t0.3_c0.5_fill25,text,fused,road,,positive,0.3,25.0,0.8365805357257253,0.5867908495293026,0.5747239263803681,0.5993753549119818,0.6672649661804152,0.29534912109375,0.33348655700683594,2,0.5869969129562378,0.9124361872673035,False,3
finetuned/ft1/seg_head_best.pt,test_crosswalk_42292763N_71130471W_jpeg.rf.607ce61af99568c73be62bda5021e6b5,coords-in-name,test,text__fused__road__t0.4_c0.5,text,fused,road,,positive,0.4,0.0,0.8290633147794488,0.5677236790567234,0.5487833140208574,0.5880181714934696,0.6313655768028088,0.2866945266723633,0.33348655700683594,2,0.5869969129562378,0.9124361872673035,False,3
finetuned/ft1/seg_head_best.pt,test_crosswalk_42292763N_71130471W_jpeg.rf.607ce61af99568c73be62bda5021e6b5,coords-in-name,test,text__fused__road__t0.4_c0.5_fill25,text,fused,road,,positive,0.4,25.0,0.8301499396697446,0.5938480893769952,0.5997947665469472,0.5880181714934696,0.6598717081607643,0.2870664596557617,0.33348655700683594,2,0.5869969129562378,0.9124361872673035,False,3
finetuned/ft1/seg_head_best.pt,test_crosswalk_42292763N_71130471W_jpeg.rf.607ce61af99568c73be62bda5021e6b5,coords-in-name,test,text__fused__road__t0.5_c0.5,text,fused,road,,positive,0.5,0.0,0.8069278224540423,0.4870535618403603,0.4240102171136654,0.5721181147075525,0.5451828166956227,0.2757253646850586,0.33348655700683594,2,0.5869969129562378,0.9124361872673035,False,3
finetuned/ft1/seg_head_best.pt,test_crosswalk_42292763N_71130471W_jpeg.rf.607ce61af99568c73be62bda5021e6b5,coords-in-name,test,text__fused__road__t0.5_c0.5_fill25,text,fused,road,,positive,0.5,25.0,0.8154871849993353,0.5673454592118089,0.5626517727051967,0.5721181147075525,0.628508255952176,0.2786111831665039,0.33348655700683594,2,0.5869969129562378,0.9124361872673035,False,3
finetuned/ft1/seg_head_best.pt,test_crosswalk_42292763N_71130471W_jpeg.rf.607ce61af99568c73be62bda5021e6b5,coords-in-name,test,text__fused__road__neg-sidewalk+grass+building+tree__t0.3_c0.5,text,fused,road,sidewalk+grass+building+tree,positive,0.3,0.0,0.8251531248685999,0.6033626494501495,0.6160998937300743,0.5911413969335605,0.6775482268149221,0.2874469757080078,0.33348655700683594,2,0.5869969129562378,0.9124361872673035,False,3
finetuned/ft1/seg_head_best.pt,test_crosswalk_42292763N_71130471W_jpeg.rf.607ce61af99568c73be62bda5021e6b5,coords-in-name,test,text__fused__road__neg-sidewalk+grass+building+tree__t0.3_c0.5_fill25,text,fused,road,sidewalk+grass+building+tree,positive,0.3,25.0,0.825203582491205,0.6066734434657838,0.6230437128980032,0.5911413969335605,0.6813924837547567,0.2874641418457031,0.33348655700683594,2,0.5869969129562378,0.9124361872673035,False,3
finetuned/ft1/seg_head_best.pt,test_crosswalk_42292763N_71130471W_jpeg.rf.607ce61af99568c73be62bda5021e6b5,coords-in-name,test,text__fused__road__neg-sidewalk+grass+building+tree__t0.4_c0.5,text,fused,road,sidewalk+grass+building+tree,positive,0.4,0.0,0.8211080753739121,0.5704885995119992,0.5572904155656978,0.5843270868824532,0.6351194208412158,0.2831096649169922,0.33348655700683594,2,0.5869969129562378,0.9124361872673035,False,3
finetuned/ft1/seg_head_best.pt,test_crosswalk_42292763N_71130471W_jpeg.rf.607ce61af99568c73be62bda5021e6b5,coords-in-name,test,text__fused__road__neg-sidewalk+grass+building+tree__t0.4_c0.5_fill25,text,fused,road,sidewalk+grass+building+tree,positive,0.4,25.0,0.8221963090650983,0.5975182457320125,0.611318739989322,0.5843270868824532,0.6647600580132312,0.2834815979003906,0.33348655700683594,2,0.5869969129562378,0.9124361872673035,False,3
finetuned/ft1/seg_head_best.pt,test_crosswalk_42292763N_71130471W_jpeg.rf.607ce61af99568c73be62bda5021e6b5,coords-in-name,test,text__fused__road__neg-sidewalk+grass+building+tree__t0.5_c0.5,text,fused,road,sidewalk+grass+building+tree,positive,0.5,0.0,0.8030167585122153,0.4880801284341208,0.4261992619926199,0.5709823963657014,0.5472244659220677,0.2743396759033203,0.33348655700683594,2,0.5869969129562378,0.9124361872673035,False,3
finetuned/ft1/seg_head_best.pt,test_crosswalk_42292763N_71130471W_jpeg.rf.607ce61af99568c73be62bda5021e6b5,coords-in-name,test,text__fused__road__neg-sidewalk+grass+building+tree__t0.5_c0.5_fill25,text,fused,road,sidewalk+grass+building+tree,positive,0.5,25.0,0.8115459472915936,0.5677728409924337,0.5645991664623682,0.5709823963657014,0.6300369411628136,0.27721500396728516,0.33348655700683594,2,0.5869969129562378,0.9124361872673035,False,3
finetuned/ft1/seg_head_best.pt,test_crosswalk_42356452N_71070043W_jpeg.rf.859b9d82db4285c1f6e46080a98a2495,coords-in-name,test,text__semantic__road__t0.3_c0.5,text,semantic,road,,positive,0.3,0.0,0.8140108968316104,0.6164210736176889,0.5129924559932942,0.7720880870257363,0.7771327695326263,0.218414306640625,0.21468162536621094,2,0.7157297134399414,0.9207897186279297,False,3
finetuned/ft1/seg_head_best.pt,test_crosswalk_42356452N_71070043W_jpeg.rf.859b9d82db4285c1f6e46080a98a2495,coords-in-name,test,text__semantic__road__t0.3_c0.5_fill25,text,semantic,road,,positive,0.3,25.0,0.815468108557098,0.6357905275367602,0.5426258992805756,0.7675776067922526,0.7917817609647937,0.2188730239868164,0.21468162536621094,2,0.7157297134399414,0.9207897186279297,False,3
finetuned/ft1/seg_head_best.pt,test_crosswalk_42356452N_71070043W_jpeg.rf.859b9d82db4285c1f6e46080a98a2495,coords-in-name,test,text__semantic__road__t0.4_c0.5,text,semantic,road,,positive,0.4,0.0,0.8147736808332099,0.6476666511993645,0.5510560307208937,0.7853542053595118,0.769529366412782,0.20606613159179688,0.21468162536621094,2,0.7157297134399414,0.9207897186279297,False,3
finetuned/ft1/seg_head_best.pt,test_crosswalk_42356452N_71070043W_jpeg.rf.859b9d82db4285c1f6e46080a98a2495,coords-in-name,test,text__semantic__road__t0.4_c0.5_fill25,text,semantic,road,,positive,0.4,25.0,0.8154640235250571,0.6618254815272764,0.571875,0.7853542053595118,0.7827963698078765,0.20629024505615234,0.21468162536621094,2,0.7157297134399414,0.9207897186279297,False,3
finetuned/ft1/seg_head_best.pt,test_crosswalk_42356452N_71070043W_jpeg.rf.859b9d82db4285c1f6e46080a98a2495,coords-in-name,test,text__semantic__road__t0.5_c0.5,text,semantic,road,,positive,0.5,0.0,0.808710130424911,0.6435958994807772,0.5497547302032235,0.776067922525869,0.748158002118137,0.1955699920654297,0.21468162536621094,2,0.7157297134399414,0.9207897186279297,False,3
finetuned/ft1/seg_head_best.pt,test_crosswalk_42356452N_71070043W_jpeg.rf.859b9d82db4285c1f6e46080a98a2495,coords-in-name,test,text__semantic__road__t0.5_c0.5_fill25,text,semantic,road,,positive,0.5,25.0,0.808974547594527,0.6611198959000997,0.575830258302583,0.776067922525869,0.7635090416593244,0.19572830200195312,0.21468162536621094,2,0.7157297134399414,0.9207897186279297,False,3
finetuned/ft1/seg_head_best.pt,test_crosswalk_42356452N_71070043W_jpeg.rf.859b9d82db4285c1f6e46080a98a2495,coords-in-name,test,text__semantic__road__neg-sidewalk+grass+building+tree__t0.3_c0.5,text,semantic,road,sidewalk+grass+building+tree,positive,0.3,0.0,0.8080122205727318,0.6731340424139415,0.5992233803392601,0.767842929158928,0.7368650311795042,0.18602657318115234,0.21468162536621094,2,0.7157297134399414,0.9207897186279297,False,3
finetuned/ft1/seg_head_best.pt,test_crosswalk_42356452N_71070043W_jpeg.rf.859b9d82db4285c1f6e46080a98a2495,coords-in-name,test,text__semantic__road__neg-sidewalk+grass+building+tree__t0.3_c0.5_fill25,text,semantic,road,sidewalk+grass+building+tree,positive,0.3,25.0,0.8082549544355428,0.6862902863147446,0.6203977994075328,0.767842929158928,0.7461530896520642,0.18612003326416016,0.21468162536621094,2,0.7157297134399414,0.9207897186279297,False,3
finetuned/ft1/seg_head_best.pt,test_crosswalk_42356452N_71070043W_jpeg.rf.859b9d82db4285c1f6e46080a98a2495,coords-in-name,test,text__semantic__road__neg-sidewalk+grass+building+tree__t0.4_c0.5,text,semantic,road,sidewalk+grass+building+tree,positive,0.4,0.0,0.8018767575761491,0.6423938250380495,0.5628,0.7482090740249403,0.7101748690923272,0.18434715270996094,0.21468162536621094,2,0.7157297134399414,0.9207897186279297,False,3
finetuned/ft1/seg_head_best.pt,test_crosswalk_42356452N_71070043W_jpeg.rf.859b9d82db4285c1f6e46080a98a2495,coords-in-name,test,text__semantic__road__neg-sidewalk+grass+building+tree__t0.4_c0.5_fill25,text,semantic,road,sidewalk+grass+building+tree,positive,0.4,25.0,0.8026973026973027,0.659867819881201,0.5901845637583892,0.7482090740249403,0.7279884897653218,0.1845684051513672,0.21468162536621094,2,0.7157297134399414,0.9207897186279297,False,3
finetuned/ft1/seg_head_best.pt,test_crosswalk_42356452N_71070043W_jpeg.rf.859b9d82db4285c1f6e46080a98a2495,coords-in-name,test,text__semantic__road__neg-sidewalk+grass+building+tree__t0.5_c0.5,text,semantic,road,sidewalk+grass+building+tree,positive,0.5,0.0,0.7921398246582908,0.6110190594636175,0.523936170212766,0.7328203767577607,0.6853265175963399,0.18145084381103516,0.21468162536621094,2,0.7157297134399414,0.9207897186279297,False,3
finetuned/ft1/seg_head_best.pt,test_crosswalk_42356452N_71070043W_jpeg.rf.859b9d82db4285c1f6e46080a98a2495,coords-in-name,test,text__semantic__road__neg-sidewalk+grass+building+tree__t0.5_c0.5_fill25,text,semantic,road,sidewalk+grass+building+tree,positive,0.5,25.0,0.7925932954917962,0.6358586522660451,0.5615572768039135,0.7328203767577607,0.7064176685914201,0.18166732788085938,0.21468162536621094,2,0.7157297134399414,0.9207897186279297,False,3
finetuned/ft1/seg_head_best.pt,test_crosswalk_42356452N_71070043W_jpeg.rf.859b9d82db4285c1f6e46080a98a2495,coords-in-name,test,text__fused__road__t0.3_c0.5,text,fused,road,,positive,0.3,0.0,0.8140108968316104,0.6164210736176889,0.5129924559932942,0.7720880870257363,0.7771327695326263,0.218414306640625,0.21468162536621094,2,0.7157297134399414,0.9207897186279297,False,3
finetuned/ft1/seg_head_best.pt,test_crosswalk_42356452N_71070043W_jpeg.rf.859b9d82db4285c1f6e46080a98a2495,coords-in-name,test,text__fused__road__t0.3_c0.5_fill25,text,fused,road,,positive,0.3,25.0,0.815468108557098,0.6357905275367602,0.5426258992805756,0.7675776067922526,0.7917817609647937,0.2188730239868164,0.21468162536621094,2,0.7157297134399414,0.9207897186279297,False,3
finetuned/ft1/seg_head_best.pt,test_crosswalk_42356452N_71070043W_jpeg.rf.859b9d82db4285c1f6e46080a98a2495,coords-in-name,test,text__fused__road__t0.4_c0.5,text,fused,road,,positive,0.4,0.0,0.8147736808332099,0.6476666511993645,0.5510560307208937,0.7853542053595118,0.769529366412782,0.20606613159179688,0.21468162536621094,2,0.7157297134399414,0.9207897186279297,False,3
finetuned/ft1/seg_head_best.pt,test_crosswalk_42356452N_71070043W_jpeg.rf.859b9d82db4285c1f6e46080a98a2495,coords-in-name,test,text__fused__road__t0.4_c0.5_fill25,text,fused,road,,positive,0.4,25.0,0.8154640235250571,0.6618254815272764,0.571875,0.7853542053595118,0.7827963698078765,0.20629024505615234,0.21468162536621094,2,0.7157297134399414,0.9207897186279297,False,3
finetuned/ft1/seg_head_best.pt,test_crosswalk_42356452N_71070043W_jpeg.rf.859b9d82db4285c1f6e46080a98a2495,coords-in-name,test,text__fused__road__t0.5_c0.5,text,fused,road,,positive,0.5,0.0,0.808710130424911,0.6435958994807772,0.5497547302032235,0.776067922525869,0.748158002118137,0.1955699920654297,0.21468162536621094,2,0.7157297134399414,0.9207897186279297,False,3
finetuned/ft1/seg_head_best.pt,test_crosswalk_42356452N_71070043W_jpeg.rf.859b9d82db4285c1f6e46080a98a2495,coords-in-name,test,text__fused__road__t0.5_c0.5_fill25,text,fused,road,,positive,0.5,25.0,0.808974547594527,0.6611198959000997,0.575830258302583,0.776067922525869,0.7635090416593244,0.19572830200195312,0.21468162536621094,2,0.7157297134399414,0.9207897186279297,False,3
finetuned/ft1/seg_head_best.pt,test_crosswalk_42356452N_71070043W_jpeg.rf.859b9d82db4285c1f6e46080a98a2495,coords-in-name,test,text__fused__road__neg-sidewalk+grass+building+tree__t0.3_c0.5,text,fused,road,sidewalk+grass+building+tree,positive,0.3,0.0,0.8080122205727318,0.6731340424139415,0.5992233803392601,0.767842929158928,0.7368650311795042,0.18602657318115234,0.21468162536621094,2,0.7157297134399414,0.9207897186279297,False,3
finetuned/ft1/seg_head_best.pt,test_crosswalk_42356452N_71070043W_jpeg.rf.859b9d82db4285c1f6e46080a98a2495,coords-in-name,test,text__fused__road__neg-sidewalk+grass+building+tree__t0.3_c0.5_fill25,text,fused,road,sidewalk+grass+building+tree,positive,0.3,25.0,0.8082549544355428,0.6862902863147446,0.6203977994075328,0.767842929158928,0.7461530896520642,0.18612003326416016,0.21468162536621094,2,0.7157297134399414,0.9207897186279297,False,3
finetuned/ft1/seg_head_best.pt,test_crosswalk_42356452N_71070043W_jpeg.rf.859b9d82db4285c1f6e46080a98a2495,coords-in-name,test,text__fused__road__neg-sidewalk+grass+building+tree__t0.4_c0.5,text,fused,road,sidewalk+grass+building+tree,positive,0.4,0.0,0.8018767575761491,0.6423938250380495,0.5628,0.7482090740249403,0.7101748690923272,0.18434715270996094,0.21468162536621094,2,0.7157297134399414,0.9207897186279297,False,3
finetuned/ft1/seg_head_best.pt,test_crosswalk_42356452N_71070043W_jpeg.rf.859b9d82db4285c1f6e46080a98a2495,coords-in-name,test,text__fused__road__neg-sidewalk+grass+building+tree__t0.4_c0.5_fill25,text,fused,road,sidewalk+grass+building+tree,positive,0.4,25.0,0.8026973026973027,0.659867819881201,0.5901845637583892,0.7482090740249403,0.7279884897653218,0.1845684051513672,0.21468162536621094,2,0.7157297134399414,0.9207897186279297,False,3
finetuned/ft1/seg_head_best.pt,test_crosswalk_42356452N_71070043W_jpeg.rf.859b9d82db4285c1f6e46080a98a2495,coords-in-name,test,text__fused__road__neg-sidewalk+grass+building+tree__t0.5_c0.5,text,fused,road,sidewalk+grass+building+tree,positive,0.5,0.0,0.7921398246582908,0.6110190594636175,0.523936170212766,0.7328203767577607,0.6853265175963399,0.18145084381103516,0.21468162536621094,2,0.7157297134399414,0.9207897186279297,False,3
finetuned/ft1/seg_head_best.pt,test_crosswalk_42356452N_71070043W_jpeg.rf.859b9d82db4285c1f6e46080a98a2495,coords-in-name,test,text__fused__road__neg-sidewalk+grass+building+tree__t0.5_c0.5_fill25,text,fused,road,sidewalk+grass+building+tree,positive,0.5,25.0,0.7925932954917962,0.6358586522660451,0.5615572768039135,0.7328203767577607,0.7064176685914201,0.18166732788085938,0.21468162536621094,2,0.7157297134399414,0.9207897186279297,False,3
finetuned/ft1/seg_head_best.pt,train_crosswalk_34629350N_86537778W_jpeg.rf.24eebeebd7d4f4c42a3d0f15d8211718,coords-in-name,train,text__semantic__road__t0.3_c0.5,text,semantic,road,,positive,0.3,0.0,0.9026350959273585,0.6272061591600735,0.5183126226291694,0.7940247055443838,0.7316508225269125,0.45871925354003906,0.4387168884277344,2,0.5582126975059509,0.7918210625648499,False,0
finetuned/ft1/seg_head_best.pt,train_crosswalk_34629350N_86537778W_jpeg.rf.24eebeebd7d4f4c42a3d0f15d8211718,coords-in-name,train,text__semantic__road__t0.3_c0.5_fill25,text,semantic,road,,positive,0.3,25.0,0.9035204563232586,0.664602969108529,0.5780325443786982,0.781671933352485,0.764168827254083,0.4593982696533203,0.4387168884277344,2,0.5582126975059509,0.7918210625648499,False,0
finetuned/ft1/seg_head_best.pt,train_crosswalk_34629350N_86537778W_jpeg.rf.24eebeebd7d4f4c42a3d0f15d8211718,coords-in-name,train,text__semantic__road__t0.4_c0.5,text,semantic,road,,positive,0.4,0.0,0.8871542941075181,0.4794349467481803,0.3609101670393266,0.7138753231829934,0.6292074525613496,0.4287910461425781,0.4387168884277344,2,0.5582126975059509,0.7918210625648499,False,0
finetuned/ft1/seg_head_best.pt,train_crosswalk_34629350N_86537778W_jpeg.rf.24eebeebd7d4f4c42a3d0f15d8211718,coords-in-name,train,text__semantic__road__t0.4_c0.5_fill25,text,semantic,road,,positive,0.4,25.0,0.9080841707891271,0.6090111833894017,0.5357142857142857,0.7055443837977593,0.7812744666517746,0.4385833740234375,0.4387168884277344,2,0.5582126975059509,0.7918210625648499,False,0
finetuned/ft1/seg_head_best.pt,train_crosswalk_34629350N_86537778W_jpeg.rf.24eebeebd7d4f4c42a3d0f15d8211718,coords-in-name,train,text__semantic__road__t0.5_c0.5,text,semantic,road,,positive,0.5,0.0,0.8513608814731076,0.4338977732907206,0.34427207637231505,0.5866130422292445,0.6504015883444714,0.3999814987182617,0.4387168884277344,2,0.5582126975059509,0.7918210625648499,False,0
finetuned/ft1/seg_head_best.pt,train_crosswalk_34629350N_86537778W_jpeg.rf.24eebeebd7d4f4c42a3d0f15d8211718,coords-in-name,train,text__semantic__road__t0.5_c0.5_fill25,text,semantic,road,,positive,0.5,25.0,0.8515021133994578,0.43570368366212364,0.3465514581083166,0.5866130422292445,0.6506902276028277,0.4001178741455078,0.4387168884277344,2,0.5582126975059509,0.7918210625648499,False,0
finetuned/ft1/seg_head_best.pt,train_crosswalk_34629350N_86537778W_jpeg.rf.24eebeebd7d4f4c42a3d0f15d8211718,coords-in-name,train,text__semantic__road__neg-sidewalk+grass+building+tree__t0.3_c0.5,text,semantic,road,sidewalk+grass+building+tree,positive,0.3,0.0,0.9077613588999695,0.6275755731053342,0.5284479654303205,0.7724791726515369,0.739782458961156,0.44739723205566406,0.4387168884277344,2,0.5582126975059509,0.7918210625648499,False,0
finetuned/ft1/seg_head_best.pt,train_crosswalk_34629350N_86537778W_jpeg.rf.24eebeebd7d4f4c42a3d0f15d8211718,coords-in-name,train,text__semantic__road__neg-sidewalk+grass+building+tree__t0.3_c0.5_fill25,text,semantic,road,sidewalk+grass+building+tree,positive,0.3,25.0,0.9084085070057212,0.6564825584000143,0.5897116780750882,0.7403045101982189,0.7589512085968967,0.4481983184814453,0.4387168884277344,2,0.5582126975059509,0.7918210625648499,False,0
finetuned/ft1/seg_head_best.pt,train_crosswalk_34629350N_86537778W_jpeg.rf.24eebeebd7d4f4c42a3d0f15d8211718,coords-in-name,train,text__semantic__road__neg-sidewalk+grass+building+tree__t0.4_c0.5,text,semantic,road,sidewalk+grass+building+tree,positive,0.4,0.0,0.8864864303445125,0.4776685299101028,0.3597160136734157,0.7107153116920425,0.6226013629958191,0.42737579345703125,0.4387168884277344,2,0.5582126975059509,0.7918210625648499,False,0
finetuned/ft1/seg_head_best.pt,train_crosswalk_34629350N_86537778W_jpeg.rf.24eebeebd7d4f4c42a3d0f15d8211718,coords-in-name,train,text__semantic__road__neg-sidewalk+grass+building+tree__t0.4_c0.5_fill25,text,semantic,road,sidewalk+grass+building+tree,positive,0.4,25.0,0.9072698617706726,0.6041836092036956,0.5359477124183006,0.6923297902901465,0.7706092971006377,0.437255859375,0.4387168884277344,2,0.5582126975059509,0.7918210625648499,False,0
finetuned/ft1/seg_head_best.pt,train_crosswalk_34629350N_86537778W_jpeg.rf.24eebeebd7d4f4c42a3d0f15d8211718,coords-in-name,train,text__semantic__road__neg-sidewalk+grass+building+tree__t0.5_c0.5,text,semantic,road,sidewalk+grass+building+tree,positive,0.5,0.0,0.8513798010930619,0.43377928461639575,0.34412291169451076,0.5866130422292445,0.6513065956898704,0.39994239807128906,0.4387168884277344,2,0.5582126975059509,0.7918210625648499,False,0
finetuned/ft1/seg_head_best.pt,train_crosswalk_34629350N_86537778W_jpeg.rf.24eebeebd7d4f4c42a3d0f15d8211718,coords-in-name,train,text__semantic__road__neg-sidewalk+grass+building+tree__t0.5_c0.5_fill25,text,semantic,road,sidewalk+grass+building+tree,positive,0.5,25.0,0.851521039413772,0.4355817154097285,0.34639716093195494,0.5866130422292445,0.6516147749412889,0.40007877349853516,0.4387168884277344,2,0.5582126975059509,0.7918210625648499,False,0
finetuned/ft1/seg_head_best.pt,train_crosswalk_34629350N_86537778W_jpeg.rf.24eebeebd7d4f4c42a3d0f15d8211718,coords-in-name,train,text__fused__road__t0.3_c0.5,text,fused,road,,positive,0.3,0.0,0.9026350959273585,0.6272061591600735,0.5183126226291694,0.7940247055443838,0.7316508225269125,0.45871925354003906,0.4387168884277344,2,0.5582126975059509,0.7918210625648499,False,0
finetuned/ft1/seg_head_best.pt,train_crosswalk_34629350N_86537778W_jpeg.rf.24eebeebd7d4f4c42a3d0f15d8211718,coords-in-name,train,text__fused__road__t0.3_c0.5_fill25,text,fused,road,,positive,0.3,25.0,0.9035204563232586,0.664602969108529,0.5780325443786982,0.781671933352485,0.764168827254083,0.4593982696533203,0.4387168884277344,2,0.5582126975059509,0.7918210625648499,False,0
finetuned/ft1/seg_head_best.pt,train_crosswalk_34629350N_86537778W_jpeg.rf.24eebeebd7d4f4c42a3d0f15d8211718,coords-in-name,train,text__fused__road__t0.4_c0.5,text,fused,road,,positive,0.4,0.0,0.8871542941075181,0.4794349467481803,0.3609101670393266,0.7138753231829934,0.6292074525613496,0.4287910461425781,0.4387168884277344,2,0.5582126975059509,0.7918210625648499,False,0
finetuned/ft1/seg_head_best.pt,train_crosswalk_34629350N_86537778W_jpeg.rf.24eebeebd7d4f4c42a3d0f15d8211718,coords-in-name,train,text__fused__road__t0.4_c0.5_fill25,text,fused,road,,positive,0.4,25.0,0.9080841707891271,0.6090111833894017,0.5357142857142857,0.7055443837977593,0.7812744666517746,0.4385833740234375,0.4387168884277344,2,0.5582126975059509,0.7918210625648499,False,0
finetuned/ft1/seg_head_best.pt,train_crosswalk_34629350N_86537778W_jpeg.rf.24eebeebd7d4f4c42a3d0f15d8211718,coords-in-name,train,text__fused__road__t0.5_c0.5,text,fused,road,,positive,0.5,0.0,0.8513608814731076,0.4338977732907206,0.34427207637231505,0.5866130422292445,0.6504015883444714,0.3999814987182617,0.4387168884277344,2,0.5582126975059509,0.7918210625648499,False,0
finetuned/ft1/seg_head_best.pt,train_crosswalk_34629350N_86537778W_jpeg.rf.24eebeebd7d4f4c42a3d0f15d8211718,coords-in-name,train,text__fused__road__t0.5_c0.5_fill25,text,fused,road,,positive,0.5,25.0,0.8515021133994578,0.43570368366212364,0.3465514581083166,0.5866130422292445,0.6506902276028277,0.4001178741455078,0.4387168884277344,2,0.5582126975059509,0.7918210625648499,False,0
finetuned/ft1/seg_head_best.pt,train_crosswalk_34629350N_86537778W_jpeg.rf.24eebeebd7d4f4c42a3d0f15d8211718,coords-in-name,train,text__fused__road__neg-sidewalk+grass+building+tree__t0.3_c0.5,text,fused,road,sidewalk+grass+building+tree,positive,0.3,0.0,0.9077613588999695,0.6275755731053342,0.5284479654303205,0.7724791726515369,0.739782458961156,0.44739723205566406,0.4387168884277344,2,0.5582126975059509,0.7918210625648499,False,0
finetuned/ft1/seg_head_best.pt,train_crosswalk_34629350N_86537778W_jpeg.rf.24eebeebd7d4f4c42a3d0f15d8211718,coords-in-name,train,text__fused__road__neg-sidewalk+grass+building+tree__t0.3_c0.5_fill25,text,fused,road,sidewalk+grass+building+tree,positive,0.3,25.0,0.9084085070057212,0.6564825584000143,0.5897116780750882,0.7403045101982189,0.7589512085968967,0.4481983184814453,0.4387168884277344,2,0.5582126975059509,0.7918210625648499,False,0
finetuned/ft1/seg_head_best.pt,train_crosswalk_34629350N_86537778W_jpeg.rf.24eebeebd7d4f4c42a3d0f15d8211718,coords-in-name,train,text__fused__road__neg-sidewalk+grass+building+tree__t0.4_c0.5,text,fused,road,sidewalk+grass+building+tree,positive,0.4,0.0,0.8864864303445125,0.4776685299101028,0.3597160136734157,0.7107153116920425,0.6226013629958191,0.42737579345703125,0.4387168884277344,2,0.5582126975059509,0.7918210625648499,False,0
finetuned/ft1/seg_head_best.pt,train_crosswalk_34629350N_86537778W_jpeg.rf.24eebeebd7d4f4c42a3d0f15d8211718,coords-in-name,train,text__fused__road__neg-sidewalk+grass+building+tree__t0.4_c0.5_fill25,text,fused,road,sidewalk+grass+building+tree,positive,0.4,25.0,0.9072698617706726,0.6041836092036956,0.5359477124183006,0.6923297902901465,0.7706092971006377,0.437255859375,0.4387168884277344,2,0.5582126975059509,0.7918210625648499,False,0
finetuned/ft1/seg_head_best.pt,train_crosswalk_34629350N_86537778W_jpeg.rf.24eebeebd7d4f4c42a3d0f15d8211718,coords-in-name,train,text__fused__road__neg-sidewalk+grass+building+tree__t0.5_c0.5,text,fused,road,sidewalk+grass+building+tree,positive,0.5,0.0,0.8513798010930619,0.43377928461639575,0.34412291169451076,0.5866130422292445,0.6513065956898704,0.39994239807128906,0.4387168884277344,2,0.5582126975059509,0.7918210625648499,False,0
finetuned/ft1/seg_head_best.pt,train_crosswalk_34629350N_86537778W_jpeg.rf.24eebeebd7d4f4c42a3d0f15d8211718,coords-in-name,train,text__fused__road__neg-sidewalk+grass+building+tree__t0.5_c0.5_fill25,text,fused,road,sidewalk+grass+building+tree,positive,0.5,25.0,0.851521039413772,0.4355817154097285,0.34639716093195494,0.5866130422292445,0.6516147749412889,0.40007877349853516,0.4387168884277344,2,0.5582126975059509,0.7918210625648499,False,0
finetuned/ft1/seg_head_best.pt,train_crosswalk_42378289N_71033951W_jpeg.rf.1da36f70b1109f2450f339fa24049935,coords-in-name,train,text__semantic__road__t0.3_c0.5,text,semantic,road,,positive,0.3,0.0,0.8474176652909685,0.5453470398030056,0.4288928169693074,0.7486124714332354,0.7639458156465844,0.22487354278564453,0.20031356811523438,1,0.9181042909622192,0.9732407331466675,False,0
finetuned/ft1/seg_head_best.pt,train_crosswalk_42378289N_71033951W_jpeg.rf.1da36f70b1109f2450f339fa24049935,coords-in-name,train,text__semantic__road__t0.3_c0.5_fill25,text,semantic,road,,positive,0.3,25.0,0.8500111525084882,0.5466438705900576,0.4512799339388935,0.693111328762651,0.7418473784500736,0.2268218994140625,0.20031356811523438,1,0.9181042909622192,0.9732407331466675,False,0
finetuned/ft1/seg_head_best.pt,train_crosswalk_42378289N_71033951W_jpeg.rf.1da36f70b1109f2450f339fa24049935,coords-in-name,train,text__semantic__road__t0.4_c0.5,text,semantic,road,,positive,0.4,0.0,0.8504787731680082,0.5400830081276878,0.4128681915418792,0.7806072477962782,0.7443077642219673,0.2090158462524414,0.20031356811523438,1,0.9181042909622192,0.9732407331466675,False,0
finetuned/ft1/seg_head_best.pt,train_crosswalk_42378289N_71033951W_jpeg.rf.1da36f70b1109f2450f339fa24049935,coords-in-name,train,text__semantic__road__t0.4_c0.5_fill25,text,semantic,road,,positive,0.4,25.0,0.8535595848227745,0.5407419242001889,0.4258775205377147,0.7404505386875612,0.7370592279736765,0.2101268768310547,0.20031356811523438,1,0.9181042909622192,0.9732407331466675,False,0
finetuned/ft1/seg_head_best.pt,train_crosswalk_42378289N_71033951W_jpeg.rf.1da36f70b1109f2450f339fa24049935,coords-in-name,train,text__semantic__road__t0.5_c0.5,text,semantic,road,,positive,0.5,0.0,0.8469728573398148,0.5954754666349632,0.49886527749123166,0.7384916748285995,0.7657287978470572,0.1957378387451172,0.20031356811523438,1,0.9181042909622192,0.9732407331466675,False,0
finetuned/ft1/seg_head_best.pt,train_crosswalk_42378289N_71033951W_jpeg.rf.1da36f70b1109f2450f339fa24049935,coords-in-name,train,text__semantic__road__t0.5_c0.5_fill25,text,semantic,road,,positive,0.5,25.0,0.8492852952157448,0.5729846918809071,0.4928196945520857,0.6842964413973229,0.7486518106299646,0.19647884368896484,0.20031356811523438,1,0.9181042909622192,0.9732407331466675,False,0
finetuned/ft1/seg_head_best.pt,train_crosswalk_42378289N_71033951W_jpeg.rf.1da36f70b1109f2450f339fa24049935,coords-in-name,train,text__semantic__road__neg-sidewalk+grass+building+tree__t0.3_c0.5,text,semantic,road,sidewalk+grass+building+tree,positive,0.3,0.0,0.8283813871685969,0.6205383354336639,0.5401578458681523,0.7290238328436174,0.7659025095101883,0.17246437072753906,0.20031356811523438,1,0.9181042909622192,0.9732407331466675,False,0
finetuned/ft1/seg_head_best.pt,train_crosswalk_42378289N_71033951W_jpeg.rf.1da36f70b1109f2450f339fa24049935,coords-in-name,train,text__semantic__road__neg-sidewalk+grass+building+tree__t0.3_c0.5_fill25,text,semantic,road,sidewalk+grass+building+tree,positive,0.3,25.0,0.8300694558125394,0.6383893716212784,0.568394437420986,0.7280444009141365,0.7678314438557523,0.1728382110595703,0.20031356811523438,1,0.9181042909622192,0.9732407331466675,False,0
finetuned/ft1/seg_head_best.pt,train_crosswalk_42378289N_71033951W_jpeg.rf.1da36f70b1109f2450f339fa24049935,coords-in-name,train,text__semantic__road__neg-sidewalk+grass+building+tree__t0.4_c0.5,text,semantic,road,sidewalk+grass+building+tree,positive,0.4,0.0,0.8208988131538208,0.5875119776862049,0.5098356861837537,0.693111328762651,0.735990064981328,0.16986560821533203,0.20031356811523438,1,0.9181042909622192,0.9732407331466675,False,0
finetuned/ft1/seg_head_best.pt,train_crosswalk_42378289N_71033951W_jpeg.rf.1da36f70b1109f2450f339fa24049935,coords-in-name,train,text__semantic__road__neg-sidewalk+grass+building+tree__t0.4_c0.5_fill25,text,semantic,road,sidewalk+grass+building+tree,positive,0.4,25.0,0.8229301036179505,0.5990424864921331,0.5274562915538045,0.693111328762651,0.7416829205777304,0.17030811309814453,0.20031356811523438,1,0.9181042909622192,0.9732407331466675,False,0
finetuned/ft1/seg_head_best.pt,train_crosswalk_42378289N_71033951W_jpeg.rf.1da36f70b1109f2450f339fa24049935,coords-in-name,train,text__semantic__road__neg-sidewalk+grass+building+tree__t0.5_c0.5,text,semantic,road,sidewalk+grass+building+tree,positive,0.5,0.0,0.8112029979853763,0.5815727277267229,0.5167240531234628,0.6650342801175319,0.7023178777584463,0.16750240325927734,0.20031356811523438,1,0.9181042909622192,0.9732407331466675,False,0
finetuned/ft1/seg_head_best.pt,train_crosswalk_42378289N_71033951W_jpeg.rf.1da36f70b1109f2450f339fa24049935,coords-in-name,train,text__semantic__road__neg-sidewalk+grass+building+tree__t0.5_c0.5_fill25,text,semantic,road,sidewalk+grass+building+tree,positive,0.5,25.0,0.8116465373128722,0.5879142381262308,0.5268218623481782,0.6650342801175319,0.7067037970072093,0.16761493682861328,0.20031356811523438,1,0.9181042909622192,0.9732407331466675,False,0
finetuned/ft1/seg_head_best.pt,train_crosswalk_42378289N_71033951W_jpeg.rf.1da36f70b1109f2450f339fa24049935,coords-in-name,train,text__fused__road__t0.3_c0.5,text,fused,road,,positive,0.3,0.0,0.8468628116693303,0.5412113160355689,0.4237989182309895,0.7486124714332354,0.75949603247724,0.2250804901123047,0.20031356811523438,1,0.9181042909622192,0.9732407331466675,False,0
finetuned/ft1/seg_head_best.pt,train_crosswalk_42378289N_71033951W_jpeg.rf.1da36f70b1109f2450f339fa24049935,coords-in-name,train,text__fused__road__t0.3_c0.5_fill25,text,fused,road,,positive,0.3,25.0,0.8494760346200994,0.5421542557862605,0.44519289650949173,0.693111328762651,0.7361145690810276,0.22703170776367188,0.20031356811523438,1,0.9181042909622192,0.9732407331466675,False,0
finetuned/ft1/seg_head_best.pt,train_crosswalk_42378289N_71033951W_jpeg.rf.1da36f70b1109f2450f339fa24049935,coords-in-name,train,text__fused__road__t0.4_c0.5,text,fused,road,,positive,0.4,0.0,0.8504787731680082,0.5400830081276878,0.4128681915418792,0.7806072477962782,0.7443077642219673,0.2090158462524414,0.20031356811523438,1,0.9181042909622192,0.9732407331466675,False,0
finetuned/ft1/seg_head_best.pt,train_crosswalk_42378289N_71033951W_jpeg.rf.1da36f70b1109f2450f339fa24049935,coords-in-name,train,text__fused__road__t0.4_c0.5_fill25,text,fused,road,,positive,0.4,25.0,0.8535595848227745,0.5407419242001889,0.4258775205377147,0.7404505386875612,0.7370592279736765,0.2101268768310547,0.20031356811523438,1,0.9181042909622192,0.9732407331466675,False,0
finetuned/ft1/seg_head_best.pt,train_crosswalk_42378289N_71033951W_jpeg.rf.1da36f70b1109f2450f339fa24049935,coords-in-name,train,text__fused__road__t0.5_c0.5,text,fused,road,,positive,0.5,0.0,0.8469728573398148,0.5954754666349632,0.49886527749123166,0.7384916748285995,0.7657287978470572,0.1957378387451172,0.20031356811523438,1,0.9181042909622192,0.9732407331466675,False,0
finetuned/ft1/seg_head_best.pt,train_crosswalk_42378289N_71033951W_jpeg.rf.1da36f70b1109f2450f339fa24049935,coords-in-name,train,text__fused__road__t0.5_c0.5_fill25,text,fused,road,,positive,0.5,25.0,0.8492852952157448,0.5729846918809071,0.4928196945520857,0.6842964413973229,0.7486518106299646,0.19647884368896484,0.20031356811523438,1,0.9181042909622192,0.9732407331466675,False,0
finetuned/ft1/seg_head_best.pt,train_crosswalk_42378289N_71033951W_jpeg.rf.1da36f70b1109f2450f339fa24049935,coords-in-name,train,text__fused__road__neg-sidewalk+grass+building+tree__t0.3_c0.5,text,fused,road,sidewalk+grass+building+tree,positive,0.3,0.0,0.8285920125000584,0.6210149321303551,0.5408805031446541,0.7290238328436174,0.7663959298982829,0.1724567413330078,0.20031356811523438,1,0.9181042909622192,0.9732407331466675,False,0
finetuned/ft1/seg_head_best.pt,train_crosswalk_42378289N_71033951W_jpeg.rf.1da36f70b1109f2450f339fa24049935,coords-in-name,train,text__fused__road__neg-sidewalk+grass+building+tree__t0.3_c0.5_fill25,text,fused,road,sidewalk+grass+building+tree,positive,0.3,25.0,0.8302990045655265,0.6396823156753301,0.5704476093591048,0.7280444009141365,0.7680342024699061,0.1728343963623047,0.20031356811523438,1,0.9181042909622192,0.9732407331466675,False,0
finetuned/ft1/seg_head_best.pt,train_crosswalk_42378289N_71033951W_jpeg.rf.1da36f70b1109f2450f339fa24049935,coords-in-name,train,text__fused__road__neg-sidewalk+grass+building+tree__t0.4_c0.5,text,fused,road,sidewalk+grass+building+tree,positive,0.4,0.0,0.820941175366745,0.5874366348611084,0.5097222222222222,0.693111328762651,0.7359427360067058,0.16985511779785156,0.20031356811523438,1,0.9181042909622192,0.9732407331466675,False,0
finetuned/ft1/seg_head_best.pt,train_crosswalk_42378289N_71033951W_jpeg.rf.1da36f70b1109f2450f339fa24049935,coords-in-name,train,text__fused__road__neg-sidewalk+grass+building+tree__t0.4_c0.5_fill25,text,fused,road,sidewalk+grass+building+tree,positive,0.4,25.0,0.8229725672683604,0.59896741593,0.5273399014778325,0.693111328762651,0.7416345821424661,0.17029762268066406,0.20031356811523438,1,0.9181042909622192,0.9732407331466675,False,0
finetuned/ft1/seg_head_best.pt,train_crosswalk_42378289N_71033951W_jpeg.rf.1da36f70b1109f2450f339fa24049935,coords-in-name,train,text__fused__road__neg-sidewalk+grass+building+tree__t0.5_c0.5,text,fused,road,sidewalk+grass+building+tree,positive,0.5,0.0,0.8112258555347356,0.5815727277267229,0.5167240531234628,0.6650342801175319,0.7023178777584463,0.1674966812133789,0.20031356811523438,1,0.9181042909622192,0.9732407331466675,False,0
finetuned/ft1/seg_head_best.pt,train_crosswalk_42378289N_71033951W_jpeg.rf.1da36f70b1109f2450f339fa24049935,coords-in-name,train,text__fused__road__neg-sidewalk+grass+building+tree__t0.5_c0.5_fill25,text,fused,road,sidewalk+grass+building+tree,positive,0.5,25.0,0.8116694059638413,0.5879142381262308,0.5268218623481782,0.6650342801175319,0.7067037970072093,0.16760921478271484,0.20031356811523438,1,0.9181042909622192,0.9732407331466675,False,0
finetuned/ft1/seg_head_best.pt,train_crosswalk_32695497N_97115006W_jpeg.rf.30d2b3a20214bd646b3219c233de4abc,coords-in-name,train,text__semantic__road__t0.3_c0.5,text,semantic,road,,positive,0.3,0.0,0.8410449458469598,0.5152007415744692,0.4589858314690529,0.5871075298694082,0.6314269645287776,0.5326690673828125,0.586705207824707,1,0.6224382519721985,0.7256486415863037,False,0
finetuned/ft1/seg_head_best.pt,train_crosswalk_32695497N_97115006W_jpeg.rf.30d2b3a20214bd646b3219c233de4abc,coords-in-name,train,text__semantic__road__t0.3_c0.5_fill25,text,semantic,road,,positive,0.3,25.0,0.8409813079714804,0.5097332976285628,0.45627376425855515,0.5773826062795221,0.6271848619264512,0.5327234268188477,0.586705207824707,1,0.6224382519721985,0.7256486415863037,False,0
finetuned/ft1/seg_head_best.pt,train_crosswalk_32695497N_97115006W_jpeg.rf.30d2b3a20214bd646b3219c233de4abc,coords-in-name,train,text__semantic__road__t0.4_c0.5,text,semantic,road,,positive,0.4,0.0,0.8497943404929763,0.5911402280515948,0.5555796316359697,0.6315643234231731,0.6680073884479479,0.5185413360595703,0.586705207824707,1,0.6224382519721985,0.7256486415863037,False,0
finetuned/ft1/seg_head_best.pt,train_crosswalk_32695497N_97115006W_jpeg.rf.30d2b3a20214bd646b3219c233de4abc,coords-in-name,train,text__semantic__road__t0.4_c0.5_fill25,text,semantic,road,,positive,0.4,25.0,0.8498460782264127,0.6038458047780213,0.5784580498866213,0.6315643234231731,0.675397652603435,0.5187416076660156,0.586705207824707,1,0.6224382519721985,0.7256486415863037,False,0
finetuned/ft1/seg_head_best.pt,train_crosswalk_32695497N_97115006W_jpeg.rf.30d2b3a20214bd646b3219c233de4abc,coords-in-name,train,text__semantic__road__t0.5_c0.5,text,semantic,road,,positive,0.5,0.0,0.845879381625726,0.5557758840662333,0.4821092278719397,0.6560155598777438,0.6175176078452258,0.5075922012329102,0.586705207824707,1,0.6224382519721985,0.7256486415863037,False,0
finetuned/ft1/seg_head_best.pt,train_crosswalk_32695497N_97115006W_jpeg.rf.30d2b3a20214bd646b3219c233de4abc,coords-in-name,train,text__semantic__road__t0.5_c0.5_fill25,text,semantic,road,,positive,0.5,25.0,0.8478580649517468,0.6042811159705733,0.5635999108932948,0.6512920255626563,0.6596074469389379,0.5094718933105469,0.586705207824707,1,0.6224382519721985,0.7256486415863037,False,0
finetuned/ft1/seg_head_best.pt,train_crosswalk_32695497N_97115006W_jpeg.rf.30d2b3a20214bd646b3219c233de4abc,coords-in-name,train,text__semantic__road__neg-sidewalk+grass+building+tree__t0.3_c0.5,text,semantic,road,sidewalk+grass+building+tree,positive,0.3,0.0,0.8443010884285822,0.6192255239506613,0.6104754640223747,0.6282300639066407,0.6767332658134609,0.5055255889892578,0.586705207824707,1,0.6224382519721985,0.7256486415863037,False,0
finetuned/ft1/seg_head_best.pt,train_crosswalk_32695497N_97115006W_jpeg.rf.30d2b3a20214bd646b3219c233de4abc,coords-in-name,train,text__semantic__road__neg-sidewalk+grass+building+tree__t0.3_c0.5_fill25,text,semantic,road,sidewalk+grass+building+tree,positive,0.3,25.0,0.8443316848822923,0.6224360888255368,0.6167480092473671,0.6282300639066407,0.6802126500015424,0.5055437088012695,0.586705207824707,1,0.6224382519721985,0.7256486415863037,False,0
finetuned/ft1/seg_head_best.pt,train_crosswalk_32695497N_97115006W_jpeg.rf.30d2b3a20214bd646b3219c233de4abc,coords-in-name,train,text__semantic__road__neg-sidewalk+grass+building+tree__t0.4_c0.5,text,semantic,road,sidewalk+grass+building+tree,positive,0.4,0.0,0.8445898646054784,0.6146953831722631,0.599204375932372,0.631008613503751,0.6713311706616285,0.5039005279541016,0.586705207824707,1,0.6224382519721985,0.7256486415863037,False,0
finetuned/ft1/seg_head_best.pt,train_crosswalk_32695497N_97115006W_jpeg.rf.30d2b3a20214bd646b3219c233de4abc,coords-in-name,train,text__semantic__road__neg-sidewalk+grass+building+tree__t0.4_c0.5_fill25,text,semantic,road,sidewalk+grass+building+tree,positive,0.4,25.0,0.8447963275405426,0.6243295052045711,0.6177903101768777,0.631008613503751,0.6817486219706247,0.5040225982666016,0.586705207824707,1,0.6224382519721985,0.7256486415863037,False,0
finetuned/ft1/seg_head_best.pt,train_crosswalk_32695497N_97115006W_jpeg.rf.30d2b3a20214bd646b3219c233de4abc,coords-in-name,train,text__semantic__road__neg-sidewalk+grass+building+tree__t0.5_c0.5,text,semantic,road,sidewalk+grass+building+tree,positive,0.5,0.0,0.8409039507864094,0.564758202060777,0.5018277822908205,0.6457349263684357,0.6239129086148626,0.5000534057617188,0.586705207824707,1,0.6224382519721985,0.7256486415863037,False,0
finetuned/ft1/seg_head_best.pt,train_crosswalk_32695497N_97115006W_jpeg.rf.30d2b3a20214bd646b3219c233de4abc,coords-in-name,train,text__semantic__road__neg-sidewalk+grass+building+tree__t0.5_c0.5_fill25,text,semantic,road,sidewalk+grass+building+tree,positive,0.5,25.0,0.8434585100917905,0.6102650598132163,0.5793838862559242,0.6446235065295916,0.6651340491416758,0.5015649795532227,0.586705207824707,1,0.6224382519721985,0.7256486415863037,False,0
finetuned/ft1/seg_head_best.pt,train_crosswalk_32695497N_97115006W_jpeg.rf.30d2b3a20214bd646b3219c233de4abc,coords-in-name,train,text__fused__road__t0.3_c0.5,text,fused,road,,positive,0.3,0.0,0.8410449458469598,0.5152007415744692,0.4589858314690529,0.5871075298694082,0.6314269645287776,0.5326690673828125,0.586705207824707,1,0.6224382519721985,0.7256486415863037,False,0
finetuned/ft1/seg_head_best.pt,train_crosswalk_32695497N_97115006W_jpeg.rf.30d2b3a20214bd646b3219c233de4abc,coords-in-name,train,text__fused__road__t0.3_c0.5_fill25,text,fused,road,,positive,0.3,25.0,0.8409813079714804,0.5097332976285628,0.45627376425855515,0.5773826062795221,0.6271848619264512,0.5327234268188477,0.586705207824707,1,0.6224382519721985,0.7256486415863037,False,0
finetuned/ft1/seg_head_best.pt,train_crosswalk_32695497N_97115006W_jpeg.rf.30d2b3a20214bd646b3219c233de4abc,coords-in-name,train,text__fused__road__t0.4_c0.5,text,fused,road,,positive,0.4,0.0,0.8497943404929763,0.5911402280515948,0.5555796316359697,0.6315643234231731,0.6680073884479479,0.5185413360595703,0.586705207824707,1,0.6224382519721985,0.7256486415863037,False,0
finetuned/ft1/seg_head_best.pt,train_crosswalk_32695497N_97115006W_jpeg.rf.30d2b3a20214bd646b3219c233de4abc,coords-in-name,train,text__fused__road__t0.4_c0.5_fill25,text,fused,road,,positive,0.4,25.0,0.8498460782264127,0.6038458047780213,0.5784580498866213,0.6315643234231731,0.675397652603435,0.5187416076660156,0.586705207824707,1,0.6224382519721985,0.7256486415863037,False,0
finetuned/ft1/seg_head_best.pt,train_crosswalk_32695497N_97115006W_jpeg.rf.30d2b3a20214bd646b3219c233de4abc,coords-in-name,train,text__fused__road__t0.5_c0.5,text,fused,road,,positive,0.5,0.0,0.845879381625726,0.5557758840662333,0.4821092278719397,0.6560155598777438,0.6175176078452258,0.5075922012329102,0.586705207824707,1,0.6224382519721985,0.7256486415863037,False,0
finetuned/ft1/seg_head_best.pt,train_crosswalk_32695497N_97115006W_jpeg.rf.30d2b3a20214bd646b3219c233de4abc,coords-in-name,train,text__fused__road__t0.5_c0.5_fill25,text,fused,road,,positive,0.5,25.0,0.8478580649517468,0.6042811159705733,0.5635999108932948,0.6512920255626563,0.6596074469389379,0.5094718933105469,0.586705207824707,1,0.6224382519721985,0.7256486415863037,False,0
finetuned/ft1/seg_head_best.pt,train_crosswalk_32695497N_97115006W_jpeg.rf.30d2b3a20214bd646b3219c233de4abc,coords-in-name,train,text__fused__road__neg-sidewalk+grass+building+tree__t0.3_c0.5,text,fused,road,sidewalk+grass+building+tree,positive,0.3,0.0,0.8443010884285822,0.6192255239506613,0.6104754640223747,0.6282300639066407,0.6767332658134609,0.5055255889892578,0.586705207824707,1,0.6224382519721985,0.7256486415863037,False,0
finetuned/ft1/seg_head_best.pt,train_crosswalk_32695497N_97115006W_jpeg.rf.30d2b3a20214bd646b3219c233de4abc,coords-in-name,train,text__fused__road__neg-sidewalk+grass+building+tree__t0.3_c0.5_fill25,text,fused,road,sidewalk+grass+building+tree,positive,0.3,25.0,0.8443316848822923,0.6224360888255368,0.6167480092473671,0.6282300639066407,0.6802126500015424,0.5055437088012695,0.586705207824707,1,0.6224382519721985,0.7256486415863037,False,0
finetuned/ft1/seg_head_best.pt,train_crosswalk_32695497N_97115006W_jpeg.rf.30d2b3a20214bd646b3219c233de4abc,coords-in-name,train,text__fused__road__neg-sidewalk+grass+building+tree__t0.4_c0.5,text,fused,road,sidewalk+grass+building+tree,positive,0.4,0.0,0.8445898646054784,0.6146953831722631,0.599204375932372,0.631008613503751,0.6713311706616285,0.5039005279541016,0.586705207824707,1,0.6224382519721985,0.7256486415863037,False,0
finetuned/ft1/seg_head_best.pt,train_crosswalk_32695497N_97115006W_jpeg.rf.30d2b3a20214bd646b3219c233de4abc,coords-in-name,train,text__fused__road__neg-sidewalk+grass+building+tree__t0.4_c0.5_fill25,text,fused,road,sidewalk+grass+building+tree,positive,0.4,25.0,0.8447963275405426,0.6243295052045711,0.6177903101768777,0.631008613503751,0.6817486219706247,0.5040225982666016,0.586705207824707,1,0.6224382519721985,0.7256486415863037,False,0
finetuned/ft1/seg_head_best.pt,train_crosswalk_32695497N_97115006W_jpeg.rf.30d2b3a20214bd646b3219c233de4abc,coords-in-name,train,text__fused__road__neg-sidewalk+grass+building+tree__t0.5_c0.5,text,fused,road,sidewalk+grass+building+tree,positive,0.5,0.0,0.8409039507864094,0.564758202060777,0.5018277822908205,0.6457349263684357,0.6239129086148626,0.5000534057617188,0.586705207824707,1,0.6224382519721985,0.7256486415863037,False,0
finetuned/ft1/seg_head_best.pt,train_crosswalk_32695497N_97115006W_jpeg.rf.30d2b3a20214bd646b3219c233de4abc,coords-in-name,train,text__fused__road__neg-sidewalk+grass+building+tree__t0.5_c0.5_fill25,text,fused,road,sidewalk+grass+building+tree,positive,0.5,25.0,0.8434585100917905,0.6102650598132163,0.5793838862559242,0.6446235065295916,0.6651340491416758,0.5015649795532227,0.586705207824707,1,0.6224382519721985,0.7256486415863037,False,0
finetuned/ft1/seg_head_best.pt,train_crosswalk_33675406N_117833865W_jpeg.rf.4235e6ba11e0ebe57571a3d310c71501,coords-in-name,train,text__semantic__road__t0.3_c0.5,text,semantic,road,,positive,0.3,0.0,0.8139246015888086,0.574076079203667,0.4647822589911525,0.7505739929033605,0.744390584335006,0.35792064666748047,0.32170772552490234,2,0.61960768699646,0.8902942538261414,False,0
finetuned/ft1/seg_head_best.pt,train_crosswalk_33675406N_117833865W_jpeg.rf.4235e6ba11e0ebe57571a3d310c71501,coords-in-name,train,text__semantic__road__t0.3_c0.5_fill25,text,semantic,road,,positive,0.3,25.0,0.8150247420268628,0.5881423443202625,0.49325121216092255,0.728240450845335,0.7567839447350814,0.35899925231933594,0.32170772552490234,2,0.61960768699646,0.8902942538261414,False,0
finetuned/ft1/seg_head_best.pt,train_crosswalk_33675406N_117833865W_jpeg.rf.4235e6ba11e0ebe57571a3d310c71501,coords-in-name,train,text__semantic__road__t0.4_c0.5,text,semantic,road,,positive,0.4,0.0,0.8086607880224845,0.5927305709648569,0.49798578199052135,0.7319974953036944,0.7893839404866002,0.3257579803466797,0.32170772552490234,2,0.61960768699646,0.8902942538261414,False,0
finetuned/ft1/seg_head_best.pt,train_crosswalk_33675406N_117833865W_jpeg.rf.4235e6ba11e0ebe57571a3d310c71501,coords-in-name,train,text__semantic__road__t0.4_c0.5_fill25,text,semantic,road,,positive,0.4,25.0,0.8097317114701063,0.5840117314933214,0.5058887234330581,0.6906700062617408,0.7754370831468635,0.3269939422607422,0.32170772552490234,2,0.61960768699646,0.8902942538261414,False,0
finetuned/ft1/seg_head_best.pt,train_crosswalk_33675406N_117833865W_jpeg.rf.4235e6ba11e0ebe57571a3d310c71501,coords-in-name,train,text__semantic__road__t0.5_c0.5,text,semantic,road,,positive,0.5,0.0,0.7712779435203727,0.4873971068410014,0.4172532957890695,0.585890210811939,0.6686582301523578,0.2982959747314453,0.32170772552490234,2,0.61960768699646,0.8902942538261414,False,0
finetuned/ft1/seg_head_best.pt,train_crosswalk_33675406N_117833865W_jpeg.rf.4235e6ba11e0ebe57571a3d310c71501,coords-in-name,train,text__semantic__road__t0.5_c0.5_fill25,text,semantic,road,,positive,0.5,25.0,0.7723313742258439,0.49466142428807064,0.43340701851340147,0.5760801502817783,0.6774626025551366,0.29889965057373047,0.32170772552490234,2,0.61960768699646,0.8902942538261414,False,0
finetuned/ft1/seg_head_best.pt,train_crosswalk_33675406N_117833865W_jpeg.rf.4235e6ba11e0ebe57571a3d310c71501,coords-in-name,train,text__semantic__road__neg-sidewalk+grass+building+tree__t0.3_c0.5,text,semantic,road,sidewalk+grass+building+tree,positive,0.3,0.0,0.7955700759814721,0.6012895323114654,0.5141137123745819,0.7240659570027134,0.7795382886869247,0.31563663482666016,0.32170772552490234,2,0.61960768699646,0.8902942538261414,False,0
finetuned/ft1/seg_head_best.pt,train_crosswalk_33675406N_117833865W_jpeg.rf.4235e6ba11e0ebe57571a3d310c71501,coords-in-name,train,text__semantic__road__neg-sidewalk+grass+building+tree__t0.3_c0.5_fill25,text,semantic,road,sidewalk+grass+building+tree,positive,0.3,25.0,0.7976601282636112,0.6046101301350512,0.534254898982227,0.6963055729492799,0.7820970933176586,0.31719112396240234,0.32170772552490234,2,0.61960768699646,0.8902942538261414,False,0
finetuned/ft1/seg_head_best.pt,train_crosswalk_33675406N_117833865W_jpeg.rf.4235e6ba11e0ebe57571a3d310c71501,coords-in-name,train,text__semantic__road__neg-sidewalk+grass+building+tree__t0.4_c0.5,text,semantic,road,sidewalk+grass+building+tree,positive,0.4,0.0,0.7770953551594132,0.5592546915336488,0.47854104910426604,0.6727196827384679,0.7537659374668065,0.3035726547241211,0.32170772552490234,2,0.61960768699646,0.8902942538261414,False,0
finetuned/ft1/seg_head_best.pt,train_crosswalk_33675406N_117833865W_jpeg.rf.4235e6ba11e0ebe57571a3d310c71501,coords-in-name,train,text__semantic__road__neg-sidewalk+grass+building+tree__t0.4_c0.5_fill25,text,semantic,road,sidewalk+grass+building+tree,positive,0.4,25.0,0.7776535435628928,0.5511998334060741,0.4754800386793756,0.6556042579837195,0.7476808864034191,0.3044929504394531,0.32170772552490234,2,0.61960768699646,0.8902942538261414,False,0
finetuned/ft1/seg_head_best.pt,train_crosswalk_33675406N_117833865W_jpeg.rf.4235e6ba11e0ebe57571a3d310c71501,coords-in-name,train,text__semantic__road__neg-sidewalk+grass+building+tree__t0.5_c0.5,text,semantic,road,sidewalk+grass+building+tree,positive,0.5,0.0,0.744234783609198,0.46110136694155884,0.3958673191952148,0.5520768106867042,0.6545515080016658,0.28550148010253906,0.32170772552490234,2,0.61960768699646,0.8902942538261414,False,0
finetuned/ft1/seg_head_best.pt,train_crosswalk_33675406N_117833865W_jpeg.rf.4235e6ba11e0ebe57571a3d310c71501,coords-in-name,train,text__semantic__road__neg-sidewalk+grass+building+tree__t0.5_c0.5_fill25,text,semantic,road,sidewalk+grass+building+tree,positive,0.5,25.0,0.745295755979066,0.46838140817101875,0.41054313099041534,0.5451888958463786,0.6653957765320343,0.28606224060058594,0.32170772552490234,2,0.61960768699646,0.8902942538261414,False,0
finetuned/ft1/seg_head_best.pt,train_crosswalk_33675406N_117833865W_jpeg.rf.4235e6ba11e0ebe57571a3d310c71501,coords-in-name,train,text__fused__road__t0.3_c0.5,text,fused,road,,positive,0.3,0.0,0.8139246015888086,0.574076079203667,0.4647822589911525,0.7505739929033605,0.744390584335006,0.35792064666748047,0.32170772552490234,2,0.61960768699646,0.8902942538261414,False,0
finetuned/ft1/seg_head_best.pt,train_crosswalk_33675406N_117833865W_jpeg.rf.4235e6ba11e0ebe57571a3d310c71501,coords-in-name,train,text__fused__road__t0.3_c0.5_fill25,text,fused,road,,positive,0.3,25.0,0.8150247420268628,0.5881423443202625,0.49325121216092255,0.728240450845335,0.7567839447350814,0.35899925231933594,0.32170772552490234,2,0.61960768699646,0.8902942538261414,False,0
finetuned/ft1/seg_head_best.pt,train_crosswalk_33675406N_117833865W_jpeg.rf.4235e6ba11e0ebe57571a3d310c71501,coords-in-name,train,text__fused__road__t0.4_c0.5,text,fused,road,,positive,0.4,0.0,0.8086607880224845,0.5927305709648569,0.49798578199052135,0.7319974953036944,0.7893839404866002,0.3257579803466797,0.32170772552490234,2,0.61960768699646,0.8902942538261414,False,0
finetuned/ft1/seg_head_best.pt,train_crosswalk_33675406N_117833865W_jpeg.rf.4235e6ba11e0ebe57571a3d310c71501,coords-in-name,train,text__fused__road__t0.4_c0.5_fill25,text,fused,road,,positive,0.4,25.0,0.8097317114701063,0.5840117314933214,0.5058887234330581,0.6906700062617408,0.7754370831468635,0.3269939422607422,0.32170772552490234,2,0.61960768699646,0.8902942538261414,False,0
finetuned/ft1/seg_head_best.pt,train_crosswalk_33675406N_117833865W_jpeg.rf.4235e6ba11e0ebe57571a3d310c71501,coords-in-name,train,text__fused__road__t0.5_c0.5,text,fused,road,,positive,0.5,0.0,0.7712779435203727,0.4873971068410014,0.4172532957890695,0.585890210811939,0.6686582301523578,0.2982959747314453,0.32170772552490234,2,0.61960768699646,0.8902942538261414,False,0
finetuned/ft1/seg_head_best.pt,train_crosswalk_33675406N_117833865W_jpeg.rf.4235e6ba11e0ebe57571a3d310c71501,coords-in-name,train,text__fused__road__t0.5_c0.5_fill25,text,fused,road,,positive,0.5,25.0,0.7723313742258439,0.49466142428807064,0.43340701851340147,0.5760801502817783,0.6774626025551366,0.29889965057373047,0.32170772552490234,2,0.61960768699646,0.8902942538261414,False,0
finetuned/ft1/seg_head_best.pt,train_crosswalk_33675406N_117833865W_jpeg.rf.4235e6ba11e0ebe57571a3d310c71501,coords-in-name,train,text__fused__road__neg-sidewalk+grass+building+tree__t0.3_c0.5,text,fused,road,sidewalk+grass+building+tree,positive,0.3,0.0,0.795867244363691,0.6026214923438135,0.5160642570281124,0.7240659570027134,0.7794141190347882,0.31549549102783203,0.32170772552490234,2,0.61960768699646,0.8902942538261414,False,0
finetuned/ft1/seg_head_best.pt,train_crosswalk_33675406N_117833865W_jpeg.rf.4235e6ba11e0ebe57571a3d310c71501,coords-in-name,train,text__fused__road__neg-sidewalk+grass+building+tree__t0.3_c0.5_fill25,text,fused,road,sidewalk+grass+building+tree,positive,0.3,25.0,0.7979598684652037,0.6069482491809809,0.5370482842392955,0.6977666457941974,0.7821759373806162,0.3170490264892578,0.32170772552490234,2,0.61960768699646,0.8902942538261414,False,0
finetuned/ft1/seg_head_best.pt,train_crosswalk_33675406N_117833865W_jpeg.rf.4235e6ba11e0ebe57571a3d310c71501,coords-in-name,train,text__fused__road__neg-sidewalk+grass+building+tree__t0.4_c0.5,text,fused,road,sidewalk+grass+building+tree,positive,0.4,0.0,0.777097461417118,0.5592546915336488,0.47854104910426604,0.6727196827384679,0.7537659374668065,0.3035717010498047,0.32170772552490234,2,0.61960768699646,0.8902942538261414,False,0
finetuned/ft1/seg_head_best.pt,train_crosswalk_33675406N_117833865W_jpeg.rf.4235e6ba11e0ebe57571a3d310c71501,coords-in-name,train,text__fused__road__neg-sidewalk+grass+building+tree__t0.4_c0.5_fill25,text,fused,road,sidewalk+grass+building+tree,positive,0.4,25.0,0.7776556488969145,0.5511998334060741,0.4754800386793756,0.6556042579837195,0.7476808864034191,0.3044919967651367,0.32170772552490234,2,0.61960768699646,0.8902942538261414,False,0
finetuned/ft1/seg_head_best.pt,train_crosswalk_33675406N_117833865W_jpeg.rf.4235e6ba11e0ebe57571a3d310c71501,coords-in-name,train,text__fused__road__neg-sidewalk+grass+building+tree__t0.5_c0.5,text,fused,road,sidewalk+grass+building+tree,positive,0.5,0.0,0.744234783609198,0.46110136694155884,0.3958673191952148,0.5520768106867042,0.6545515080016658,0.28550148010253906,0.32170772552490234,2,0.61960768699646,0.8902942538261414,False,0
finetuned/ft1/seg_head_best.pt,train_crosswalk_33675406N_117833865W_jpeg.rf.4235e6ba11e0ebe57571a3d310c71501,coords-in-name,train,text__fused__road__neg-sidewalk+grass+building+tree__t0.5_c0.5_fill25,text,fused,road,sidewalk+grass+building+tree,positive,0.5,25.0,0.745295755979066,0.46838140817101875,0.41054313099041534,0.5451888958463786,0.6653957765320343,0.28606224060058594,0.32170772552490234,2,0.61960768699646,0.8902942538261414,False,0
finetuned/ft1/seg_head_best.pt,train_crosswalk_42338129N_71099580W_jpeg.rf.daae6e52da0e6ca7bef64e4fc4286a43,coords-in-name,train,text__semantic__road__t0.3_c0.5,text,semantic,road,,positive,0.3,0.0,0.821913163019819,0.5306111584932642,0.423941141379996,0.7090084251458199,0.7387557822559081,0.2067880630493164,0.1723804473876953,1,0.9011597633361816,0.937210738658905,False,0
finetuned/ft1/seg_head_best.pt,train_crosswalk_42338129N_71099580W_jpeg.rf.daae6e52da0e6ca7bef64e4fc4286a43,coords-in-name,train,text__semantic__road__t0.3_c0.5_fill25,text,semantic,road,,positive,0.3,25.0,0.8181242626997828,0.5078182227169694,0.42990654205607476,0.6202203499675956,0.7183200809140635,0.2082986831665039,0.1723804473876953,1,0.9011597633361816,0.937210738658905,False,0
finetuned/ft1/seg_head_best.pt,train_crosswalk_42338129N_71099580W_jpeg.rf.daae6e52da0e6ca7bef64e4fc4286a43,coords-in-name,train,text__semantic__road__t0.4_c0.5,text,semantic,road,,positive,0.4,0.0,0.8514617707245173,0.5978435158218528,0.4860557768924303,0.7764095917044718,0.7925106803742268,0.197784423828125,0.1723804473876953,1,0.9011597633361816,0.937210738658905,False,0
finetuned/ft1/seg_head_best.pt,train_crosswalk_42338129N_71099580W_jpeg.rf.daae6e52da0e6ca7bef64e4fc4286a43,coords-in-name,train,text__semantic__road__t0.4_c0.5_fill25,text,semantic,road,,positive,0.4,25.0,0.8490857853137365,0.5982555762963588,0.5136970264575041,0.7161373946856773,0.7798715623418865,0.19931793212890625,0.1723804473876953,1,0.9011597633361816,0.937210738658905,False,0
finetuned/ft1/seg_head_best.pt,train_crosswalk_42338129N_71099580W_jpeg.rf.daae6e52da0e6ca7bef64e4fc4286a43,coords-in-name,train,text__semantic__road__t0.5_c0.5,text,semantic,road,,positive,0.5,0.0,0.8704973890403799,0.6313997070643952,0.5106423055189301,0.8269604666234608,0.8355877229803482,0.18938159942626953,0.1723804473876953,1,0.9011597633361816,0.937210738658905,False,0
finetuned/ft1/seg_head_best.pt,train_crosswalk_42338129N_71099580W_jpeg.rf.daae6e52da0e6ca7bef64e4fc4286a43,coords-in-name,train,text__semantic__road__t0.5_c0.5_fill25,text,semantic,road,,positive,0.5,25.0,0.8708079174633446,0.6395651001165334,0.5504420766266153,0.7631237848347375,0.8253734565388958,0.19060134887695312,0.1723804473876953,1,0.9011597633361816,0.937210738658905,False,0
finetuned/ft1/seg_head_best.pt,train_crosswalk_42338129N_71099580W_jpeg.rf.daae6e52da0e6ca7bef64e4fc4286a43,coords-in-name,train,text__semantic__road__neg-sidewalk+grass+building+tree__t0.3_c0.5,text,semantic,road,sidewalk+grass+building+tree,positive,0.3,0.0,0.8595180067571101,0.6905741187085849,0.6328515111695138,0.7598833441348023,0.8708536870947436,0.16669940948486328,0.1723804473876953,1,0.9011597633361816,0.937210738658905,False,0
finetuned/ft1/seg_head_best.pt,train_crosswalk_42338129N_71099580W_jpeg.rf.daae6e52da0e6ca7bef64e4fc4286a43,coords-in-name,train,text__semantic__road__neg-sidewalk+grass+building+tree__t0.3_c0.5_fill25,text,semantic,road,sidewalk+grass+building+tree,positive,0.3,25.0,0.8595043483262996,0.6893056287803483,0.6307241746538871,0.7598833441348023,0.8697249861852746,0.16672706604003906,0.1723804473876953,1,0.9011597633361816,0.937210738658905,False,0
finetuned/ft1/seg_head_best.pt,train_crosswalk_42338129N_71099580W_jpeg.rf.daae6e52da0e6ca7bef64e4fc4286a43,coords-in-name,train,text__semantic__road__neg-sidewalk+grass+building+tree__t0.4_c0.5,text,semantic,road,sidewalk+grass+building+tree,positive,0.4,0.0,0.8652734829767844,0.7112578628401067,0.6525355513818084,0.7815942968243681,0.8684615283124704,0.1652994155883789,0.1723804473876953,1,0.9011597633361816,0.937210738658905,False,0
finetuned/ft1/seg_head_best.pt,train_crosswalk_42338129N_71099580W_jpeg.rf.daae6e52da0e6ca7bef64e4fc4286a43,coords-in-name,train,text__semantic__road__neg-sidewalk+grass+building+tree__t0.4_c0.5_fill25,text,semantic,road,sidewalk+grass+building+tree,positive,0.4,25.0,0.865379550123795,0.7079821292099019,0.6492800869328986,0.778353856124433,0.8673448358247426,0.16532039642333984,0.1723804473876953,1,0.9011597633361816,0.937210738658905,False,0
finetuned/ft1/seg_head_best.pt,train_crosswalk_42338129N_71099580W_jpeg.rf.daae6e52da0e6ca7bef64e4fc4286a43,coords-in-name,train,text__semantic__road__neg-sidewalk+grass+building+tree__t0.5_c0.5,text,semantic,road,sidewalk+grass+building+tree,positive,0.5,0.0,0.869882521413986,0.7256478069303165,0.6688865210442195,0.7929358392741412,0.8688151691676649,0.16384410858154297,0.1723804473876953,1,0.9011597633361816,0.937210738658905,False,0
finetuned/ft1/seg_head_best.pt,train_crosswalk_42338129N_71099580W_jpeg.rf.daae6e52da0e6ca7bef64e4fc4286a43,coords-in-name,train,text__semantic__road__neg-sidewalk+grass+building+tree__t0.5_c0.5_fill25,text,semantic,road,sidewalk+grass+building+tree,positive,0.5,25.0,0.8701730566265891,0.7216414070034327,0.6648456705818082,0.789047310434219,0.8665531226243031,0.16390705108642578,0.1723804473876953,1,0.9011597633361816,0.937210738658905,False,0
finetuned/ft1/seg_head_best.pt,train_crosswalk_42338129N_71099580W_jpeg.rf.daae6e52da0e6ca7bef64e4fc4286a43,coords-in-name,train,text__fused__road__t0.3_c0.5,text,fused,road,,positive,0.3,0.0,0.821913163019819,0.5306111584932642,0.423941141379996,0.7090084251458199,0.7387557822559081,0.2067880630493164,0.1723804473876953,1,0.9011597633361816,0.937210738658905,False,0
finetuned/ft1/seg_head_best.pt,train_crosswalk_42338129N_71099580W_jpeg.rf.daae6e52da0e6ca7bef64e4fc4286a43,coords-in-name,train,text__fused__road__t0.3_c0.5_fill25,text,fused,road,,positive,0.3,25.0,0.8181242626997828,0.5078182227169694,0.42990654205607476,0.6202203499675956,0.7183200809140635,0.2082986831665039,0.1723804473876953,1,0.9011597633361816,0.937210738658905,False,0
finetuned/ft1/seg_head_best.pt,train_crosswalk_42338129N_71099580W_jpeg.rf.daae6e52da0e6ca7bef64e4fc4286a43,coords-in-name,train,text__fused__road__t0.4_c0.5,text,fused,road,,positive,0.4,0.0,0.8514617707245173,0.5978435158218528,0.4860557768924303,0.7764095917044718,0.7925106803742268,0.197784423828125,0.1723804473876953,1,0.9011597633361816,0.937210738658905,False,0
finetuned/ft1/seg_head_best.pt,train_crosswalk_42338129N_71099580W_jpeg.rf.daae6e52da0e6ca7bef64e4fc4286a43,coords-in-name,train,text__fused__road__t0.4_c0.5_fill25,text,fused,road,,positive,0.4,25.0,0.8490857853137365,0.5982555762963588,0.5136970264575041,0.7161373946856773,0.7798715623418865,0.19931793212890625,0.1723804473876953,1,0.9011597633361816,0.937210738658905,False,0
finetuned/ft1/seg_head_best.pt,train_crosswalk_42338129N_71099580W_jpeg.rf.daae6e52da0e6ca7bef64e4fc4286a43,coords-in-name,train,text__fused__road__t0.5_c0.5,text,fused,road,,positive,0.5,0.0,0.8704973890403799,0.6313997070643952,0.5106423055189301,0.8269604666234608,0.8355877229803482,0.18938159942626953,0.1723804473876953,1,0.9011597633361816,0.937210738658905,False,0
finetuned/ft1/seg_head_best.pt,train_crosswalk_42338129N_71099580W_jpeg.rf.daae6e52da0e6ca7bef64e4fc4286a43,coords-in-name,train,text__fused__road__t0.5_c0.5_fill25,text,fused,road,,positive,0.5,25.0,0.8708079174633446,0.6395651001165334,0.5504420766266153,0.7631237848347375,0.8253734565388958,0.19060134887695312,0.1723804473876953,1,0.9011597633361816,0.937210738658905,False,0
finetuned/ft1/seg_head_best.pt,train_crosswalk_42338129N_71099580W_jpeg.rf.daae6e52da0e6ca7bef64e4fc4286a43,coords-in-name,train,text__fused__road__neg-sidewalk+grass+building+tree__t0.3_c0.5,text,fused,road,sidewalk+grass+building+tree,positive,0.3,0.0,0.8595719530947624,0.690631547521389,0.6329479768786127,0.7598833441348023,0.8708763913443451,0.1666879653930664,0.1723804473876953,1,0.9011597633361816,0.937210738658905,False,0
finetuned/ft1/seg_head_best.pt,train_crosswalk_42338129N_71099580W_jpeg.rf.daae6e52da0e6ca7bef64e4fc4286a43,coords-in-name,train,text__fused__road__neg-sidewalk+grass+building+tree__t0.3_c0.5_fill25,text,fused,road,sidewalk+grass+building+tree,positive,0.3,25.0,0.859535812902686,0.6891293092317905,0.6304289901412203,0.7598833441348023,0.8696548350826298,0.16672039031982422,0.1723804473876953,1,0.9011597633361816,0.937210738658905,False,0
finetuned/ft1/seg_head_best.pt,train_crosswalk_42338129N_71099580W_jpeg.rf.daae6e52da0e6ca7bef64e4fc4286a43,coords-in-name,train,text__fused__road__neg-sidewalk+grass+building+tree__t0.4_c0.5,text,fused,road,sidewalk+grass+building+tree,positive,0.4,0.0,0.8653236257889136,0.7109804917488636,0.6520687802256852,0.7815942968243681,0.8683416127686719,0.16528892517089844,0.1723804473876953,1,0.9011597633361816,0.937210738658905,False,0
finetuned/ft1/seg_head_best.pt,train_crosswalk_42338129N_71099580W_jpeg.rf.daae6e52da0e6ca7bef64e4fc4286a43,coords-in-name,train,text__fused__road__neg-sidewalk+grass+building+tree__t0.4_c0.5_fill25,text,fused,road,sidewalk+grass+building+tree,positive,0.4,25.0,0.865429698818348,0.7076984349835719,0.6488030467899891,0.778353856124433,0.867221610056968,0.16530990600585938,0.1723804473876953,1,0.9011597633361816,0.937210738658905,False,0
finetuned/ft1/seg_head_best.pt,train_crosswalk_42338129N_71099580W_jpeg.rf.daae6e52da0e6ca7bef64e4fc4286a43,coords-in-name,train,text__fused__road__neg-sidewalk+grass+building+tree__t0.5_c0.5,text,fused,road,sidewalk+grass+building+tree,positive,0.5,0.0,0.8698917488318315,0.7255958861276718,0.6687982946975752,0.7929358392741412,0.8687914986610487,0.16384220123291016,0.1723804473876953,1,0.9011597633361816,0.937210738658905,False,0
finetuned/ft1/seg_head_best.pt,train_crosswalk_42338129N_71099580W_jpeg.rf.daae6e52da0e6ca7bef64e4fc4286a43,coords-in-name,train,text__fused__road__neg-sidewalk+grass+building+tree__t0.5_c0.5_fill25,text,fused,road,sidewalk+grass+building+tree,positive,0.5,25.0,0.8701822868326006,0.7215874606235267,0.6647540983606557,0.789047310434219,0.866528114194924,0.16390514373779297,0.1723804473876953,1,0.9011597633361816,0.937210738658905,False,0
finetuned/ft1/seg_head_best.pt,train_crosswalk_41245221N_95961709W_jpeg.rf.91de745abbfac2636ccfe4fcec64215d,coords-in-name,train,text__semantic__road__t0.3_c0.5,text,semantic,road,,positive,0.3,0.0,0.7052572565127607,0.3206933780569203,0.24001153901629885,0.4830870279146141,0.479389748522885,0.25499629974365234,0.32225608825683594,1,0.5809211134910583,0.8489722013473511,False,0
finetuned/ft1/seg_head_best.pt,train_crosswalk_41245221N_95961709W_jpeg.rf.91de745abbfac2636ccfe4fcec64215d,coords-in-name,train,text__semantic__road__t0.3_c0.5_fill25,text,semantic,road,,positive,0.3,25.0,0.706658480741014,0.33156305592566726,0.25536376834973384,0.47257799671592776,0.49732479678807956,0.2556724548339844,0.32225608825683594,1,0.5809211134910583,0.8489722013473511,False,0
finetuned/ft1/seg_head_best.pt,train_crosswalk_41245221N_95961709W_jpeg.rf.91de745abbfac2636ccfe4fcec64215d,coords-in-name,train,text__semantic__road__t0.4_c0.5,text,semantic,road,,positive,0.4,0.0,0.6867357868994927,0.3987120178700545,0.322973688857496,0.5208538587848933,0.49143182456687456,0.23488616943359375,0.32225608825683594,1,0.5809211134910583,0.8489722013473511,False,0
finetuned/ft1/seg_head_best.pt,train_crosswalk_41245221N_95961709W_jpeg.rf.91de745abbfac2636ccfe4fcec64215d,coords-in-name,train,text__semantic__road__t0.4_c0.5_fill25,text,semantic,road,,positive,0.4,25.0,0.6879155779474816,0.41177597193939613,0.3418916367755333,0.5175697865353037,0.508705457031586,0.23527908325195312,0.32225608825683594,1,0.5809211134910583,0.8489722013473511,False,0
finetuned/ft1/seg_head_best.pt,train_crosswalk_41245221N_95961709W_jpeg.rf.91de745abbfac2636ccfe4fcec64215d,coords-in-name,train,text__semantic__road__t0.5_c0.5,text,semantic,road,,positive,0.5,0.0,0.661342354895293,0.4117491777366412,0.34389051808406645,0.5129720853858785,0.4825942855925631,0.22240447998046875,0.32225608825683594,1,0.5809211134910583,0.8489722013473511,False,0
finetuned/ft1/seg_head_best.pt,train_crosswalk_41245221N_95961709W_jpeg.rf.91de745abbfac2636ccfe4fcec64215d,coords-in-name,train,text__semantic__road__t0.5_c0.5_fill25,text,semantic,road,,positive,0.5,25.0,0.6626193752199878,0.4335162267733496,0.3753734528382416,0.5129720853858785,0.500110188184943,0.2228231430053711,0.32225608825683594,1,0.5809211134910583,0.8489722013473511,False,0
finetuned/ft1/seg_head_best.pt,train_crosswalk_41245221N_95961709W_jpeg.rf.91de745abbfac2636ccfe4fcec64215d,coords-in-name,train,text__semantic__road__neg-sidewalk+grass+building+tree__t0.3_c0.5,text,semantic,road,sidewalk+grass+building+tree,positive,0.3,0.0,0.6414423345715908,0.4371531675193449,0.3732679599232573,0.5274220032840723,0.47554033715103566,0.22092723846435547,0.32225608825683594,1,0.5809211134910583,0.8489722013473511,False,0
finetuned/ft1/seg_head_best.pt,train_crosswalk_41245221N_95961709W_jpeg.rf.91de745abbfac2636ccfe4fcec64215d,coords-in-name,train,text__semantic__road__neg-sidewalk+grass+building+tree__t0.3_c0.5_fill25,text,semantic,road,sidewalk+grass+building+tree,positive,0.3,25.0,0.6412335136816996,0.44611907297349285,0.38653421633554086,0.5274220032840723,0.4852610471235151,0.22103500366210938,0.32225608825683594,1,0.5809211134910583,0.8489722013473511,False,0
finetuned/ft1/seg_head_best.pt,train_crosswalk_41245221N_95961709W_jpeg.rf.91de745abbfac2636ccfe4fcec64215d,coords-in-name,train,text__semantic__road__neg-sidewalk+grass+building+tree__t0.4_c0.5,text,semantic,road,sidewalk+grass+building+tree,positive,0.4,0.0,0.6465903129917818,0.4636102080794101,0.4160287081339713,0.5234811165845649,0.5064754375989493,0.21658039093017578,0.32225608825683594,1,0.5809211134910583,0.8489722013473511,False,0
finetuned/ft1/seg_head_best.pt,train_crosswalk_41245221N_95961709W_jpeg.rf.91de745abbfac2636ccfe4fcec64215d,coords-in-name,train,text__semantic__road__neg-sidewalk+grass+building+tree__t0.4_c0.5_fill25,text,semantic,road,sidewalk+grass+building+tree,positive,0.4,25.0,0.6466311126653844,0.46622034883364016,0.42025132914451424,0.5234811165845649,0.5093145684677884,0.21659374237060547,0.32225608825683594,1,0.5809211134910583,0.8489722013473511,False,0
finetuned/ft1/seg_head_best.pt,train_crosswalk_41245221N_95961709W_jpeg.rf.91de745abbfac2636ccfe4fcec64215d,coords-in-name,train,text__semantic__road__neg-sidewalk+grass+building+tree__t0.5_c0.5,text,semantic,road,sidewalk+grass+building+tree,positive,0.5,0.0,0.642124766573296,0.44771533055753093,0.39620896902450303,0.5146141215106732,0.49593970627258094,0.2144613265991211,0.32225608825683594,1,0.5809211134910583,0.8489722013473511,False,0
finetuned/ft1/seg_head_best.pt,train_crosswalk_41245221N_95961709W_jpeg.rf.91de745abbfac2636ccfe4fcec64215d,coords-in-name,train,text__semantic__road__neg-sidewalk+grass+building+tree__t0.5_c0.5_fill25,text,semantic,road,sidewalk+grass+building+tree,positive,0.5,25.0,0.6426995798319328,0.4592926483691519,0.414710863779337,0.5146141215106732,0.503954249099458,0.21464920043945312,0.32225608825683594,1,0.5809211134910583,0.8489722013473511,False,0
finetuned/ft1/seg_head_best.pt,train_crosswalk_41245221N_95961709W_jpeg.rf.91de745abbfac2636ccfe4fcec64215d,coords-in-name,train,text__fused__road__t0.3_c0.5,text,fused,road,,positive,0.3,0.0,0.7052572565127607,0.3206933780569203,0.24001153901629885,0.4830870279146141,0.479389748522885,0.25499629974365234,0.32225608825683594,1,0.5809211134910583,0.8489722013473511,False,0
finetuned/ft1/seg_head_best.pt,train_crosswalk_41245221N_95961709W_jpeg.rf.91de745abbfac2636ccfe4fcec64215d,coords-in-name,train,text__fused__road__t0.3_c0.5_fill25,text,fused,road,,positive,0.3,25.0,0.706658480741014,0.33156305592566726,0.25536376834973384,0.47257799671592776,0.49732479678807956,0.2556724548339844,0.32225608825683594,1,0.5809211134910583,0.8489722013473511,False,0
finetuned/ft1/seg_head_best.pt,train_crosswalk_41245221N_95961709W_jpeg.rf.91de745abbfac2636ccfe4fcec64215d,coords-in-name,train,text__fused__road__t0.4_c0.5,text,fused,road,,positive,0.4,0.0,0.6867357868994927,0.3987120178700545,0.322973688857496,0.5208538587848933,0.49143182456687456,0.23488616943359375,0.32225608825683594,1,0.5809211134910583,0.8489722013473511,False,0
finetuned/ft1/seg_head_best.pt,train_crosswalk_41245221N_95961709W_jpeg.rf.91de745abbfac2636ccfe4fcec64215d,coords-in-name,train,text__fused__road__t0.4_c0.5_fill25,text,fused,road,,positive,0.4,25.0,0.6879155779474816,0.41177597193939613,0.3418916367755333,0.5175697865353037,0.508705457031586,0.23527908325195312,0.32225608825683594,1,0.5809211134910583,0.8489722013473511,False,0
finetuned/ft1/seg_head_best.pt,train_crosswalk_41245221N_95961709W_jpeg.rf.91de745abbfac2636ccfe4fcec64215d,coords-in-name,train,text__fused__road__t0.5_c0.5,text,fused,road,,positive,0.5,0.0,0.661342354895293,0.4117491777366412,0.34389051808406645,0.5129720853858785,0.4825942855925631,0.22240447998046875,0.32225608825683594,1,0.5809211134910583,0.8489722013473511,False,0
finetuned/ft1/seg_head_best.pt,train_crosswalk_41245221N_95961709W_jpeg.rf.91de745abbfac2636ccfe4fcec64215d,coords-in-name,train,text__fused__road__t0.5_c0.5_fill25,text,fused,road,,positive,0.5,25.0,0.6626193752199878,0.4335162267733496,0.3753734528382416,0.5129720853858785,0.500110188184943,0.2228231430053711,0.32225608825683594,1,0.5809211134910583,0.8489722013473511,False,0
finetuned/ft1/seg_head_best.pt,train_crosswalk_41245221N_95961709W_jpeg.rf.91de745abbfac2636ccfe4fcec64215d,coords-in-name,train,text__fused__road__neg-sidewalk+grass+building+tree__t0.3_c0.5,text,fused,road,sidewalk+grass+building+tree,positive,0.3,0.0,0.6415107391138934,0.4364180443398219,0.3721973094170404,0.5274220032840723,0.47484986051455647,0.22089195251464844,0.32225608825683594,1,0.5809211134910583,0.8489722013473511,False,0
finetuned/ft1/seg_head_best.pt,train_crosswalk_41245221N_95961709W_jpeg.rf.91de745abbfac2636ccfe4fcec64215d,coords-in-name,train,text__fused__road__neg-sidewalk+grass+building+tree__t0.3_c0.5_fill25,text,fused,road,sidewalk+grass+building+tree,positive,0.3,25.0,0.6413018736908223,0.4453953681082553,0.38544891640866874,0.5274220032840723,0.48458365489995786,0.22099971771240234,0.32225608825683594,1,0.5809211134910583,0.8489722013473511,False,0
finetuned/ft1/seg_head_best.pt,train_crosswalk_41245221N_95961709W_jpeg.rf.91de745abbfac2636ccfe4fcec64215d,coords-in-name,train,text__fused__road__neg-sidewalk+grass+building+tree__t0.4_c0.5,text,fused,road,sidewalk+grass+building+tree,positive,0.4,0.0,0.6466261173172146,0.4634365833097398,0.4157491622786022,0.5234811165845649,0.506315228772615,0.21656227111816406,0.32225608825683594,1,0.5809211134910583,0.8489722013473511,False,0
finetuned/ft1/seg_head_best.pt,train_crosswalk_41245221N_95961709W_jpeg.rf.91de745abbfac2636ccfe4fcec64215d,coords-in-name,train,text__fused__road__neg-sidewalk+grass+building+tree__t0.4_c0.5_fill25,text,fused,road,sidewalk+grass+building+tree,positive,0.4,25.0,0.6466669192500605,0.4660477839115451,0.41997098646034814,0.5234811165845649,0.5091555527039431,0.21657562255859375,0.32225608825683594,1,0.5809211134910583,0.8489722013473511,False,0
finetuned/ft1/seg_head_best.pt,train_crosswalk_41245221N_95961709W_jpeg.rf.91de745abbfac2636ccfe4fcec64215d,coords-in-name,train,text__fused__road__neg-sidewalk+grass+building+tree__t0.5_c0.5,text,fused,road,sidewalk+grass+building+tree,positive,0.5,0.0,0.6421453769816374,0.447447692516173,0.39578996067545685,0.5146141215106732,0.4956961806306501,0.21445083618164062,0.32225608825683594,1,0.5809211134910583,0.8489722013473511,False,0
finetuned/ft1/seg_head_best.pt,train_crosswalk_41245221N_95961709W_jpeg.rf.91de745abbfac2636ccfe4fcec64215d,coords-in-name,train,text__fused__road__neg-sidewalk+grass+building+tree__t0.5_c0.5_fill25,text,fused,road,sidewalk+grass+building+tree,positive,0.5,25.0,0.6427202086901715,0.4590317937321649,0.4142857142857143,0.5146141215106732,0.5037115052449762,0.21463871002197266,0.32225608825683594,1,0.5809211134910583,0.8489722013473511,False,0
finetuned/ft1/seg_head_best.pt,train_crosswalk_30343777N_81413418W_jpeg.rf.99374fc3fe695e501e011295cae48ee0,coords-in-name,train,text__semantic__road__t0.3_c0.5,text,semantic,road,,positive,0.3,0.0,0.6993805015425547,0.2867204982052921,0.1969536175791248,0.5268435345728013,0.4318771824815322,0.49796009063720703,0.41819000244140625,2,0.6596161723136902,0.8840392827987671,False,0
finetuned/ft1/seg_head_best.pt,train_crosswalk_30343777N_81413418W_jpeg.rf.99374fc3fe695e501e011295cae48ee0,coords-in-name,train,text__semantic__road__t0.3_c0.5_fill25,text,semantic,road,,positive,0.3,25.0,0.6883603507378708,0.3728167389275283,0.2986734693877551,0.4959264675161897,0.5388775344374741,0.5104246139526367,0.41819000244140625,2,0.6596161723136902,0.8840392827987671,False,0
finetuned/ft1/seg_head_best.pt,train_crosswalk_30343777N_81413418W_jpeg.rf.99374fc3fe695e501e011295cae48ee0,coords-in-name,train,text__semantic__road__t0.4_c0.5,text,semantic,road,,positive,0.4,0.0,0.7681161495689602,0.3403864946539577,0.23909949540690906,0.5905577606016295,0.5144432588756404,0.40605831146240234,0.41819000244140625,2,0.6596161723136902,0.8840392827987671,False,0
finetuned/ft1/seg_head_best.pt,train_crosswalk_30343777N_81413418W_jpeg.rf.99374fc3fe695e501e011295cae48ee0,coords-in-name,train,text__semantic__road__t0.4_c0.5_fill25,text,semantic,road,,positive,0.4,25.0,0.7715293489926462,0.3316397269544525,0.2436479490242931,0.5191142678086484,0.5024356425581221,0.41140174865722656,0.41819000244140625,2,0.6596161723136902,0.8840392827987671,False,0
finetuned/ft1/seg_head_best.pt,train_crosswalk_30343777N_81413418W_jpeg.rf.99374fc3fe695e501e011295cae48ee0,coords-in-name,train,text__semantic__road__t0.5_c0.5,text,semantic,road,,positive,0.5,0.0,0.7808002960591583,0.44311130276051325,0.3886324673612027,0.5153540839774389,0.6661646756110406,0.3435993194580078,0.41819000244140625,2,0.6596161723136902,0.8840392827987671,False,0
finetuned/ft1/seg_head_best.pt,train_crosswalk_30343777N_81413418W_jpeg.rf.99374fc3fe695e501e011295cae48ee0,coords-in-name,train,text__semantic__road__t0.5_c0.5_fill25,text,semantic,road,,positive,0.5,25.0,0.7779365457384033,0.4001493962009964,0.38322829131652664,0.41863379987466054,0.6301567875518647,0.350738525390625,0.41819000244140625,2,0.6596161723136902,0.8840392827987671,False,0
finetuned/ft1/seg_head_best.pt,train_crosswalk_30343777N_81413418W_jpeg.rf.99374fc3fe695e501e011295cae48ee0,coords-in-name,train,text__semantic__road__neg-sidewalk+grass+building+tree__t0.3_c0.5,text,semantic,road,sidewalk+grass+building+tree,positive,0.3,0.0,0.6766092021919501,0.28586819899317956,0.18681434045456932,0.6085230833507416,0.44140158946167285,0.46153831481933594,0.41819000244140625,2,0.6596161723136902,0.8840392827987671,False,0
finetuned/ft1/seg_head_best.pt,train_crosswalk_30343777N_81413418W_jpeg.rf.99374fc3fe695e501e011295cae48ee0,coords-in-name,train,text__semantic__road__neg-sidewalk+grass+building+tree__t0.3_c0.5_fill25,text,semantic,road,sidewalk+grass+building+tree,positive,0.3,25.0,0.671688799004134,0.3472263387979985,0.254495732162095,0.5462711510340506,0.5325425784021053,0.47573280334472656,0.41819000244140625,2,0.6596161723136902,0.8840392827987671,False,0
finetuned/ft1/seg_head_best.pt,train_crosswalk_30343777N_81413418W_jpeg.rf.99374fc3fe695e501e011295cae48ee0,coords-in-name,train,text__semantic__road__neg-sidewalk+grass+building+tree__t0.4_c0.5,text,semantic,road,sidewalk+grass+building+tree,positive,0.4,0.0,0.7484096804775646,0.32953829030802767,0.22506917542888766,0.6149989555044914,0.4945886637017127,0.38206005096435547,0.41819000244140625,2,0.6596161723136902,0.8840392827987671,False,0
finetuned/ft1/seg_head_best.pt,train_crosswalk_30343777N_81413418W_jpeg.rf.99374fc3fe695e501e011295cae48ee0,coords-in-name,train,text__semantic__road__neg-sidewalk+grass+building+tree__t0.4_c0.5_fill25,text,semantic,road,sidewalk+grass+building+tree,positive,0.4,25.0,0.7567151290716309,0.33436482311649124,0.23439324222237484,0.5830373929392103,0.5024086576656357,0.3888988494873047,0.41819000244140625,2,0.6596161723136902,0.8840392827987671,False,0
finetuned/ft1/seg_head_best.pt,train_crosswalk_30343777N_81413418W_jpeg.rf.99374fc3fe695e501e011295cae48ee0,coords-in-name,train,text__semantic__road__neg-sidewalk+grass+building+tree__t0.5_c0.5,text,semantic,road,sidewalk+grass+building+tree,positive,0.5,0.0,0.7559696596597496,0.4092399646665344,0.341948310139165,0.5095049091288908,0.6082631850873648,0.32715797424316406,0.41819000244140625,2,0.6596161723136902,0.8840392827987671,False,0
finetuned/ft1/seg_head_best.pt,train_crosswalk_30343777N_81413418W_jpeg.rf.99374fc3fe695e501e011295cae48ee0,coords-in-name,train,text__semantic__road__neg-sidewalk+grass+building+tree__t0.5_c0.5_fill25,text,semantic,road,sidewalk+grass+building+tree,positive,0.5,25.0,0.7624484681917387,0.4341196340059565,0.3829055305636412,0.5011489450595362,0.6385215233885647,0.3303651809692383,0.41819000244140625,2,0.6596161723136902,0.8840392827987671,False,0
finetuned/ft1/seg_head_best.pt,train_crosswalk_30343777N_81413418W_jpeg.rf.99374fc3fe695e501e011295cae48ee0,coords-in-name,train,text__fused__road__t0.3_c0.5,text,fused,road,,positive,0.3,0.0,0.6993805015425547,0.2867204982052921,0.1969536175791248,0.5268435345728013,0.4318771824815322,0.49796009063720703,0.41819000244140625,2,0.6596161723136902,0.8840392827987671,False,0
finetuned/ft1/seg_head_best.pt,train_crosswalk_30343777N_81413418W_jpeg.rf.99374fc3fe695e501e011295cae48ee0,coords-in-name,train,text__fused__road__t0.3_c0.5_fill25,text,fused,road,,positive,0.3,25.0,0.6883603507378708,0.3728167389275283,0.2986734693877551,0.4959264675161897,0.5388775344374741,0.5104246139526367,0.41819000244140625,2,0.6596161723136902,0.8840392827987671,False,0
finetuned/ft1/seg_head_best.pt,train_crosswalk_30343777N_81413418W_jpeg.rf.99374fc3fe695e501e011295cae48ee0,coords-in-name,train,text__fused__road__t0.4_c0.5,text,fused,road,,positive,0.4,0.0,0.7681161495689602,0.3403864946539577,0.23909949540690906,0.5905577606016295,0.5144432588756404,0.40605831146240234,0.41819000244140625,2,0.6596161723136902,0.8840392827987671,False,0
finetuned/ft1/seg_head_best.pt,train_crosswalk_30343777N_81413418W_jpeg.rf.99374fc3fe695e501e011295cae48ee0,coords-in-name,train,text__fused__road__t0.4_c0.5_fill25,text,fused,road,,positive,0.4,25.0,0.7715293489926462,0.3316397269544525,0.2436479490242931,0.5191142678086484,0.5024356425581221,0.41140174865722656,0.41819000244140625,2,0.6596161723136902,0.8840392827987671,False,0
finetuned/ft1/seg_head_best.pt,train_crosswalk_30343777N_81413418W_jpeg.rf.99374fc3fe695e501e011295cae48ee0,coords-in-name,train,text__fused__road__t0.5_c0.5,text,fused,road,,positive,0.5,0.0,0.7808002960591583,0.44311130276051325,0.3886324673612027,0.5153540839774389,0.6661646756110406,0.3435993194580078,0.41819000244140625,2,0.6596161723136902,0.8840392827987671,False,0
finetuned/ft1/seg_head_best.pt,train_crosswalk_30343777N_81413418W_jpeg.rf.99374fc3fe695e501e011295cae48ee0,coords-in-name,train,text__fused__road__t0.5_c0.5_fill25,text,fused,road,,positive,0.5,25.0,0.7779365457384033,0.4001493962009964,0.38322829131652664,0.41863379987466054,0.6301567875518647,0.350738525390625,0.41819000244140625,2,0.6596161723136902,0.8840392827987671,False,0
finetuned/ft1/seg_head_best.pt,train_crosswalk_30343777N_81413418W_jpeg.rf.99374fc3fe695e501e011295cae48ee0,coords-in-name,train,text__fused__road__neg-sidewalk+grass+building+tree__t0.3_c0.5,text,fused,road,sidewalk+grass+building+tree,positive,0.3,0.0,0.6766092021919501,0.28586819899317956,0.18681434045456932,0.6085230833507416,0.44140158946167285,0.46153831481933594,0.41819000244140625,2,0.6596161723136902,0.8840392827987671,False,0
finetuned/ft1/seg_head_best.pt,train_crosswalk_30343777N_81413418W_jpeg.rf.99374fc3fe695e501e011295cae48ee0,coords-in-name,train,text__fused__road__neg-sidewalk+grass+building+tree__t0.3_c0.5_fill25,text,fused,road,sidewalk+grass+building+tree,positive,0.3,25.0,0.671688799004134,0.3472263387979985,0.254495732162095,0.5462711510340506,0.5325425784021053,0.47573280334472656,0.41819000244140625,2,0.6596161723136902,0.8840392827987671,False,0
finetuned/ft1/seg_head_best.pt,train_crosswalk_30343777N_81413418W_jpeg.rf.99374fc3fe695e501e011295cae48ee0,coords-in-name,train,text__fused__road__neg-sidewalk+grass+building+tree__t0.4_c0.5,text,fused,road,sidewalk+grass+building+tree,positive,0.4,0.0,0.7484096804775646,0.32953829030802767,0.22506917542888766,0.6149989555044914,0.4945886637017127,0.38206005096435547,0.41819000244140625,2,0.6596161723136902,0.8840392827987671,False,0
finetuned/ft1/seg_head_best.pt,train_crosswalk_30343777N_81413418W_jpeg.rf.99374fc3fe695e501e011295cae48ee0,coords-in-name,train,text__fused__road__neg-sidewalk+grass+building+tree__t0.4_c0.5_fill25,text,fused,road,sidewalk+grass+building+tree,positive,0.4,25.0,0.7567151290716309,0.33436482311649124,0.23439324222237484,0.5830373929392103,0.5024086576656357,0.3888988494873047,0.41819000244140625,2,0.6596161723136902,0.8840392827987671,False,0
finetuned/ft1/seg_head_best.pt,train_crosswalk_30343777N_81413418W_jpeg.rf.99374fc3fe695e501e011295cae48ee0,coords-in-name,train,text__fused__road__neg-sidewalk+grass+building+tree__t0.5_c0.5,text,fused,road,sidewalk+grass+building+tree,positive,0.5,0.0,0.7559696596597496,0.4092399646665344,0.341948310139165,0.5095049091288908,0.6082631850873648,0.32715797424316406,0.41819000244140625,2,0.6596161723136902,0.8840392827987671,False,0
finetuned/ft1/seg_head_best.pt,train_crosswalk_30343777N_81413418W_jpeg.rf.99374fc3fe695e501e011295cae48ee0,coords-in-name,train,text__fused__road__neg-sidewalk+grass+building+tree__t0.5_c0.5_fill25,text,fused,road,sidewalk+grass+building+tree,positive,0.5,25.0,0.7624484681917387,0.4341196340059565,0.3829055305636412,0.5011489450595362,0.6385215233885647,0.3303651809692383,0.41819000244140625,2,0.6596161723136902,0.8840392827987671,False,0
finetuned/ft1/seg_head_best.pt,train_crosswalk_33640143N_117841907W_jpeg.rf.bc1c2f318b070950a9eb87645cbb89b2,coords-in-name,train,text__semantic__road__t0.3_c0.5,text,semantic,road,,positive,0.3,0.0,0.8692601356824856,0.5222558342759919,0.5023474178403756,0.5438073394495413,0.6447975055001185,0.41103172302246094,0.37018394470214844,1,0.8495125770568848,0.9005298018455505,False,0
finetuned/ft1/seg_head_best.pt,train_crosswalk_33640143N_117841907W_jpeg.rf.bc1c2f318b070950a9eb87645cbb89b2,coords-in-name,train,text__semantic__road__t0.3_c0.5_fill25,text,semantic,road,,positive,0.3,25.0,0.8691263837049069,0.5236623187090688,0.504956504147279,0.5438073394495413,0.648439272846315,0.4111309051513672,0.37018394470214844,1,0.8495125770568848,0.9005298018455505,False,0
finetuned/ft1/seg_head_best.pt,train_crosswalk_33640143N_117841907W_jpeg.rf.bc1c2f318b070950a9eb87645cbb89b2,coords-in-name,train,text__semantic__road__t0.4_c0.5,text,semantic,road,,positive,0.4,0.0,0.880687753748793,0.5321260111132251,0.4930116791116217,0.5779816513761468,0.6802793622479831,0.4006986618041992,0.37018394470214844,1,0.8495125770568848,0.9005298018455505,False,0
finetuned/ft1/seg_head_best.pt,train_crosswalk_33640143N_117841907W_jpeg.rf.bc1c2f318b070950a9eb87645cbb89b2,coords-in-name,train,text__semantic__road__t0.4_c0.5_fill25,text,semantic,road,,positive,0.4,25.0,0.8801850926044343,0.539203105110161,0.5142155860094089,0.566743119266055,0.6775714005454233,0.4009408950805664,0.37018394470214844,1,0.8495125770568848,0.9005298018455505,False,0
finetuned/ft1/seg_head_best.pt,train_crosswalk_33640143N_117841907W_jpeg.rf.bc1c2f318b070950a9eb87645cbb89b2,coords-in-name,train,text__semantic__road__t0.5_c0.5,text,semantic,road,,positive,0.5,0.0,0.8950566325911581,0.5589067678296128,0.5116193286610107,0.6158256880733946,0.748710034415961,0.3894844055175781,0.37018394470214844,1,0.8495125770568848,0.9005298018455505,False,0
finetuned/ft1/seg_head_best.pt,train_crosswalk_33640143N_117841907W_jpeg.rf.bc1c2f318b070950a9eb87645cbb89b2,coords-in-name,train,text__semantic__road__t0.5_c0.5_fill25,text,semantic,road,,positive,0.5,25.0,0.8949017163951896,0.5577179543482478,0.5124929551005072,0.611697247706422,0.748669718526797,0.3895578384399414,0.37018394470214844,1,0.8495125770568848,0.9005298018455505,False,0
finetuned/ft1/seg_head_best.pt,train_crosswalk_33640143N_117841907W_jpeg.rf.bc1c2f318b070950a9eb87645cbb89b2,coords-in-name,train,text__semantic__road__neg-sidewalk+grass+building+tree__t0.3_c0.5,text,semantic,road,sidewalk+grass+building+tree,positive,0.3,0.0,0.8788516272738522,0.5382320377751725,0.47841923146967763,0.615137614678899,0.7109680055849354,0.39723682403564453,0.37018394470214844,1,0.8495125770568848,0.9005298018455505,False,0
finetuned/ft1/seg_head_best.pt,train_crosswalk_33640143N_117841907W_jpeg.rf.bc1c2f318b070950a9eb87645cbb89b2,coords-in-name,train,text__semantic__road__neg-sidewalk+grass+building+tree__t0.3_c0.5_fill25,text,semantic,road,sidewalk+grass+building+tree,positive,0.3,25.0,0.8757008519568019,0.5594654281041024,0.5281529191772283,0.5947247706422019,0.6881881261494535,0.39870643615722656,0.37018394470214844,1,0.8495125770568848,0.9005298018455505,False,0
finetuned/ft1/seg_head_best.pt,train_crosswalk_33640143N_117841907W_jpeg.rf.bc1c2f318b070950a9eb87645cbb89b2,coords-in-name,train,text__semantic__road__neg-sidewalk+grass+building+tree__t0.4_c0.5,text,semantic,road,sidewalk+grass+building+tree,positive,0.4,0.0,0.8873599667789763,0.5491092933363307,0.49573283858998146,0.6153669724770642,0.7285651687034423,0.39267539978027344,0.37018394470214844,1,0.8495125770568848,0.9005298018455505,False,0
finetuned/ft1/seg_head_best.pt,train_crosswalk_33640143N_117841907W_jpeg.rf.bc1c2f318b070950a9eb87645cbb89b2,coords-in-name,train,text__semantic__road__neg-sidewalk+grass+building+tree__t0.4_c0.5_fill25,text,semantic,road,sidewalk+grass+building+tree,positive,0.4,25.0,0.8849036138058253,0.5687340110931256,0.5447274258050937,0.594954128440367,0.716604312840308,0.39380550384521484,0.37018394470214844,1,0.8495125770568848,0.9005298018455505,False,0
finetuned/ft1/seg_head_best.pt,train_crosswalk_33640143N_117841907W_jpeg.rf.bc1c2f318b070950a9eb87645cbb89b2,coords-in-name,train,text__semantic__road__neg-sidewalk+grass+building+tree__t0.5_c0.5,text,semantic,road,sidewalk+grass+building+tree,positive,0.5,0.0,0.8985416986049364,0.5745124471047653,0.5294340336929775,0.6279816513761468,0.7553123017984694,0.38568687438964844,0.37018394470214844,1,0.8495125770568848,0.9005298018455505,False,0
finetuned/ft1/seg_head_best.pt,train_crosswalk_33640143N_117841907W_jpeg.rf.bc1c2f318b070950a9eb87645cbb89b2,coords-in-name,train,text__semantic__road__neg-sidewalk+grass+building+tree__t0.5_c0.5_fill25,text,semantic,road,sidewalk+grass+building+tree,positive,0.5,25.0,0.8983076418340785,0.5734266669474587,0.5317092034029389,0.6222477064220183,0.7549483565834566,0.38579463958740234,0.37018394470214844,1,0.8495125770568848,0.9005298018455505,False,0
finetuned/ft1/seg_head_best.pt,train_crosswalk_33640143N_117841907W_jpeg.rf.bc1c2f318b070950a9eb87645cbb89b2,coords-in-name,train,text__fused__road__t0.3_c0.5,text,fused,road,,positive,0.3,0.0,0.8692601356824856,0.5222558342759919,0.5023474178403756,0.5438073394495413,0.6447975055001185,0.41103172302246094,0.37018394470214844,1,0.8495125770568848,0.9005298018455505,False,0
finetuned/ft1/seg_head_best.pt,train_crosswalk_33640143N_117841907W_jpeg.rf.bc1c2f318b070950a9eb87645cbb89b2,coords-in-name,train,text__fused__road__t0.3_c0.5_fill25,text,fused,road,,positive,0.3,25.0,0.8691263837049069,0.5236623187090688,0.504956504147279,0.5438073394495413,0.648439272846315,0.4111309051513672,0.37018394470214844,1,0.8495125770568848,0.9005298018455505,False,0
finetuned/ft1/seg_head_best.pt,train_crosswalk_33640143N_117841907W_jpeg.rf.bc1c2f318b070950a9eb87645cbb89b2,coords-in-name,train,text__fused__road__t0.4_c0.5,text,fused,road,,positive,0.4,0.0,0.880687753748793,0.5321260111132251,0.4930116791116217,0.5779816513761468,0.6802793622479831,0.4006986618041992,0.37018394470214844,1,0.8495125770568848,0.9005298018455505,False,0
finetuned/ft1/seg_head_best.pt,train_crosswalk_33640143N_117841907W_jpeg.rf.bc1c2f318b070950a9eb87645cbb89b2,coords-in-name,train,text__fused__road__t0.4_c0.5_fill25,text,fused,road,,positive,0.4,25.0,0.8801850926044343,0.539203105110161,0.5142155860094089,0.566743119266055,0.6775714005454233,0.4009408950805664,0.37018394470214844,1,0.8495125770568848,0.9005298018455505,False,0
finetuned/ft1/seg_head_best.pt,train_crosswalk_33640143N_117841907W_jpeg.rf.bc1c2f318b070950a9eb87645cbb89b2,coords-in-name,train,text__fused__road__t0.5_c0.5,text,fused,road,,positive,0.5,0.0,0.8950566325911581,0.5589067678296128,0.5116193286610107,0.6158256880733946,0.748710034415961,0.3894844055175781,0.37018394470214844,1,0.8495125770568848,0.9005298018455505,False,0
finetuned/ft1/seg_head_best.pt,train_crosswalk_33640143N_117841907W_jpeg.rf.bc1c2f318b070950a9eb87645cbb89b2,coords-in-name,train,text__fused__road__t0.5_c0.5_fill25,text,fused,road,,positive,0.5,25.0,0.8949017163951896,0.5577179543482478,0.5124929551005072,0.611697247706422,0.748669718526797,0.3895578384399414,0.37018394470214844,1,0.8495125770568848,0.9005298018455505,False,0
finetuned/ft1/seg_head_best.pt,train_crosswalk_33640143N_117841907W_jpeg.rf.bc1c2f318b070950a9eb87645cbb89b2,coords-in-name,train,text__fused__road__neg-sidewalk+grass+building+tree__t0.3_c0.5,text,fused,road,sidewalk+grass+building+tree,positive,0.3,0.0,0.879249893132196,0.5403814160588281,0.481264851032718,0.6160550458715597,0.710200993581886,0.3970518112182617,0.37018394470214844,1,0.8495125770568848,0.9005298018455505,False,0
finetuned/ft1/seg_head_best.pt,train_crosswalk_33640143N_117841907W_jpeg.rf.bc1c2f318b070950a9eb87645cbb89b2,coords-in-name,train,text__fused__road__neg-sidewalk+grass+building+tree__t0.3_c0.5_fill25,text,fused,road,sidewalk+grass+building+tree,positive,0.3,25.0,0.8760962666418397,0.5618066808251291,0.5316085958689756,0.5956422018348624,0.6874039369911396,0.39852142333984375,0.37018394470214844,1,0.8495125770568848,0.9005298018455505,False,0
finetuned/ft1/seg_head_best.pt,train_crosswalk_33640143N_117841907W_jpeg.rf.bc1c2f318b070950a9eb87645cbb89b2,coords-in-name,train,text__fused__road__neg-sidewalk+grass+building+tree__t0.4_c0.5,text,fused,road,sidewalk+grass+building+tree,positive,0.4,0.0,0.8875295872301161,0.5499298095738135,0.49647495361781074,0.6162844036697248,0.7285651687034423,0.39259815216064453,0.37018394470214844,1,0.8495125770568848,0.9005298018455505,False,0
finetuned/ft1/seg_head_best.pt,train_crosswalk_33640143N_117841907W_jpeg.rf.bc1c2f318b070950a9eb87645cbb89b2,coords-in-name,train,text__fused__road__neg-sidewalk+grass+building+tree__t0.4_c0.5_fill25,text,fused,road,sidewalk+grass+building+tree,positive,0.4,25.0,0.8850722946004971,0.5696120717547097,0.5455693538202484,0.5958715596330275,0.716604312840308,0.39372825622558594,0.37018394470214844,1,0.8495125770568848,0.9005298018455505,False,0
finetuned/ft1/seg_head_best.pt,train_crosswalk_33640143N_117841907W_jpeg.rf.bc1c2f318b070950a9eb87645cbb89b2,coords-in-name,train,text__fused__road__neg-sidewalk+grass+building+tree__t0.5_c0.5,text,fused,road,sidewalk+grass+building+tree,positive,0.5,0.0,0.8985460033056267,0.5745714564815083,0.5295342673229837,0.6279816513761468,0.7552810140865969,0.3856849670410156,0.37018394470214844,1,0.8495125770568848,0.9005298018455505,False,0
finetuned/ft1/seg_head_best.pt,train_crosswalk_33640143N_117841907W_jpeg.rf.bc1c2f318b070950a9eb87645cbb89b2,coords-in-name,train,text__fused__road__neg-sidewalk+grass+building+tree__t0.5_c0.5_fill25,text,fused,road,sidewalk+grass+building+tree,positive,0.5,25.0,0.898311944269495,0.5734864582980624,0.5318120286211564,0.6222477064220183,0.7549162997934652,0.38579273223876953,0.37018394470214844,1,0.8495125770568848,0.9005298018455505,False,0
finetuned/ft1/seg_head_best.pt,train_crosswalk_42323233N_71113286W_jpeg.rf.d5c01e6754a42d55990511d03b1eb048,coords-in-name,train,text__semantic__road__t0.3_c0.5,text,semantic,road,,positive,0.3,0.0,0.7776061246928154,0.5414361690774456,0.41081733995436853,0.7938349353662578,0.6536879822864463,0.26648902893066406,0.27779197692871094,2,0.8774621486663818,0.9790357351303101,False,0
finetuned/ft1/seg_head_best.pt,train_crosswalk_42323233N_71113286W_jpeg.rf.d5c01e6754a42d55990511d03b1eb048,coords-in-name,train,text__semantic__road__t0.3_c0.5_fill25,text,semantic,road,,positive,0.3,25.0,0.7783877599897979,0.5793838596211096,0.4568147013782542,0.7918462048392443,0.6794901648955216,0.26747798919677734,0.27779197692871094,2,0.8774621486663818,0.9790357351303101,False,0
finetuned/ft1/seg_head_best.pt,train_crosswalk_42323233N_71113286W_jpeg.rf.d5c01e6754a42d55990511d03b1eb048,coords-in-name,train,text__semantic__road__t0.4_c0.5,text,semantic,road,,positive,0.4,0.0,0.7664750761668245,0.5384477964740693,0.42445120974202855,0.7361617500828638,0.6468433578535729,0.2486114501953125,0.27779197692871094,2,0.8774621486663818,0.9790357351303101,False,0
finetuned/ft1/seg_head_best.pt,train_crosswalk_42323233N_71113286W_jpeg.rf.d5c01e6754a42d55990511d03b1eb048,coords-in-name,train,text__semantic__road__t0.4_c0.5_fill25,text,semantic,road,,positive,0.4,25.0,0.7692332308243705,0.5569379112695689,0.4478947368421053,0.7361617500828638,0.6605603238097338,0.24946880340576172,0.27779197692871094,2,0.8774621486663818,0.9790357351303101,False,0
finetuned/ft1/seg_head_best.pt,train_crosswalk_42323233N_71113286W_jpeg.rf.d5c01e6754a42d55990511d03b1eb048,coords-in-name,train,text__semantic__road__t0.5_c0.5,text,semantic,road,,positive,0.5,0.0,0.7486115199368594,0.4965821292482868,0.3868949621336846,0.693072588664236,0.5982859355987199,0.23775005340576172,0.27779197692871094,2,0.8774621486663818,0.9790357351303101,False,0
finetuned/ft1/seg_head_best.pt,train_crosswalk_42323233N_71113286W_jpeg.rf.d5c01e6754a42d55990511d03b1eb048,coords-in-name,train,text__semantic__road__t0.5_c0.5_fill25,text,semantic,road,,positive,0.5,25.0,0.7502975882413829,0.531391787204941,0.4308764209754309,0.693072588664236,0.6296297367263182,0.2382488250732422,0.27779197692871094,2,0.8774621486663818,0.9790357351303101,False,0
finetuned/ft1/seg_head_best.pt,train_crosswalk_42323233N_71113286W_jpeg.rf.d5c01e6754a42d55990511d03b1eb048,coords-in-name,train,text__semantic__road__neg-sidewalk+grass+building+tree__t0.3_c0.5,text,semantic,road,sidewalk+grass+building+tree,positive,0.3,0.0,0.715157343452524,0.5435855741239033,0.4378654970760234,0.7166058999005634,0.6328014467969933,0.22567367553710938,0.27779197692871094,2,0.8774621486663818,0.9790357351303101,False,0
finetuned/ft1/seg_head_best.pt,train_crosswalk_42323233N_71113286W_jpeg.rf.d5c01e6754a42d55990511d03b1eb048,coords-in-name,train,text__semantic__road__neg-sidewalk+grass+building+tree__t0.3_c0.5_fill25,text,semantic,road,sidewalk+grass+building+tree,positive,0.3,25.0,0.71664251694271,0.568191546222103,0.47070506454816285,0.7166058999005634,0.6408895116816066,0.22611618041992188,0.27779197692871094,2,0.8774621486663818,0.9790357351303101,False,0
finetuned/ft1/seg_head_best.pt,train_crosswalk_42323233N_71113286W_jpeg.rf.d5c01e6754a42d55990511d03b1eb048,coords-in-name,train,text__semantic__road__neg-sidewalk+grass+building+tree__t0.4_c0.5,text,semantic,road,sidewalk+grass+building+tree,positive,0.4,0.0,0.7042382432071501,0.5239733577398171,0.4245810055865922,0.6841233012926748,0.5956067784509396,0.22119426727294922,0.27779197692871094,2,0.8774621486663818,0.9790357351303101,False,0
finetuned/ft1/seg_head_best.pt,train_crosswalk_42323233N_71113286W_jpeg.rf.d5c01e6754a42d55990511d03b1eb048,coords-in-name,train,text__semantic__road__neg-sidewalk+grass+building+tree__t0.4_c0.5_fill25,text,semantic,road,sidewalk+grass+building+tree,positive,0.4,25.0,0.7063293530588182,0.538194852509108,0.44357672784068725,0.6841233012926748,0.6050623828191669,0.22180652618408203,0.27779197692871094,2,0.8774621486663818,0.9790357351303101,False,0
finetuned/ft1/seg_head_best.pt,train_crosswalk_42323233N_71113286W_jpeg.rf.d5c01e6754a42d55990511d03b1eb048,coords-in-name,train,text__semantic__road__neg-sidewalk+grass+building+tree__t0.5_c0.5,text,semantic,road,sidewalk+grass+building+tree,positive,0.5,0.0,0.6952844084037401,0.5073105896655343,0.41099773242630383,0.662578720583361,0.5922192719226889,0.21725177764892578,0.27779197692871094,2,0.8774621486663818,0.9790357351303101,False,0
finetuned/ft1/seg_head_best.pt,train_crosswalk_42323233N_71113286W_jpeg.rf.d5c01e6754a42d55990511d03b1eb048,coords-in-name,train,text__semantic__road__neg-sidewalk+grass+building+tree__t0.5_c0.5_fill25,text,semantic,road,sidewalk+grass+building+tree,positive,0.5,25.0,0.6959571778952766,0.5202534664034154,0.4282608695652174,0.662578720583361,0.5940363476829241,0.21744823455810547,0.27779197692871094,2,0.8774621486663818,0.9790357351303101,False,0
finetuned/ft1/seg_head_best.pt,train_crosswalk_42323233N_71113286W_jpeg.rf.d5c01e6754a42d55990511d03b1eb048,coords-in-name,train,text__fused__road__t0.3_c0.5,text,fused,road,,positive,0.3,0.0,0.7776061246928154,0.5414361690774456,0.41081733995436853,0.7938349353662578,0.6536879822864463,0.26648902893066406,0.27779197692871094,2,0.8774621486663818,0.9790357351303101,False,0
finetuned/ft1/seg_head_best.pt,train_crosswalk_42323233N_71113286W_jpeg.rf.d5c01e6754a42d55990511d03b1eb048,coords-in-name,train,text__fused__road__t0.3_c0.5_fill25,text,fused,road,,positive,0.3,25.0,0.7783877599897979,0.5793838596211096,0.4568147013782542,0.7918462048392443,0.6794901648955216,0.26747798919677734,0.27779197692871094,2,0.8774621486663818,0.9790357351303101,False,0
finetuned/ft1/seg_head_best.pt,train_crosswalk_42323233N_71113286W_jpeg.rf.d5c01e6754a42d55990511d03b1eb048,coords-in-name,train,text__fused__road__t0.4_c0.5,text,fused,road,,positive,0.4,0.0,0.7664750761668245,0.5384477964740693,0.42445120974202855,0.7361617500828638,0.6468433578535729,0.2486114501953125,0.27779197692871094,2,0.8774621486663818,0.9790357351303101,False,0
finetuned/ft1/seg_head_best.pt,train_crosswalk_42323233N_71113286W_jpeg.rf.d5c01e6754a42d55990511d03b1eb048,coords-in-name,train,text__fused__road__t0.4_c0.5_fill25,text,fused,road,,positive,0.4,25.0,0.7692332308243705,0.5569379112695689,0.4478947368421053,0.7361617500828638,0.6605603238097338,0.24946880340576172,0.27779197692871094,2,0.8774621486663818,0.9790357351303101,False,0
finetuned/ft1/seg_head_best.pt,train_crosswalk_42323233N_71113286W_jpeg.rf.d5c01e6754a42d55990511d03b1eb048,coords-in-name,train,text__fused__road__t0.5_c0.5,text,fused,road,,positive,0.5,0.0,0.7486115199368594,0.4965821292482868,0.3868949621336846,0.693072588664236,0.5982859355987199,0.23775005340576172,0.27779197692871094,2,0.8774621486663818,0.9790357351303101,False,0
finetuned/ft1/seg_head_best.pt,train_crosswalk_42323233N_71113286W_jpeg.rf.d5c01e6754a42d55990511d03b1eb048,coords-in-name,train,text__fused__road__t0.5_c0.5_fill25,text,fused,road,,positive,0.5,25.0,0.7502975882413829,0.531391787204941,0.4308764209754309,0.693072588664236,0.6296297367263182,0.2382488250732422,0.27779197692871094,2,0.8774621486663818,0.9790357351303101,False,0
finetuned/ft1/seg_head_best.pt,train_crosswalk_42323233N_71113286W_jpeg.rf.d5c01e6754a42d55990511d03b1eb048,coords-in-name,train,text__fused__road__neg-sidewalk+grass+building+tree__t0.3_c0.5,text,fused,road,sidewalk+grass+building+tree,positive,0.3,0.0,0.7150140372767683,0.5435414340537863,0.4378082191780822,0.7166058999005634,0.6327241684726524,0.2255563735961914,0.27779197692871094,2,0.8774621486663818,0.9790357351303101,False,0
finetuned/ft1/seg_head_best.pt,train_crosswalk_42323233N_71113286W_jpeg.rf.d5c01e6754a42d55990511d03b1eb048,coords-in-name,train,text__fused__road__neg-sidewalk+grass+building+tree__t0.3_c0.5_fill25,text,fused,road,sidewalk+grass+building+tree,positive,0.3,25.0,0.7164994346170342,0.5681319454092145,0.4706232631996824,0.7166058999005634,0.6408022297793786,0.2259988784790039,0.27779197692871094,2,0.8774621486663818,0.9790357351303101,False,0
finetuned/ft1/seg_head_best.pt,train_crosswalk_42323233N_71113286W_jpeg.rf.d5c01e6754a42d55990511d03b1eb048,coords-in-name,train,text__fused__road__neg-sidewalk+grass+building+tree__t0.4_c0.5,text,fused,road,sidewalk+grass+building+tree,positive,0.4,0.0,0.7041508401362981,0.5236509855075931,0.4241578261678764,0.6841233012926748,0.5952763614968768,0.22110366821289062,0.27779197692871094,2,0.8774621486663818,0.9790357351303101,False,0
finetuned/ft1/seg_head_best.pt,train_crosswalk_42323233N_71113286W_jpeg.rf.d5c01e6754a42d55990511d03b1eb048,coords-in-name,train,text__fused__road__neg-sidewalk+grass+building+tree__t0.4_c0.5_fill25,text,fused,road,sidewalk+grass+building+tree,positive,0.4,25.0,0.7062422224683523,0.53785997584455,0.4431219512195122,0.6841233012926748,0.6047179131737407,0.22171592712402344,0.27779197692871094,2,0.8774621486663818,0.9790357351303101,False,0
finetuned/ft1/seg_head_best.pt,train_crosswalk_42323233N_71113286W_jpeg.rf.d5c01e6754a42d55990511d03b1eb048,coords-in-name,train,text__fused__road__neg-sidewalk+grass+building+tree__t0.5_c0.5,text,fused,road,sidewalk+grass+building+tree,positive,0.5,0.0,0.6952372242508966,0.5069043081405434,0.4104646769928221,0.662578720583361,0.5918225921060031,0.21718788146972656,0.27779197692871094,2,0.8774621486663818,0.9790357351303101,False,0
finetuned/ft1/seg_head_best.pt,train_crosswalk_42323233N_71113286W_jpeg.rf.d5c01e6754a42d55990511d03b1eb048,coords-in-name,train,text__fused__road__neg-sidewalk+grass+building+tree__t0.5_c0.5_fill25,text,fused,road,sidewalk+grass+building+tree,positive,0.5,25.0,0.6959100618618658,0.5198368625352033,0.427696562623469,0.662578720583361,0.5936225194927154,0.21738433837890625,0.27779197692871094,2,0.8774621486663818,0.9790357351303101,False,0
finetuned/ft1/seg_head_best.pt,train_crosswalk_30287078N_81520212W_jpeg.rf.a99178ba07fdbf1617175c7f86e29948,coords-in-name,train,text__semantic__road__t0.3_c0.5,text,semantic,road,,positive,0.3,0.0,0.9146253331773889,0.2328230425439356,0.15376369699857076,0.47921882824236356,0.4916126444849222,0.7129936218261719,0.7701263427734375,1,0.5686101317405701,0.685949444770813,False,0
finetuned/ft1/seg_head_best.pt,train_crosswalk_30287078N_81520212W_jpeg.rf.a99178ba07fdbf1617175c7f86e29948,coords-in-name,train,text__semantic__road__t0.3_c0.5_fill25,text,semantic,road,,positive,0.3,25.0,0.9069362452493346,0.12419427552393869,0.08409918501820704,0.2373560340510766,0.395298938549545,0.7242631912231445,0.7701263427734375,1,0.5686101317405701,0.685949444770813,False,0
finetuned/ft1/seg_head_best.pt,train_crosswalk_30287078N_81520212W_jpeg.rf.a99178ba07fdbf1617175c7f86e29948,coords-in-name,train,text__semantic__road__t0.4_c0.5,text,semantic,road,,positive,0.4,0.0,0.8584575574484945,0.09887211139690455,0.06062281186659296,0.2679018527791687,0.2596986135952396,0.6613759994506836,0.7701263427734375,1,0.5686101317405701,0.685949444770813,False,0
finetuned/ft1/seg_head_best.pt,train_crosswalk_30287078N_81520212W_jpeg.rf.a99178ba07fdbf1617175c7f86e29948,coords-in-name,train,text__semantic__road__t0.4_c0.5_fill25,text,semantic,road,,positive,0.4,25.0,0.865282042393027,0.12188639125151882,0.0788891619562546,0.2679018527791687,0.31446278701123836,0.6666326522827148,0.7701263427734375,1,0.5686101317405701,0.685949444770813,False,0
finetuned/ft1/seg_head_best.pt,train_crosswalk_30287078N_81520212W_jpeg.rf.a99178ba07fdbf1617175c7f86e29948,coords-in-name,train,text__semantic__road__t0.5_c0.5,text,semantic,road,,positive,0.5,0.0,0.7746564859027957,0.0531198850306823,0.03393712263168853,0.12218327491236855,0.14129783157178813,0.596583366394043,0.7701263427734375,1,0.5686101317405701,0.685949444770813,False,0
finetuned/ft1/seg_head_best.pt,train_crosswalk_30287078N_81520212W_jpeg.rf.a99178ba07fdbf1617175c7f86e29948,coords-in-name,train,text__semantic__road__t0.5_c0.5_fill25,text,semantic,road,,positive,0.5,25.0,0.777361009292465,0.05603136354365741,0.03635059189286141,0.12218327491236855,0.14310728856675337,0.5986661911010742,0.7701263427734375,1,0.5686101317405701,0.685949444770813,False,0
finetuned/ft1/seg_head_best.pt,train_crosswalk_30287078N_81520212W_jpeg.rf.a99178ba07fdbf1617175c7f86e29948,coords-in-name,train,text__semantic__road__neg-sidewalk+grass+building+tree__t0.3_c0.5,text,semantic,road,sidewalk+grass+building+tree,positive,0.3,0.0,0.9146253331773889,0.2328230425439356,0.15376369699857076,0.47921882824236356,0.4916126444849222,0.7129936218261719,0.7701263427734375,1,0.5686101317405701,0.685949444770813,False,0
finetuned/ft1/seg_head_best.pt,train_crosswalk_30287078N_81520212W_jpeg.rf.a99178ba07fdbf1617175c7f86e29948,coords-in-name,train,text__semantic__road__neg-sidewalk+grass+building+tree__t0.3_c0.5_fill25,text,semantic,road,sidewalk+grass+building+tree,positive,0.3,25.0,0.9069362452493346,0.12419427552393869,0.08409918501820704,0.2373560340510766,0.395298938549545,0.7242631912231445,0.7701263427734375,1,0.5686101317405701,0.685949444770813,False,0
finetuned/ft1/seg_head_best.pt,train_crosswalk_30287078N_81520212W_jpeg.rf.a99178ba07fdbf1617175c7f86e29948,coords-in-name,train,text__semantic__road__neg-sidewalk+grass+building+tree__t0.4_c0.5,text,semantic,road,sidewalk+grass+building+tree,positive,0.4,0.0,0.8584575574484945,0.09887211139690455,0.06062281186659296,0.2679018527791687,0.2596986135952396,0.6613759994506836,0.7701263427734375,1,0.5686101317405701,0.685949444770813,False,0
finetuned/ft1/seg_head_best.pt,train_crosswalk_30287078N_81520212W_jpeg.rf.a99178ba07fdbf1617175c7f86e29948,coords-in-name,train,text__semantic__road__neg-sidewalk+grass+building+tree__t0.4_c0.5_fill25,text,semantic,road,sidewalk+grass+building+tree,positive,0.4,25.0,0.865282042393027,0.12188639125151882,0.0788891619562546,0.2679018527791687,0.31446278701123836,0.6666326522827148,0.7701263427734375,1,0.5686101317405701,0.685949444770813,False,0
finetuned/ft1/seg_head_best.pt,train_crosswalk_30287078N_81520212W_jpeg.rf.a99178ba07fdbf1617175c7f86e29948,coords-in-name,train,text__semantic__road__neg-sidewalk+grass+building+tree__t0.5_c0.5,text,semantic,road,sidewalk+grass+building+tree,positive,0.5,0.0,0.7746564859027957,0.0531198850306823,0.03393712263168853,0.12218327491236855,0.14129783157178813,0.596583366394043,0.7701263427734375,1,0.5686101317405701,0.685949444770813,False,0
finetuned/ft1/seg_head_best.pt,train_crosswalk_30287078N_81520212W_jpeg.rf.a99178ba07fdbf1617175c7f86e29948,coords-in-name,train,text__semantic__road__neg-sidewalk+grass+building+tree__t0.5_c0.5_fill25,text,semantic,road,sidewalk+grass+building+tree,positive,0.5,25.0,0.777361009292465,0.05603136354365741,0.03635059189286141,0.12218327491236855,0.14310728856675337,0.5986661911010742,0.7701263427734375,1,0.5686101317405701,0.685949444770813,False,0
finetuned/ft1/seg_head_best.pt,train_crosswalk_30287078N_81520212W_jpeg.rf.a99178ba07fdbf1617175c7f86e29948,coords-in-name,train,text__fused__road__t0.3_c0.5,text,fused,road,,positive,0.3,0.0,0.9146253331773889,0.2328230425439356,0.15376369699857076,0.47921882824236356,0.4916126444849222,0.7129936218261719,0.7701263427734375,1,0.5686101317405701,0.685949444770813,False,0
finetuned/ft1/seg_head_best.pt,train_crosswalk_30287078N_81520212W_jpeg.rf.a99178ba07fdbf1617175c7f86e29948,coords-in-name,train,text__fused__road__t0.3_c0.5_fill25,text,fused,road,,positive,0.3,25.0,0.9069362452493346,0.12419427552393869,0.08409918501820704,0.2373560340510766,0.395298938549545,0.7242631912231445,0.7701263427734375,1,0.5686101317405701,0.685949444770813,False,0
finetuned/ft1/seg_head_best.pt,train_crosswalk_30287078N_81520212W_jpeg.rf.a99178ba07fdbf1617175c7f86e29948,coords-in-name,train,text__fused__road__t0.4_c0.5,text,fused,road,,positive,0.4,0.0,0.8584575574484945,0.09887211139690455,0.06062281186659296,0.2679018527791687,0.2596986135952396,0.6613759994506836,0.7701263427734375,1,0.5686101317405701,0.685949444770813,False,0
finetuned/ft1/seg_head_best.pt,train_crosswalk_30287078N_81520212W_jpeg.rf.a99178ba07fdbf1617175c7f86e29948,coords-in-name,train,text__fused__road__t0.4_c0.5_fill25,text,fused,road,,positive,0.4,25.0,0.865282042393027,0.12188639125151882,0.0788891619562546,0.2679018527791687,0.31446278701123836,0.6666326522827148,0.7701263427734375,1,0.5686101317405701,0.685949444770813,False,0
finetuned/ft1/seg_head_best.pt,train_crosswalk_30287078N_81520212W_jpeg.rf.a99178ba07fdbf1617175c7f86e29948,coords-in-name,train,text__fused__road__t0.5_c0.5,text,fused,road,,positive,0.5,0.0,0.7746564859027957,0.0531198850306823,0.03393712263168853,0.12218327491236855,0.14129783157178813,0.596583366394043,0.7701263427734375,1,0.5686101317405701,0.685949444770813,False,0
finetuned/ft1/seg_head_best.pt,train_crosswalk_30287078N_81520212W_jpeg.rf.a99178ba07fdbf1617175c7f86e29948,coords-in-name,train,text__fused__road__t0.5_c0.5_fill25,text,fused,road,,positive,0.5,25.0,0.777361009292465,0.05603136354365741,0.03635059189286141,0.12218327491236855,0.14310728856675337,0.5986661911010742,0.7701263427734375,1,0.5686101317405701,0.685949444770813,False,0
finetuned/ft1/seg_head_best.pt,train_crosswalk_30287078N_81520212W_jpeg.rf.a99178ba07fdbf1617175c7f86e29948,coords-in-name,train,text__fused__road__neg-sidewalk+grass+building+tree__t0.3_c0.5,text,fused,road,sidewalk+grass+building+tree,positive,0.3,0.0,0.9146253331773889,0.2328230425439356,0.15376369699857076,0.47921882824236356,0.4916126444849222,0.7129936218261719,0.7701263427734375,1,0.5686101317405701,0.685949444770813,False,0
finetuned/ft1/seg_head_best.pt,train_crosswalk_30287078N_81520212W_jpeg.rf.a99178ba07fdbf1617175c7f86e29948,coords-in-name,train,text__fused__road__neg-sidewalk+grass+building+tree__t0.3_c0.5_fill25,text,fused,road,sidewalk+grass+building+tree,positive,0.3,25.0,0.9069362452493346,0.12419427552393869,0.08409918501820704,0.2373560340510766,0.395298938549545,0.7242631912231445,0.7701263427734375,1,0.5686101317405701,0.685949444770813,False,0
finetuned/ft1/seg_head_best.pt,train_crosswalk_30287078N_81520212W_jpeg.rf.a99178ba07fdbf1617175c7f86e29948,coords-in-name,train,text__fused__road__neg-sidewalk+grass+building+tree__t0.4_c0.5,text,fused,road,sidewalk+grass+building+tree,positive,0.4,0.0,0.8584575574484945,0.09887211139690455,0.06062281186659296,0.2679018527791687,0.2596986135952396,0.6613759994506836,0.7701263427734375,1,0.5686101317405701,0.685949444770813,False,0
finetuned/ft1/seg_head_best.pt,train_crosswalk_30287078N_81520212W_jpeg.rf.a99178ba07fdbf1617175c7f86e29948,coords-in-name,train,text__fused__road__neg-sidewalk+grass+building+tree__t0.4_c0.5_fill25,text,fused,road,sidewalk+grass+building+tree,positive,0.4,25.0,0.865282042393027,0.12188639125151882,0.0788891619562546,0.2679018527791687,0.31446278701123836,0.6666326522827148,0.7701263427734375,1,0.5686101317405701,0.685949444770813,False,0
finetuned/ft1/seg_head_best.pt,train_crosswalk_30287078N_81520212W_jpeg.rf.a99178ba07fdbf1617175c7f86e29948,coords-in-name,train,text__fused__road__neg-sidewalk+grass+building+tree__t0.5_c0.5,text,fused,road,sidewalk+grass+building+tree,positive,0.5,0.0,0.7746564859027957,0.0531198850306823,0.03393712263168853,0.12218327491236855,0.14129783157178813,0.596583366394043,0.7701263427734375,1,0.5686101317405701,0.685949444770813,False,0
finetuned/ft1/seg_head_best.pt,train_crosswalk_30287078N_81520212W_jpeg.rf.a99178ba07fdbf1617175c7f86e29948,coords-in-name,train,text__fused__road__neg-sidewalk+grass+building+tree__t0.5_c0.5_fill25,text,fused,road,sidewalk+grass+building+tree,positive,0.5,25.0,0.777361009292465,0.05603136354365741,0.03635059189286141,0.12218327491236855,0.14310728856675337,0.5986661911010742,0.7701263427734375,1,0.5686101317405701,0.685949444770813,False,0
finetuned/ft1/seg_head_best.pt,train_crosswalk_42365449N_71061121W_jpeg.rf.9a0076fa66feb4902edc48123b79b4f0,coords-in-name,train,text__semantic__road__t0.3_c0.5,text,semantic,road,,positive,0.3,0.0,0.8556236950858507,0.3329608473005675,0.3130782410051399,0.35554006968641116,0.45379155587963066,0.5108642578125,0.5155725479125977,3,0.5744274854660034,0.8783142566680908,False,0
finetuned/ft1/seg_head_best.pt,train_crosswalk_42365449N_71061121W_jpeg.rf.9a0076fa66feb4902edc48123b79b4f0,coords-in-name,train,text__semantic__road__t0.3_c0.5_fill25,text,semantic,road,,positive,0.3,25.0,0.8580764046183389,0.3505971916539447,0.35554630015271416,0.34578397212543555,0.47279453684788025,0.5124034881591797,0.5155725479125977,3,0.5744274854660034,0.8783142566680908,False,0
finetuned/ft1/seg_head_best.pt,train_crosswalk_42365449N_71061121W_jpeg.rf.9a0076fa66feb4902edc48123b79b4f0,coords-in-name,train,text__semantic__road__t0.4_c0.5,text,semantic,road,,positive,0.4,0.0,0.8071078409954823,0.28211539779271727,0.24712930604093858,0.3286411149825784,0.3678220491467506,0.47052669525146484,0.5155725479125977,3,0.5744274854660034,0.8783142566680908,False,0
finetuned/ft1/seg_head_best.pt,train_crosswalk_42365449N_71061121W_jpeg.rf.9a0076fa66feb4902edc48123b79b4f0,coords-in-name,train,text__semantic__road__t0.4_c0.5_fill25,text,semantic,road,,positive,0.4,25.0,0.8142093110181896,0.3036399105328095,0.2964207261920145,0.31121951219512195,0.3699777207049357,0.4749917984008789,0.5155725479125977,3,0.5744274854660034,0.8783142566680908,False,0
finetuned/ft1/seg_head_best.pt,train_crosswalk_42365449N_71061121W_jpeg.rf.9a0076fa66feb4902edc48123b79b4f0,coords-in-name,train,text__semantic__road__t0.5_c0.5,text,semantic,road,,positive,0.5,0.0,0.7418014051719894,0.3382518692808554,0.2986481340441737,0.38996515679442506,0.411109874558345,0.42919445037841797,0.5155725479125977,3,0.5744274854660034,0.8783142566680908,False,0
finetuned/ft1/seg_head_best.pt,train_crosswalk_42365449N_71061121W_jpeg.rf.9a0076fa66feb4902edc48123b79b4f0,coords-in-name,train,text__semantic__road__t0.5_c0.5_fill25,text,semantic,road,,positive,0.5,25.0,0.7508522238566508,0.342714951115448,0.3454016913319239,0.3400696864111498,0.3946095176750706,0.4356565475463867,0.5155725479125977,3,0.5744274854660034,0.8783142566680908,False,0
finetuned/ft1/seg_head_best.pt,train_crosswalk_42365449N_71061121W_jpeg.rf.9a0076fa66feb4902edc48123b79b4f0,coords-in-name,train,text__semantic__road__neg-sidewalk+grass+building+tree__t0.3_c0.5,text,semantic,road,sidewalk+grass+building+tree,positive,0.3,0.0,0.844218720334156,0.41842556164194744,0.3618197691337666,0.4960278745644599,0.5197875923837588,0.46636009216308594,0.5155725479125977,3,0.5744274854660034,0.8783142566680908,False,0
finetuned/ft1/seg_head_best.pt,train_crosswalk_42365449N_71061121W_jpeg.rf.9a0076fa66feb4902edc48123b79b4f0,coords-in-name,train,text__semantic__road__neg-sidewalk+grass+building+tree__t0.3_c0.5_fill25,text,semantic,road,sidewalk+grass+building+tree,positive,0.3,25.0,0.8474409924761938,0.45790691655314825,0.4279268582284493,0.492404181184669,0.5573019121173789,0.46817970275878906,0.5155725479125977,3,0.5744274854660034,0.8783142566680908,False,0
finetuned/ft1/seg_head_best.pt,train_crosswalk_42365449N_71061121W_jpeg.rf.9a0076fa66feb4902edc48123b79b4f0,coords-in-name,train,text__semantic__road__neg-sidewalk+grass+building+tree__t0.4_c0.5,text,semantic,road,sidewalk+grass+building+tree,positive,0.4,0.0,0.7999242102983768,0.36735178672087215,0.3004376555393461,0.4726132404181185,0.4458365328486089,0.43567466735839844,0.5155725479125977,3,0.5744274854660034,0.8783142566680908,False,0
finetuned/ft1/seg_head_best.pt,train_crosswalk_42365449N_71061121W_jpeg.rf.9a0076fa66feb4902edc48123b79b4f0,coords-in-name,train,text__semantic__road__neg-sidewalk+grass+building+tree__t0.4_c0.5_fill25,text,semantic,road,sidewalk+grass+building+tree,positive,0.4,25.0,0.8074569689620764,0.4094605361454512,0.3611959153595115,0.4726132404181185,0.48369048230522615,0.43970394134521484,0.5155725479125977,3,0.5744274854660034,0.8783142566680908,False,0
finetuned/ft1/seg_head_best.pt,train_crosswalk_42365449N_71061121W_jpeg.rf.9a0076fa66feb4902edc48123b79b4f0,coords-in-name,train,text__semantic__road__neg-sidewalk+grass+building+tree__t0.5_c0.5,text,semantic,road,sidewalk+grass+building+tree,positive,0.5,0.0,0.731095550033883,0.34813567387230787,0.2981499513145083,0.41825783972125435,0.41012370484517735,0.3979949951171875,0.5155725479125977,3,0.5744274854660034,0.8783142566680908,False,0
finetuned/ft1/seg_head_best.pt,train_crosswalk_42365449N_71061121W_jpeg.rf.9a0076fa66feb4902edc48123b79b4f0,coords-in-name,train,text__semantic__road__neg-sidewalk+grass+building+tree__t0.5_c0.5_fill25,text,semantic,road,sidewalk+grass+building+tree,positive,0.5,25.0,0.7415260899028687,0.3969839536091181,0.3777694329703342,0.41825783972125435,0.4465666939401437,0.4034996032714844,0.5155725479125977,3,0.5744274854660034,0.8783142566680908,False,0
finetuned/ft1/seg_head_best.pt,train_crosswalk_42365449N_71061121W_jpeg.rf.9a0076fa66feb4902edc48123b79b4f0,coords-in-name,train,text__fused__road__t0.3_c0.5,text,fused,road,,positive,0.3,0.0,0.8556236950858507,0.3329608473005675,0.3130782410051399,0.35554006968641116,0.45379155587963066,0.5108642578125,0.5155725479125977,3,0.5744274854660034,0.8783142566680908,False,0
finetuned/ft1/seg_head_best.pt,train_crosswalk_42365449N_71061121W_jpeg.rf.9a0076fa66feb4902edc48123b79b4f0,coords-in-name,train,text__fused__road__t0.3_c0.5_fill25,text,fused,road,,positive,0.3,25.0,0.8580764046183389,0.3505971916539447,0.35554630015271416,0.34578397212543555,0.47279453684788025,0.5124034881591797,0.5155725479125977,3,0.5744274854660034,0.8783142566680908,False,0
finetuned/ft1/seg_head_best.pt,train_crosswalk_42365449N_71061121W_jpeg.rf.9a0076fa66feb4902edc48123b79b4f0,coords-in-name,train,text__fused__road__t0.4_c0.5,text,fused,road,,positive,0.4,0.0,0.8071078409954823,0.28211539779271727,0.24712930604093858,0.3286411149825784,0.3678220491467506,0.47052669525146484,0.5155725479125977,3,0.5744274854660034,0.8783142566680908,False,0
finetuned/ft1/seg_head_best.pt,train_crosswalk_42365449N_71061121W_jpeg.rf.9a0076fa66feb4902edc48123b79b4f0,coords-in-name,train,text__fused__road__t0.4_c0.5_fill25,text,fused,road,,positive,0.4,25.0,0.8142093110181896,0.3036399105328095,0.2964207261920145,0.31121951219512195,0.3699777207049357,0.4749917984008789,0.5155725479125977,3,0.5744274854660034,0.8783142566680908,False,0
finetuned/ft1/seg_head_best.pt,train_crosswalk_42365449N_71061121W_jpeg.rf.9a0076fa66feb4902edc48123b79b4f0,coords-in-name,train,text__fused__road__t0.5_c0.5,text,fused,road,,positive,0.5,0.0,0.7418014051719894,0.3382518692808554,0.2986481340441737,0.38996515679442506,0.411109874558345,0.42919445037841797,0.5155725479125977,3,0.5744274854660034,0.8783142566680908,False,0
finetuned/ft1/seg_head_best.pt,train_crosswalk_42365449N_71061121W_jpeg.rf.9a0076fa66feb4902edc48123b79b4f0,coords-in-name,train,text__fused__road__t0.5_c0.5_fill25,text,fused,road,,positive,0.5,25.0,0.7508522238566508,0.342714951115448,0.3454016913319239,0.3400696864111498,0.3946095176750706,0.4356565475463867,0.5155725479125977,3,0.5744274854660034,0.8783142566680908,False,0
finetuned/ft1/seg_head_best.pt,train_crosswalk_42365449N_71061121W_jpeg.rf.9a0076fa66feb4902edc48123b79b4f0,coords-in-name,train,text__fused__road__neg-sidewalk+grass+building+tree__t0.3_c0.5,text,fused,road,sidewalk+grass+building+tree,positive,0.3,0.0,0.844218720334156,0.41842556164194744,0.3618197691337666,0.4960278745644599,0.5197875923837588,0.46636009216308594,0.5155725479125977,3,0.5744274854660034,0.8783142566680908,False,0
finetuned/ft1/seg_head_best.pt,train_crosswalk_42365449N_71061121W_jpeg.rf.9a0076fa66feb4902edc48123b79b4f0,coords-in-name,train,text__fused__road__neg-sidewalk+grass+building+tree__t0.3_c0.5_fill25,text,fused,road,sidewalk+grass+building+tree,positive,0.3,25.0,0.8474409924761938,0.45790691655314825,0.4279268582284493,0.492404181184669,0.5573019121173789,0.46817970275878906,0.5155725479125977,3,0.5744274854660034,0.8783142566680908,False,0
finetuned/ft1/seg_head_best.pt,train_crosswalk_42365449N_71061121W_jpeg.rf.9a0076fa66feb4902edc48123b79b4f0,coords-in-name,train,text__fused__road__neg-sidewalk+grass+building+tree__t0.4_c0.5,text,fused,road,sidewalk+grass+building+tree,positive,0.4,0.0,0.7999242102983768,0.36735178672087215,0.3004376555393461,0.4726132404181185,0.4458365328486089,0.43567466735839844,0.5155725479125977,3,0.5744274854660034,0.8783142566680908,False,0
finetuned/ft1/seg_head_best.pt,train_crosswalk_42365449N_71061121W_jpeg.rf.9a0076fa66feb4902edc48123b79b4f0,coords-in-name,train,text__fused__road__neg-sidewalk+grass+building+tree__t0.4_c0.5_fill25,text,fused,road,sidewalk+grass+building+tree,positive,0.4,25.0,0.8074569689620764,0.4094605361454512,0.3611959153595115,0.4726132404181185,0.48369048230522615,0.43970394134521484,0.5155725479125977,3,0.5744274854660034,0.8783142566680908,False,0
finetuned/ft1/seg_head_best.pt,train_crosswalk_42365449N_71061121W_jpeg.rf.9a0076fa66feb4902edc48123b79b4f0,coords-in-name,train,text__fused__road__neg-sidewalk+grass+building+tree__t0.5_c0.5,text,fused,road,sidewalk+grass+building+tree,positive,0.5,0.0,0.731095550033883,0.34813567387230787,0.2981499513145083,0.41825783972125435,0.41012370484517735,0.3979949951171875,0.5155725479125977,3,0.5744274854660034,0.8783142566680908,False,0
finetuned/ft1/seg_head_best.pt,train_crosswalk_42365449N_71061121W_jpeg.rf.9a0076fa66feb4902edc48123b79b4f0,coords-in-name,train,text__fused__road__neg-sidewalk+grass+building+tree__t0.5_c0.5_fill25,text,fused,road,sidewalk+grass+building+tree,positive,0.5,25.0,0.7415260899028687,0.3969839536091181,0.3777694329703342,0.41825783972125435,0.4465666939401437,0.4034996032714844,0.5155725479125977,3,0.5744274854660034,0.8783142566680908,False,0
finetuned/ft1/seg_head_best.pt,train_crosswalk_33637394N_117839038W_jpeg.rf.c0eb875bfca21c1844cbe4baaa81a579,coords-in-name,train,text__semantic__road__t0.3_c0.5,text,semantic,road,,positive,0.3,0.0,0.7783537307312453,0.4539309349293775,0.35477299185098954,0.6300193852118526,0.600910915089275,0.25954723358154297,0.3277435302734375,2,0.7927671670913696,0.9525741338729858,False,0
finetuned/ft1/seg_head_best.pt,train_crosswalk_33637394N_117839038W_jpeg.rf.c0eb875bfca21c1844cbe4baaa81a579,coords-in-name,train,text__semantic__road__t0.3_c0.5_fill25,text,semantic,road,,positive,0.3,25.0,0.7835950630403771,0.5032169308792499,0.41890495867768596,0.6300193852118526,0.6628460651775573,0.2612781524658203,0.3277435302734375,2,0.7927671670913696,0.9525741338729858,False,0
finetuned/ft1/seg_head_best.pt,train_crosswalk_33637394N_117839038W_jpeg.rf.c0eb875bfca21c1844cbe4baaa81a579,coords-in-name,train,text__semantic__road__t0.4_c0.5,text,semantic,road,,positive,0.4,0.0,0.7374039642066217,0.3301426307448494,0.24146884272997032,0.5217391304347826,0.49639340380196284,0.2431192398071289,0.3277435302734375,2,0.7927671670913696,0.9525741338729858,False,0
finetuned/ft1/seg_head_best.pt,train_crosswalk_33637394N_117839038W_jpeg.rf.c0eb875bfca21c1844cbe4baaa81a579,coords-in-name,train,text__semantic__road__t0.4_c0.5_fill25,text,semantic,road,,positive,0.4,25.0,0.7479131353472497,0.3986136371435435,0.32250541395968685,0.5217391304347826,0.5911099061601709,0.24657726287841797,0.3277435302734375,2,0.7927671670913696,0.9525741338729858,False,0
finetuned/ft1/seg_head_best.pt,train_crosswalk_33637394N_117839038W_jpeg.rf.c0eb875bfca21c1844cbe4baaa81a579,coords-in-name,train,text__semantic__road__t0.5_c0.5,text,semantic,road,,positive,0.5,0.0,0.663099722226262,0.23170007960743183,0.15721343873517787,0.4403212406535586,0.360918944594025,0.21755027770996094,0.3277435302734375,2,0.7927671670913696,0.9525741338729858,False,0
finetuned/ft1/seg_head_best.pt,train_crosswalk_33637394N_117839038W_jpeg.rf.c0eb875bfca21c1844cbe4baaa81a579,coords-in-name,train,text__semantic__road__t0.5_c0.5_fill25,text,semantic,road,,positive,0.5,25.0,0.6925931850903856,0.3089466851843456,0.2379513521680012,0.4403212406535586,0.4787675604512302,0.2272205352783203,0.3277435302734375,2,0.7927671670913696,0.9525741338729858,False,0
finetuned/ft1/seg_head_best.pt,train_crosswalk_33637394N_117839038W_jpeg.rf.c0eb875bfca21c1844cbe4baaa81a579,coords-in-name,train,text__semantic__road__neg-sidewalk+grass+building+tree__t0.3_c0.5,text,semantic,road,sidewalk+grass+building+tree,positive,0.3,0.0,0.485586661667989,0.26118886900864463,0.20538616313264202,0.3586264192744392,0.4261318455388179,0.15975284576416016,0.3277435302734375,2,0.7927671670913696,0.9525741338729858,False,0
finetuned/ft1/seg_head_best.pt,train_crosswalk_33637394N_117839038W_jpeg.rf.c0eb875bfca21c1844cbe4baaa81a579,coords-in-name,train,text__semantic__road__neg-sidewalk+grass+building+tree__t0.3_c0.5_fill25,text,semantic,road,sidewalk+grass+building+tree,positive,0.3,25.0,0.4856622230747099,0.262221110686571,0.20666562840679023,0.3586264192744392,0.427810516671508,0.15977764129638672,0.3277435302734375,2,0.7927671670913696,0.9525741338729858,False,0
finetuned/ft1/seg_head_best.pt,train_crosswalk_33637394N_117839038W_jpeg.rf.c0eb875bfca21c1844cbe4baaa81a579,coords-in-name,train,text__semantic__road__neg-sidewalk+grass+building+tree__t0.4_c0.5,text,semantic,road,sidewalk+grass+building+tree,positive,0.4,0.0,0.48278448990273476,0.2484550873733985,0.19215260545905707,0.3514261977291609,0.40890006693304665,0.1585702896118164,0.3277435302734375,2,0.7927671670913696,0.9525741338729858,False,0
finetuned/ft1/seg_head_best.pt,train_crosswalk_33637394N_117839038W_jpeg.rf.c0eb875bfca21c1844cbe4baaa81a579,coords-in-name,train,text__semantic__road__neg-sidewalk+grass+building+tree__t0.4_c0.5_fill25,text,semantic,road,sidewalk+grass+building+tree,positive,0.4,25.0,0.4830839912185051,0.2507395596206751,0.1948992443324937,0.3514261977291609,0.40788269720534365,0.15866851806640625,0.3277435302734375,2,0.7927671670913696,0.9525741338729858,False,0
finetuned/ft1/seg_head_best.pt,train_crosswalk_33637394N_117839038W_jpeg.rf.c0eb875bfca21c1844cbe4baaa81a579,coords-in-name,train,text__semantic__road__neg-sidewalk+grass+building+tree__t0.5_c0.5,text,semantic,road,sidewalk+grass+building+tree,positive,0.5,0.0,0.4777912875526493,0.23717778828791508,0.18288902665840048,0.33730268623649956,0.3928404590653693,0.15676212310791016,0.3277435302734375,2,0.7927671670913696,0.9525741338729858,False,0
finetuned/ft1/seg_head_best.pt,train_crosswalk_33637394N_117839038W_jpeg.rf.c0eb875bfca21c1844cbe4baaa81a579,coords-in-name,train,text__semantic__road__neg-sidewalk+grass+building+tree__t0.5_c0.5_fill25,text,semantic,road,sidewalk+grass+building+tree,positive,0.5,25.0,0.47798326856398204,0.23987782794101695,0.1861198738170347,0.33730268623649956,0.39727004334680444,0.15682506561279297,0.3277435302734375,2,0.7927671670913696,0.9525741338729858,False,0
finetuned/ft1/seg_head_best.pt,train_crosswalk_33637394N_117839038W_jpeg.rf.c0eb875bfca21c1844cbe4baaa81a579,coords-in-name,train,text__fused__road__t0.3_c0.5,text,fused,road,,positive,0.3,0.0,0.7783537307312453,0.4539309349293775,0.35477299185098954,0.6300193852118526,0.600910915089275,0.25954723358154297,0.3277435302734375,2,0.7927671670913696,0.9525741338729858,False,0
finetuned/ft1/seg_head_best.pt,train_crosswalk_33637394N_117839038W_jpeg.rf.c0eb875bfca21c1844cbe4baaa81a579,coords-in-name,train,text__fused__road__t0.3_c0.5_fill25,text,fused,road,,positive,0.3,25.0,0.7835950630403771,0.5032169308792499,0.41890495867768596,0.6300193852118526,0.6628460651775573,0.2612781524658203,0.3277435302734375,2,0.7927671670913696,0.9525741338729858,False,0
finetuned/ft1/seg_head_best.pt,train_crosswalk_33637394N_117839038W_jpeg.rf.c0eb875bfca21c1844cbe4baaa81a579,coords-in-name,train,text__fused__road__t0.4_c0.5,text,fused,road,,positive,0.4,0.0,0.7374039642066217,0.3301426307448494,0.24146884272997032,0.5217391304347826,0.49639340380196284,0.2431192398071289,0.3277435302734375,2,0.7927671670913696,0.9525741338729858,False,0
finetuned/ft1/seg_head_best.pt,train_crosswalk_33637394N_117839038W_jpeg.rf.c0eb875bfca21c1844cbe4baaa81a579,coords-in-name,train,text__fused__road__t0.4_c0.5_fill25,text,fused,road,,positive,0.4,25.0,0.7479131353472497,0.3986136371435435,0.32250541395968685,0.5217391304347826,0.5911099061601709,0.24657726287841797,0.3277435302734375,2,0.7927671670913696,0.9525741338729858,False,0
finetuned/ft1/seg_head_best.pt,train_crosswalk_33637394N_117839038W_jpeg.rf.c0eb875bfca21c1844cbe4baaa81a579,coords-in-name,train,text__fused__road__t0.5_c0.5,text,fused,road,,positive,0.5,0.0,0.663099722226262,0.23170007960743183,0.15721343873517787,0.4403212406535586,0.360918944594025,0.21755027770996094,0.3277435302734375,2,0.7927671670913696,0.9525741338729858,False,0
finetuned/ft1/seg_head_best.pt,train_crosswalk_33637394N_117839038W_jpeg.rf.c0eb875bfca21c1844cbe4baaa81a579,coords-in-name,train,text__fused__road__t0.5_c0.5_fill25,text,fused,road,,positive,0.5,25.0,0.6925931850903856,0.3089466851843456,0.2379513521680012,0.4403212406535586,0.4787675604512302,0.2272205352783203,0.3277435302734375,2,0.7927671670913696,0.9525741338729858,False,0
finetuned/ft1/seg_head_best.pt,train_crosswalk_33637394N_117839038W_jpeg.rf.c0eb875bfca21c1844cbe4baaa81a579,coords-in-name,train,text__fused__road__neg-sidewalk+grass+building+tree__t0.3_c0.5,text,fused,road,sidewalk+grass+building+tree,positive,0.3,0.0,0.485586661667989,0.26118886900864463,0.20538616313264202,0.3586264192744392,0.4261318455388179,0.15975284576416016,0.3277435302734375,2,0.7927671670913696,0.9525741338729858,False,0
finetuned/ft1/seg_head_best.pt,train_crosswalk_33637394N_117839038W_jpeg.rf.c0eb875bfca21c1844cbe4baaa81a579,coords-in-name,train,text__fused__road__neg-sidewalk+grass+building+tree__t0.3_c0.5_fill25,text,fused,road,sidewalk+grass+building+tree,positive,0.3,25.0,0.4856622230747099,0.262221110686571,0.20666562840679023,0.3586264192744392,0.427810516671508,0.15977764129638672,0.3277435302734375,2,0.7927671670913696,0.9525741338729858,False,0
finetuned/ft1/seg_head_best.pt,train_crosswalk_33637394N_117839038W_jpeg.rf.c0eb875bfca21c1844cbe4baaa81a579,coords-in-name,train,text__fused__road__neg-sidewalk+grass+building+tree__t0.4_c0.5,text,fused,road,sidewalk+grass+building+tree,positive,0.4,0.0,0.48278448990273476,0.2484550873733985,0.19215260545905707,0.3514261977291609,0.40890006693304665,0.1585702896118164,0.3277435302734375,2,0.7927671670913696,0.9525741338729858,False,0
finetuned/ft1/seg_head_best.pt,train_crosswalk_33637394N_117839038W_jpeg.rf.c0eb875bfca21c1844cbe4baaa81a579,coords-in-name,train,text__fused__road__neg-sidewalk+grass+building+tree__t0.4_c0.5_fill25,text,fused,road,sidewalk+grass+building+tree,positive,0.4,25.0,0.4830839912185051,0.2507395596206751,0.1948992443324937,0.3514261977291609,0.40788269720534365,0.15866851806640625,0.3277435302734375,2,0.7927671670913696,0.9525741338729858,False,0
finetuned/ft1/seg_head_best.pt,train_crosswalk_33637394N_117839038W_jpeg.rf.c0eb875bfca21c1844cbe4baaa81a579,coords-in-name,train,text__fused__road__neg-sidewalk+grass+building+tree__t0.5_c0.5,text,fused,road,sidewalk+grass+building+tree,positive,0.5,0.0,0.4777912875526493,0.23717778828791508,0.18288902665840048,0.33730268623649956,0.3928404590653693,0.15676212310791016,0.3277435302734375,2,0.7927671670913696,0.9525741338729858,False,0
finetuned/ft1/seg_head_best.pt,train_crosswalk_33637394N_117839038W_jpeg.rf.c0eb875bfca21c1844cbe4baaa81a579,coords-in-name,train,text__fused__road__neg-sidewalk+grass+building+tree__t0.5_c0.5_fill25,text,fused,road,sidewalk+grass+building+tree,positive,0.5,25.0,0.47798326856398204,0.23987782794101695,0.1861198738170347,0.33730268623649956,0.39727004334680444,0.15682506561279297,0.3277435302734375,2,0.7927671670913696,0.9525741338729858,False,0
finetuned/ft1/seg_head_best.pt,train_crosswalk_42377961N_71052044W_jpeg.rf.9fd3cfe10b48df3ceee4b69ed2627d53,coords-in-name,train,text__semantic__road__t0.3_c0.5,text,semantic,road,,positive,0.3,0.0,0.648834157171068,0.26329751501642884,0.2079621066877185,0.3587570621468927,0.42512239451693873,0.2915792465209961,0.3494224548339844,4,0.6875394582748413,0.9196425676345825,False,0
finetuned/ft1/seg_head_best.pt,train_crosswalk_42377961N_71052044W_jpeg.rf.9fd3cfe10b48df3ceee4b69ed2627d53,coords-in-name,train,text__semantic__road__t0.3_c0.5_fill25,text,semantic,road,,positive,0.3,25.0,0.6492318632679834,0.2646111123573163,0.21449559255631734,0.34528465884398085,0.4248514647152039,0.29198551177978516,0.3494224548339844,4,0.6875394582748413,0.9196425676345825,False,0
finetuned/ft1/seg_head_best.pt,train_crosswalk_42377961N_71052044W_jpeg.rf.9fd3cfe10b48df3ceee4b69ed2627d53,coords-in-name,train,text__semantic__road__t0.4_c0.5,text,semantic,road,,positive,0.4,0.0,0.6323779319191272,0.2233527747788858,0.18252793108089918,0.28770099956540635,0.38001563938168326,0.26709842681884766,0.3494224548339844,4,0.6875394582748413,0.9196425676345825,False,0
finetuned/ft1/seg_head_best.pt,train_crosswalk_42377961N_71052044W_jpeg.rf.9fd3cfe10b48df3ceee4b69ed2627d53,coords-in-name,train,text__semantic__road__t0.4_c0.5_fill25,text,semantic,road,,positive,0.4,25.0,0.6326938560204337,0.21917155442983993,0.18101733447001989,0.2777053455019557,0.37224388042104173,0.2674980163574219,0.3494224548339844,4,0.6875394582748413,0.9196425676345825,False,0
finetuned/ft1/seg_head_best.pt,train_crosswalk_42377961N_71052044W_jpeg.rf.9fd3cfe10b48df3ceee4b69ed2627d53,coords-in-name,train,text__semantic__road__t0.5_c0.5,text,semantic,road,,positive,0.5,0.0,0.6186555583624187,0.24392756327126439,0.20224252491694353,0.30725771403737506,0.37473324955944354,0.24942588806152344,0.3494224548339844,4,0.6875394582748413,0.9196425676345825,False,0
finetuned/ft1/seg_head_best.pt,train_crosswalk_42377961N_71052044W_jpeg.rf.9fd3cfe10b48df3ceee4b69ed2627d53,coords-in-name,train,text__semantic__road__t0.5_c0.5_fill25,text,semantic,road,,positive,0.5,25.0,0.6194704860663722,0.23886846821212962,0.2043171938240144,0.28748370273794005,0.3757730403554675,0.2499065399169922,0.3494224548339844,4,0.6875394582748413,0.9196425676345825,False,0
finetuned/ft1/seg_head_best.pt,train_crosswalk_42377961N_71052044W_jpeg.rf.9fd3cfe10b48df3ceee4b69ed2627d53,coords-in-name,train,text__semantic__road__neg-sidewalk+grass+building+tree__t0.3_c0.5,text,semantic,road,sidewalk+grass+building+tree,positive,0.3,0.0,0.5965475557024998,0.30528503139852364,0.26369486736776016,0.3624511082138201,0.41484833486530437,0.24004077911376953,0.3494224548339844,4,0.6875394582748413,0.9196425676345825,False,0
finetuned/ft1/seg_head_best.pt,train_crosswalk_42377961N_71052044W_jpeg.rf.9fd3cfe10b48df3ceee4b69ed2627d53,coords-in-name,train,text__semantic__road__neg-sidewalk+grass+building+tree__t0.3_c0.5_fill25,text,semantic,road,sidewalk+grass+building+tree,positive,0.3,25.0,0.5964227701064234,0.3034797587147434,0.2649832187949497,0.3550630160799652,0.4141712852091471,0.24011802673339844,0.3494224548339844,4,0.6875394582748413,0.9196425676345825,False,0
finetuned/ft1/seg_head_best.pt,train_crosswalk_42377961N_71052044W_jpeg.rf.9fd3cfe10b48df3ceee4b69ed2627d53,coords-in-name,train,text__semantic__road__neg-sidewalk+grass+building+tree__t0.4_c0.5,text,semantic,road,sidewalk+grass+building+tree,positive,0.4,0.0,0.5994988684125444,0.30323519922786835,0.26389103853892587,0.35636679704476315,0.41150333410573675,0.23561763763427734,0.3494224548339844,4,0.6875394582748413,0.9196425676345825,False,0
finetuned/ft1/seg_head_best.pt,train_crosswalk_42377961N_71052044W_jpeg.rf.9fd3cfe10b48df3ceee4b69ed2627d53,coords-in-name,train,text__semantic__road__neg-sidewalk+grass+building+tree__t0.4_c0.5_fill25,text,semantic,road,sidewalk+grass+building+tree,positive,0.4,25.0,0.5994249532741951,0.2981268145262327,0.2598487236054207,0.34963059539330726,0.4073424194112844,0.23572635650634766,0.3494224548339844,4,0.6875394582748413,0.9196425676345825,False,0
finetuned/ft1/seg_head_best.pt,train_crosswalk_42377961N_71052044W_jpeg.rf.9fd3cfe10b48df3ceee4b69ed2627d53,coords-in-name,train,text__semantic__road__neg-sidewalk+grass+building+tree__t0.5_c0.5,text,semantic,road,sidewalk+grass+building+tree,positive,0.5,0.0,0.6004823193545152,0.3112152054416305,0.2704980842911877,0.3663624511082138,0.41598057162832197,0.2290630340576172,0.3494224548339844,4,0.6875394582748413,0.9196425676345825,False,0
finetuned/ft1/seg_head_best.pt,train_crosswalk_42377961N_71052044W_jpeg.rf.9fd3cfe10b48df3ceee4b69ed2627d53,coords-in-name,train,text__semantic__road__neg-sidewalk+grass+building+tree__t0.5_c0.5_fill25,text,semantic,road,sidewalk+grass+building+tree,positive,0.5,25.0,0.6004885215891196,0.3074051067679869,0.2696504823659655,0.35745328118209474,0.41364520216332296,0.2292194366455078,0.3494224548339844,4,0.6875394582748413,0.9196425676345825,False,0
finetuned/ft1/seg_head_best.pt,train_crosswalk_42377961N_71052044W_jpeg.rf.9fd3cfe10b48df3ceee4b69ed2627d53,coords-in-name,train,text__fused__road__t0.3_c0.5,text,fused,road,,positive,0.3,0.0,0.648834157171068,0.26329751501642884,0.2079621066877185,0.3587570621468927,0.42512239451693873,0.2915792465209961,0.3494224548339844,4,0.6875394582748413,0.9196425676345825,False,0
finetuned/ft1/seg_head_best.pt,train_crosswalk_42377961N_71052044W_jpeg.rf.9fd3cfe10b48df3ceee4b69ed2627d53,coords-in-name,train,text__fused__road__t0.3_c0.5_fill25,text,fused,road,,positive,0.3,25.0,0.6492318632679834,0.2646111123573163,0.21449559255631734,0.34528465884398085,0.4248514647152039,0.29198551177978516,0.3494224548339844,4,0.6875394582748413,0.9196425676345825,False,0
finetuned/ft1/seg_head_best.pt,train_crosswalk_42377961N_71052044W_jpeg.rf.9fd3cfe10b48df3ceee4b69ed2627d53,coords-in-name,train,text__fused__road__t0.4_c0.5,text,fused,road,,positive,0.4,0.0,0.6323779319191272,0.2233527747788858,0.18252793108089918,0.28770099956540635,0.38001563938168326,0.26709842681884766,0.3494224548339844,4,0.6875394582748413,0.9196425676345825,False,0
finetuned/ft1/seg_head_best.pt,train_crosswalk_42377961N_71052044W_jpeg.rf.9fd3cfe10b48df3ceee4b69ed2627d53,coords-in-name,train,text__fused__road__t0.4_c0.5_fill25,text,fused,road,,positive,0.4,25.0,0.6326938560204337,0.21917155442983993,0.18101733447001989,0.2777053455019557,0.37224388042104173,0.2674980163574219,0.3494224548339844,4,0.6875394582748413,0.9196425676345825,False,0
finetuned/ft1/seg_head_best.pt,train_crosswalk_42377961N_71052044W_jpeg.rf.9fd3cfe10b48df3ceee4b69ed2627d53,coords-in-name,train,text__fused__road__t0.5_c0.5,text,fused,road,,positive,0.5,0.0,0.6186555583624187,0.24392756327126439,0.20224252491694353,0.30725771403737506,0.37473324955944354,0.24942588806152344,0.3494224548339844,4,0.6875394582748413,0.9196425676345825,False,0
finetuned/ft1/seg_head_best.pt,train_crosswalk_42377961N_71052044W_jpeg.rf.9fd3cfe10b48df3ceee4b69ed2627d53,coords-in-name,train,text__fused__road__t0.5_c0.5_fill25,text,fused,road,,positive,0.5,25.0,0.6194704860663722,0.23886846821212962,0.2043171938240144,0.28748370273794005,0.3757730403554675,0.2499065399169922,0.3494224548339844,4,0.6875394582748413,0.9196425676345825,False,0
finetuned/ft1/seg_head_best.pt,train_crosswalk_42377961N_71052044W_jpeg.rf.9fd3cfe10b48df3ceee4b69ed2627d53,coords-in-name,train,text__fused__road__neg-sidewalk+grass+building+tree__t0.3_c0.5,text,fused,road,sidewalk+grass+building+tree,positive,0.3,0.0,0.5965511362755784,0.3053405170469367,0.263777673104098,0.3624511082138201,0.41492265696087355,0.2400360107421875,0.3494224548339844,4,0.6875394582748413,0.9196425676345825,False,0
finetuned/ft1/seg_head_best.pt,train_crosswalk_42377961N_71052044W_jpeg.rf.9fd3cfe10b48df3ceee4b69ed2627d53,coords-in-name,train,text__fused__road__neg-sidewalk+grass+building+tree__t0.3_c0.5_fill25,text,fused,road,sidewalk+grass+building+tree,positive,0.3,25.0,0.5964263486414805,0.30353531771654196,0.26506794564348524,0.3550630160799652,0.4142460754573881,0.2401132583618164,0.3494224548339844,4,0.6875394582748413,0.9196425676345825,False,0
finetuned/ft1/seg_head_best.pt,train_crosswalk_42377961N_71052044W_jpeg.rf.9fd3cfe10b48df3ceee4b69ed2627d53,coords-in-name,train,text__fused__road__neg-sidewalk+grass+building+tree__t0.4_c0.5,text,fused,road,sidewalk+grass+building+tree,positive,0.4,0.0,0.5994988684125444,0.30323519922786835,0.26389103853892587,0.35636679704476315,0.41150333410573675,0.23561763763427734,0.3494224548339844,4,0.6875394582748413,0.9196425676345825,False,0
finetuned/ft1/seg_head_best.pt,train_crosswalk_42377961N_71052044W_jpeg.rf.9fd3cfe10b48df3ceee4b69ed2627d53,coords-in-name,train,text__fused__road__neg-sidewalk+grass+building+tree__t0.4_c0.5_fill25,text,fused,road,sidewalk+grass+building+tree,positive,0.4,25.0,0.5994249532741951,0.2981268145262327,0.2598487236054207,0.34963059539330726,0.4073424194112844,0.23572635650634766,0.3494224548339844,4,0.6875394582748413,0.9196425676345825,False,0
finetuned/ft1/seg_head_best.pt,train_crosswalk_42377961N_71052044W_jpeg.rf.9fd3cfe10b48df3ceee4b69ed2627d53,coords-in-name,train,text__fused__road__neg-sidewalk+grass+building+tree__t0.5_c0.5,text,fused,road,sidewalk+grass+building+tree,positive,0.5,0.0,0.6004823193545152,0.3112152054416305,0.2704980842911877,0.3663624511082138,0.41598057162832197,0.2290630340576172,0.3494224548339844,4,0.6875394582748413,0.9196425676345825,False,0
finetuned/ft1/seg_head_best.pt,train_crosswalk_42377961N_71052044W_jpeg.rf.9fd3cfe10b48df3ceee4b69ed2627d53,coords-in-name,train,text__fused__road__neg-sidewalk+grass+building+tree__t0.5_c0.5_fill25,text,fused,road,sidewalk+grass+building+tree,positive,0.5,25.0,0.6004885215891196,0.3074051067679869,0.2696504823659655,0.35745328118209474,0.41364520216332296,0.2292194366455078,0.3494224548339844,4,0.6875394582748413,0.9196425676345825,False,0
finetuned/ft1/seg_head_best.pt,train_crosswalk_33636961N_117835270W_jpeg.rf.891f6b80e62b782ca0367430e4a96a2b,coords-in-name,train,text__semantic__road__t0.3_c0.5,text,semantic,road,,positive,0.3,0.0,0.939430612084578,0.8390681897760308,0.8200210748155954,0.8590211833455077,0.9075583824193986,0.4412879943847656,0.42986106872558594,1,0.7165207266807556,0.8587185740470886,False,0
finetuned/ft1/seg_head_best.pt,train_crosswalk_33636961N_117835270W_jpeg.rf.891f6b80e62b782ca0367430e4a96a2b,coords-in-name,train,text__semantic__road__t0.3_c0.5_fill25,text,semantic,road,,positive,0.3,25.0,0.9393192600375713,0.8370672643787165,0.818640350877193,0.8563428293158023,0.9073041302767173,0.4414377212524414,0.42986106872558594,1,0.7165207266807556,0.8587185740470886,False,0
finetuned/ft1/seg_head_best.pt,train_crosswalk_33636961N_117835270W_jpeg.rf.891f6b80e62b782ca0367430e4a96a2b,coords-in-name,train,text__semantic__road__t0.4_c0.5,text,semantic,road,,positive,0.4,0.0,0.9430062729215304,0.8224568051657819,0.8020537469958489,0.8439250060871683,0.9146284022004638,0.43210411071777344,0.42986106872558594,1,0.7165207266807556,0.8587185740470886,False,0
finetuned/ft1/seg_head_best.pt,train_crosswalk_33636961N_117835270W_jpeg.rf.891f6b80e62b782ca0367430e4a96a2b,coords-in-name,train,text__semantic__road__t0.4_c0.5_fill25,text,semantic,road,,positive,0.4,25.0,0.9429474874409667,0.8257525459160001,0.8083462132921174,0.8439250060871683,0.9183950122363934,0.4321317672729492,0.42986106872558594,1,0.7165207266807556,0.8587185740470886,False,0
finetuned/ft1/seg_head_best.pt,train_crosswalk_33636961N_117835270W_jpeg.rf.891f6b80e62b782ca0367430e4a96a2b,coords-in-name,train,text__semantic__road__t0.5_c0.5,text,semantic,road,,positive,0.5,0.0,0.9451908778099797,0.800265957936362,0.767965367965368,0.8354029705381056,0.9245980072924052,0.4246530532836914,0.42986106872558594,1,0.7165207266807556,0.8587185740470886,False,0
finetuned/ft1/seg_head_best.pt,train_crosswalk_33636961N_117835270W_jpeg.rf.891f6b80e62b782ca0367430e4a96a2b,coords-in-name,train,text__semantic__road__t0.5_c0.5_fill25,text,semantic,road,,positive,0.5,25.0,0.9448998326746662,0.8024242215974912,0.7811111111111111,0.8249330411492574,0.9142468656405608,0.4247922897338867,0.42986106872558594,1,0.7165207266807556,0.8587185740470886,False,0
finetuned/ft1/seg_head_best.pt,train_crosswalk_33636961N_117835270W_jpeg.rf.891f6b80e62b782ca0367430e4a96a2b,coords-in-name,train,text__semantic__road__neg-sidewalk+grass+building+tree__t0.3_c0.5,text,semantic,road,sidewalk+grass+building+tree,positive,0.3,0.0,0.9310815728076371,0.7564866809532412,0.7448956697330043,0.7684441197954711,0.9091293380728313,0.4305267333984375,0.42986106872558594,1,0.7165207266807556,0.8587185740470886,False,0
finetuned/ft1/seg_head_best.pt,train_crosswalk_33636961N_117835270W_jpeg.rf.891f6b80e62b782ca0367430e4a96a2b,coords-in-name,train,text__semantic__road__neg-sidewalk+grass+building+tree__t0.3_c0.5_fill25,text,semantic,road,sidewalk+grass+building+tree,positive,0.3,25.0,0.9310420844685774,0.7567790811572154,0.7454628991500115,0.7684441197954711,0.9100503374267065,0.43057727813720703,0.42986106872558594,1,0.7165207266807556,0.8587185740470886,False,0
finetuned/ft1/seg_head_best.pt,train_crosswalk_33636961N_117835270W_jpeg.rf.891f6b80e62b782ca0367430e4a96a2b,coords-in-name,train,text__semantic__road__neg-sidewalk+grass+building+tree__t0.4_c0.5,text,semantic,road,sidewalk+grass+building+tree,positive,0.4,0.0,0.9350919602443648,0.7507722427494854,0.7341171150802622,0.7682006330654979,0.911203576094787,0.425933837890625,0.42986106872558594,1,0.7165207266807556,0.8587185740470886,False,0
finetuned/ft1/seg_head_best.pt,train_crosswalk_33636961N_117835270W_jpeg.rf.891f6b80e62b782ca0367430e4a96a2b,coords-in-name,train,text__semantic__road__neg-sidewalk+grass+building+tree__t0.4_c0.5_fill25,text,semantic,road,sidewalk+grass+building+tree,positive,0.4,25.0,0.9350254223034893,0.7543794621270303,0.7410468319559229,0.7682006330654979,0.916044231318123,0.4259653091430664,0.42986106872558594,1,0.7165207266807556,0.8587185740470886,False,0
finetuned/ft1/seg_head_best.pt,train_crosswalk_33636961N_117835270W_jpeg.rf.891f6b80e62b782ca0367430e4a96a2b,coords-in-name,train,text__semantic__road__neg-sidewalk+grass+building+tree__t0.5_c0.5,text,semantic,road,sidewalk+grass+building+tree,positive,0.5,0.0,0.9398149154340011,0.7571736032632249,0.7312513745326589,0.7850012174336498,0.923985554782079,0.4213275909423828,0.42986106872558594,1,0.7165207266807556,0.8587185740470886,False,0
finetuned/ft1/seg_head_best.pt,train_crosswalk_33636961N_117835270W_jpeg.rf.891f6b80e62b782ca0367430e4a96a2b,coords-in-name,train,text__semantic__road__neg-sidewalk+grass+building+tree__t0.5_c0.5_fill25,text,semantic,road,sidewalk+grass+building+tree,positive,0.5,25.0,0.9395211402250901,0.7584882982091801,0.7430964237211408,0.7745312880448015,0.9135166167350259,0.42146873474121094,0.42986106872558594,1,0.7165207266807556,0.8587185740470886,False,0
finetuned/ft1/seg_head_best.pt,train_crosswalk_33636961N_117835270W_jpeg.rf.891f6b80e62b782ca0367430e4a96a2b,coords-in-name,train,text__fused__road__t0.3_c0.5,text,fused,road,,positive,0.3,0.0,0.939430612084578,0.8390681897760308,0.8200210748155954,0.8590211833455077,0.9075583824193986,0.4412879943847656,0.42986106872558594,1,0.7165207266807556,0.8587185740470886,False,0
finetuned/ft1/seg_head_best.pt,train_crosswalk_33636961N_117835270W_jpeg.rf.891f6b80e62b782ca0367430e4a96a2b,coords-in-name,train,text__fused__road__t0.3_c0.5_fill25,text,fused,road,,positive,0.3,25.0,0.9393192600375713,0.8370672643787165,0.818640350877193,0.8563428293158023,0.9073041302767173,0.4414377212524414,0.42986106872558594,1,0.7165207266807556,0.8587185740470886,False,0
finetuned/ft1/seg_head_best.pt,train_crosswalk_33636961N_117835270W_jpeg.rf.891f6b80e62b782ca0367430e4a96a2b,coords-in-name,train,text__fused__road__t0.4_c0.5,text,fused,road,,positive,0.4,0.0,0.9430062729215304,0.8224568051657819,0.8020537469958489,0.8439250060871683,0.9146284022004638,0.43210411071777344,0.42986106872558594,1,0.7165207266807556,0.8587185740470886,False,0
finetuned/ft1/seg_head_best.pt,train_crosswalk_33636961N_117835270W_jpeg.rf.891f6b80e62b782ca0367430e4a96a2b,coords-in-name,train,text__fused__road__t0.4_c0.5_fill25,text,fused,road,,positive,0.4,25.0,0.9429474874409667,0.8257525459160001,0.8083462132921174,0.8439250060871683,0.9183950122363934,0.4321317672729492,0.42986106872558594,1,0.7165207266807556,0.8587185740470886,False,0
finetuned/ft1/seg_head_best.pt,train_crosswalk_33636961N_117835270W_jpeg.rf.891f6b80e62b782ca0367430e4a96a2b,coords-in-name,train,text__fused__road__t0.5_c0.5,text,fused,road,,positive,0.5,0.0,0.9451908778099797,0.800265957936362,0.767965367965368,0.8354029705381056,0.9245980072924052,0.4246530532836914,0.42986106872558594,1,0.7165207266807556,0.8587185740470886,False,0
finetuned/ft1/seg_head_best.pt,train_crosswalk_33636961N_117835270W_jpeg.rf.891f6b80e62b782ca0367430e4a96a2b,coords-in-name,train,text__fused__road__t0.5_c0.5_fill25,text,fused,road,,positive,0.5,25.0,0.9448998326746662,0.8024242215974912,0.7811111111111111,0.8249330411492574,0.9142468656405608,0.4247922897338867,0.42986106872558594,1,0.7165207266807556,0.8587185740470886,False,0
finetuned/ft1/seg_head_best.pt,train_crosswalk_33636961N_117835270W_jpeg.rf.891f6b80e62b782ca0367430e4a96a2b,coords-in-name,train,text__fused__road__neg-sidewalk+grass+building+tree__t0.3_c0.5,text,fused,road,sidewalk+grass+building+tree,positive,0.3,0.0,0.9311573106826043,0.7564029426570485,0.7447333034513671,0.7684441197954711,0.9089572127264859,0.43049049377441406,0.42986106872558594,1,0.7165207266807556,0.8587185740470886,False,0
finetuned/ft1/seg_head_best.pt,train_crosswalk_33636961N_117835270W_jpeg.rf.891f6b80e62b782ca0367430e4a96a2b,coords-in-name,train,text__fused__road__neg-sidewalk+grass+building+tree__t0.3_c0.5_fill25,text,fused,road,sidewalk+grass+building+tree,positive,0.3,25.0,0.9311178131334428,0.7566930731133475,0.7452960073428178,0.7684441197954711,0.9098733998135059,0.4305410385131836,0.42986106872558594,1,0.7165207266807556,0.8587185740470886,False,0
finetuned/ft1/seg_head_best.pt,train_crosswalk_33636961N_117835270W_jpeg.rf.891f6b80e62b782ca0367430e4a96a2b,coords-in-name,train,text__fused__road__neg-sidewalk+grass+building+tree__t0.4_c0.5,text,fused,road,sidewalk+grass+building+tree,positive,0.4,0.0,0.9350919602443648,0.7507722427494854,0.7341171150802622,0.7682006330654979,0.911203576094787,0.425933837890625,0.42986106872558594,1,0.7165207266807556,0.8587185740470886,False,0
finetuned/ft1/seg_head_best.pt,train_crosswalk_33636961N_117835270W_jpeg.rf.891f6b80e62b782ca0367430e4a96a2b,coords-in-name,train,text__fused__road__neg-sidewalk+grass+building+tree__t0.4_c0.5_fill25,text,fused,road,sidewalk+grass+building+tree,positive,0.4,25.0,0.9350254223034893,0.7543794621270303,0.7410468319559229,0.7682006330654979,0.916044231318123,0.4259653091430664,0.42986106872558594,1,0.7165207266807556,0.8587185740470886,False,0
finetuned/ft1/seg_head_best.pt,train_crosswalk_33636961N_117835270W_jpeg.rf.891f6b80e62b782ca0367430e4a96a2b,coords-in-name,train,text__fused__road__neg-sidewalk+grass+building+tree__t0.5_c0.5,text,fused,road,sidewalk+grass+building+tree,positive,0.5,0.0,0.9398149154340011,0.7571736032632249,0.7312513745326589,0.7850012174336498,0.923985554782079,0.4213275909423828,0.42986106872558594,1,0.7165207266807556,0.8587185740470886,False,0
finetuned/ft1/seg_head_best.pt,train_crosswalk_33636961N_117835270W_jpeg.rf.891f6b80e62b782ca0367430e4a96a2b,coords-in-name,train,text__fused__road__neg-sidewalk+grass+building+tree__t0.5_c0.5_fill25,text,fused,road,sidewalk+grass+building+tree,positive,0.5,25.0,0.9395211402250901,0.7584882982091801,0.7430964237211408,0.7745312880448015,0.9135166167350259,0.42146873474121094,0.42986106872558594,1,0.7165207266807556,0.8587185740470886,False,0
finetuned/ft1/seg_head_best.pt,train_crosswalk_30343986N_81413292W_jpeg.rf.be45b2282e73d5a2ce4b58e9025f9007,coords-in-name,train,text__semantic__road__t0.3_c0.5,text,semantic,road,,positive,0.3,0.0,0.5674395737221966,0.4321592766031497,0.4527307569466624,0.4133760227676983,0.5546429548112514,0.29468536376953125,0.47454357147216797,2,0.7620394825935364,0.9086179733276367,False,0
finetuned/ft1/seg_head_best.pt,train_crosswalk_30343986N_81413292W_jpeg.rf.be45b2282e73d5a2ce4b58e9025f9007,coords-in-name,train,text__semantic__road__t0.3_c0.5_fill25,text,semantic,road,,positive,0.3,25.0,0.5670719518703605,0.38718887275818614,0.4227191413237925,0.35716826752045533,0.503666569479241,0.29552268981933594,0.47454357147216797,2,0.7620394825935364,0.9086179733276367,False,0
finetuned/ft1/seg_head_best.pt,train_crosswalk_30343986N_81413292W_jpeg.rf.be45b2282e73d5a2ce4b58e9025f9007,coords-in-name,train,text__semantic__road__t0.4_c0.5,text,semantic,road,,positive,0.4,0.0,0.5529198820602891,0.4395834036580161,0.43683241252302024,0.4423692636072572,0.580897294835307,0.2708454132080078,0.47454357147216797,2,0.7620394825935364,0.9086179733276367,False,0
finetuned/ft1/seg_head_best.pt,train_crosswalk_30343986N_81413292W_jpeg.rf.be45b2282e73d5a2ce4b58e9025f9007,coords-in-name,train,text__semantic__road__t0.4_c0.5_fill25,text,semantic,road,,positive,0.4,25.0,0.5592619453671994,0.442268057724356,0.5017235436056532,0.39541088580576306,0.580241476643884,0.2779417037963867,0.47454357147216797,2,0.7620394825935364,0.9086179733276367,False,0
finetuned/ft1/seg_head_best.pt,train_crosswalk_30343986N_81413292W_jpeg.rf.be45b2282e73d5a2ce4b58e9025f9007,coords-in-name,train,text__semantic__road__t0.5_c0.5,text,semantic,road,,positive,0.5,0.0,0.5146471878923533,0.32684586071967475,0.31383527331663474,0.3409818569903949,0.49721355375855864,0.2456655502319336,0.47454357147216797,2,0.7620394825935364,0.9086179733276367,False,0
finetuned/ft1/seg_head_best.pt,train_crosswalk_30343986N_81413292W_jpeg.rf.be45b2282e73d5a2ce4b58e9025f9007,coords-in-name,train,text__semantic__road__t0.5_c0.5_fill25,text,semantic,road,,positive,0.5,25.0,0.5171502264367401,0.34553683756990283,0.3502151605428666,0.3409818569903949,0.5215342726468958,0.2468557357788086,0.47454357147216797,2,0.7620394825935364,0.9086179733276367,False,0
finetuned/ft1/seg_head_best.pt,train_crosswalk_30343986N_81413292W_jpeg.rf.be45b2282e73d5a2ce4b58e9025f9007,coords-in-name,train,text__semantic__road__neg-sidewalk+grass+building+tree__t0.3_c0.5,text,semantic,road,sidewalk+grass+building+tree,positive,0.3,0.0,0.5096290050257989,0.39421611409023327,0.384297520661157,0.40466026325151194,0.5472232521235609,0.25621795654296875,0.47454357147216797,2,0.7620394825935364,0.9086179733276367,False,0
finetuned/ft1/seg_head_best.pt,train_crosswalk_30343986N_81413292W_jpeg.rf.be45b2282e73d5a2ce4b58e9025f9007,coords-in-name,train,text__semantic__road__neg-sidewalk+grass+building+tree__t0.3_c0.5_fill25,text,semantic,road,sidewalk+grass+building+tree,positive,0.3,25.0,0.5118222817417335,0.40020564167179307,0.3986098115225237,0.4018143009605123,0.5570472830141504,0.2575521469116211,0.47454357147216797,2,0.7620394825935364,0.9086179733276367,False,0
finetuned/ft1/seg_head_best.pt,train_crosswalk_30343986N_81413292W_jpeg.rf.be45b2282e73d5a2ce4b58e9025f9007,coords-in-name,train,text__semantic__road__neg-sidewalk+grass+building+tree__t0.4_c0.5,text,semantic,road,sidewalk+grass+building+tree,positive,0.4,0.0,0.5121214371887339,0.34743615378165393,0.34281098546042005,0.35218783351120597,0.49444812086489864,0.2438488006591797,0.47454357147216797,2,0.7620394825935364,0.9086179733276367,False,0
finetuned/ft1/seg_head_best.pt,train_crosswalk_30343986N_81413292W_jpeg.rf.be45b2282e73d5a2ce4b58e9025f9007,coords-in-name,train,text__semantic__road__neg-sidewalk+grass+building+tree__t0.4_c0.5_fill25,text,semantic,road,sidewalk+grass+building+tree,positive,0.4,25.0,0.5142231420387139,0.3616471974743674,0.3716287215411559,0.35218783351120597,0.5141752184846894,0.24484729766845703,0.47454357147216797,2,0.7620394825935364,0.9086179733276367,False,0
finetuned/ft1/seg_head_best.pt,train_crosswalk_30343986N_81413292W_jpeg.rf.be45b2282e73d5a2ce4b58e9025f9007,coords-in-name,train,text__semantic__road__neg-sidewalk+grass+building+tree__t0.5_c0.5,text,semantic,road,sidewalk+grass+building+tree,positive,0.5,0.0,0.5023857529580927,0.3160654347664865,0.30731475617479415,0.32532906438989684,0.48348600302739575,0.2389211654663086,0.47454357147216797,2,0.7620394825935364,0.9086179733276367,False,0
finetuned/ft1/seg_head_best.pt,train_crosswalk_30343986N_81413292W_jpeg.rf.be45b2282e73d5a2ce4b58e9025f9007,coords-in-name,train,text__semantic__road__neg-sidewalk+grass+building+tree__t0.5_c0.5_fill25,text,semantic,road,sidewalk+grass+building+tree,positive,0.5,25.0,0.5052615090489923,0.33563119915373896,0.34660714285714284,0.32532906438989684,0.5093499158882195,0.24028682708740234,0.47454357147216797,2,0.7620394825935364,0.9086179733276367,False,0
finetuned/ft1/seg_head_best.pt,train_crosswalk_30343986N_81413292W_jpeg.rf.be45b2282e73d5a2ce4b58e9025f9007,coords-in-name,train,text__fused__road__t0.3_c0.5,text,fused,road,,positive,0.3,0.0,0.5674395737221966,0.4321592766031497,0.4527307569466624,0.4133760227676983,0.5546429548112514,0.29468536376953125,0.47454357147216797,2,0.7620394825935364,0.9086179733276367,False,0
finetuned/ft1/seg_head_best.pt,train_crosswalk_30343986N_81413292W_jpeg.rf.be45b2282e73d5a2ce4b58e9025f9007,coords-in-name,train,text__fused__road__t0.3_c0.5_fill25,text,fused,road,,positive,0.3,25.0,0.5670719518703605,0.38718887275818614,0.4227191413237925,0.35716826752045533,0.503666569479241,0.29552268981933594,0.47454357147216797,2,0.7620394825935364,0.9086179733276367,False,0
finetuned/ft1/seg_head_best.pt,train_crosswalk_30343986N_81413292W_jpeg.rf.be45b2282e73d5a2ce4b58e9025f9007,coords-in-name,train,text__fused__road__t0.4_c0.5,text,fused,road,,positive,0.4,0.0,0.5529198820602891,0.4395834036580161,0.43683241252302024,0.4423692636072572,0.580897294835307,0.2708454132080078,0.47454357147216797,2,0.7620394825935364,0.9086179733276367,False,0
finetuned/ft1/seg_head_best.pt,train_crosswalk_30343986N_81413292W_jpeg.rf.be45b2282e73d5a2ce4b58e9025f9007,coords-in-name,train,text__fused__road__t0.4_c0.5_fill25,text,fused,road,,positive,0.4,25.0,0.5592619453671994,0.442268057724356,0.5017235436056532,0.39541088580576306,0.580241476643884,0.2779417037963867,0.47454357147216797,2,0.7620394825935364,0.9086179733276367,False,0
finetuned/ft1/seg_head_best.pt,train_crosswalk_30343986N_81413292W_jpeg.rf.be45b2282e73d5a2ce4b58e9025f9007,coords-in-name,train,text__fused__road__t0.5_c0.5,text,fused,road,,positive,0.5,0.0,0.5146471878923533,0.32684586071967475,0.31383527331663474,0.3409818569903949,0.49721355375855864,0.2456655502319336,0.47454357147216797,2,0.7620394825935364,0.9086179733276367,False,0
finetuned/ft1/seg_head_best.pt,train_crosswalk_30343986N_81413292W_jpeg.rf.be45b2282e73d5a2ce4b58e9025f9007,coords-in-name,train,text__fused__road__t0.5_c0.5_fill25,text,fused,road,,positive,0.5,25.0,0.5171502264367401,0.34553683756990283,0.3502151605428666,0.3409818569903949,0.5215342726468958,0.2468557357788086,0.47454357147216797,2,0.7620394825935364,0.9086179733276367,False,0
finetuned/ft1/seg_head_best.pt,train_crosswalk_30343986N_81413292W_jpeg.rf.be45b2282e73d5a2ce4b58e9025f9007,coords-in-name,train,text__fused__road__neg-sidewalk+grass+building+tree__t0.3_c0.5,text,fused,road,sidewalk+grass+building+tree,positive,0.3,0.0,0.5096290050257989,0.39421611409023327,0.384297520661157,0.40466026325151194,0.5472232521235609,0.25621795654296875,0.47454357147216797,2,0.7620394825935364,0.9086179733276367,False,0
finetuned/ft1/seg_head_best.pt,train_crosswalk_30343986N_81413292W_jpeg.rf.be45b2282e73d5a2ce4b58e9025f9007,coords-in-name,train,text__fused__road__neg-sidewalk+grass+building+tree__t0.3_c0.5_fill25,text,fused,road,sidewalk+grass+building+tree,positive,0.3,25.0,0.5118222817417335,0.40020564167179307,0.3986098115225237,0.4018143009605123,0.5570472830141504,0.2575521469116211,0.47454357147216797,2,0.7620394825935364,0.9086179733276367,False,0
finetuned/ft1/seg_head_best.pt,train_crosswalk_30343986N_81413292W_jpeg.rf.be45b2282e73d5a2ce4b58e9025f9007,coords-in-name,train,text__fused__road__neg-sidewalk+grass+building+tree__t0.4_c0.5,text,fused,road,sidewalk+grass+building+tree,positive,0.4,0.0,0.5121214371887339,0.34743615378165393,0.34281098546042005,0.35218783351120597,0.49444812086489864,0.2438488006591797,0.47454357147216797,2,0.7620394825935364,0.9086179733276367,False,0
finetuned/ft1/seg_head_best.pt,train_crosswalk_30343986N_81413292W_jpeg.rf.be45b2282e73d5a2ce4b58e9025f9007,coords-in-name,train,text__fused__road__neg-sidewalk+grass+building+tree__t0.4_c0.5_fill25,text,fused,road,sidewalk+grass+building+tree,positive,0.4,25.0,0.5142231420387139,0.3616471974743674,0.3716287215411559,0.35218783351120597,0.5141752184846894,0.24484729766845703,0.47454357147216797,2,0.7620394825935364,0.9086179733276367,False,0
finetuned/ft1/seg_head_best.pt,train_crosswalk_30343986N_81413292W_jpeg.rf.be45b2282e73d5a2ce4b58e9025f9007,coords-in-name,train,text__fused__road__neg-sidewalk+grass+building+tree__t0.5_c0.5,text,fused,road,sidewalk+grass+building+tree,positive,0.5,0.0,0.5023857529580927,0.3160654347664865,0.30731475617479415,0.32532906438989684,0.48348600302739575,0.2389211654663086,0.47454357147216797,2,0.7620394825935364,0.9086179733276367,False,0
finetuned/ft1/seg_head_best.pt,train_crosswalk_30343986N_81413292W_jpeg.rf.be45b2282e73d5a2ce4b58e9025f9007,coords-in-name,train,text__fused__road__neg-sidewalk+grass+building+tree__t0.5_c0.5_fill25,text,fused,road,sidewalk+grass+building+tree,positive,0.5,25.0,0.5052615090489923,0.33563119915373896,0.34660714285714284,0.32532906438989684,0.5093499158882195,0.24028682708740234,0.47454357147216797,2,0.7620394825935364,0.9086179733276367,False,0
finetuned/ft1/seg_head_best.pt,train_crosswalk_42340662N_71077804W_jpeg.rf.6e3931602ea2272d56e07066b236aa8f,coords-in-name,train,text__semantic__road__t0.3_c0.5,text,semantic,road,,positive,0.3,0.0,0.9035457386433712,0.5652477320307049,0.4676674364896074,0.7142857142857143,0.6892682458841762,0.4789295196533203,0.4778156280517578,1,0.7721550464630127,0.842863142490387,False,0
finetuned/ft1/seg_head_best.pt,train_crosswalk_42340662N_71077804W_jpeg.rf.6e3931602ea2272d56e07066b236aa8f,coords-in-name,train,text__semantic__road__t0.3_c0.5_fill25,text,semantic,road,,positive,0.3,25.0,0.9038882030217347,0.5731760536483678,0.48906852838508175,0.6922206506364922,0.6941928939061444,0.47962093353271484,0.4778156280517578,1,0.7721550464630127,0.842863142490387,False,0
finetuned/ft1/seg_head_best.pt,train_crosswalk_42340662N_71077804W_jpeg.rf.6e3931602ea2272d56e07066b236aa8f,coords-in-name,train,text__semantic__road__t0.4_c0.5,text,semantic,road,,positive,0.4,0.0,0.896641076711852,0.44443378124356603,0.3345125786163522,0.6619519094766619,0.6101969684688336,0.45755767822265625,0.4778156280517578,1,0.7721550464630127,0.842863142490387,False,0
finetuned/ft1/seg_head_best.pt,train_crosswalk_42340662N_71077804W_jpeg.rf.6e3931602ea2272d56e07066b236aa8f,coords-in-name,train,text__semantic__road__t0.4_c0.5_fill25,text,semantic,road,,positive,0.4,25.0,0.8962804571194993,0.48875345034357065,0.3964593146012669,0.637057991513437,0.6460029849987295,0.46010875701904297,0.4778156280517578,1,0.7721550464630127,0.842863142490387,False,0
finetuned/ft1/seg_head_best.pt,train_crosswalk_42340662N_71077804W_jpeg.rf.6e3931602ea2272d56e07066b236aa8f,coords-in-name,train,text__semantic__road__t0.5_c0.5,text,semantic,road,,positive,0.5,0.0,0.8838256484149856,0.38769802677422166,0.307798800184587,0.5236209335219236,0.5380728395157475,0.42986202239990234,0.4778156280517578,1,0.7721550464630127,0.842863142490387,False,0
finetuned/ft1/seg_head_best.pt,train_crosswalk_42340662N_71077804W_jpeg.rf.6e3931602ea2272d56e07066b236aa8f,coords-in-name,train,text__semantic__road__t0.5_c0.5_fill25,text,semantic,road,,positive,0.5,25.0,0.8874794153972828,0.4294020520702688,0.3639194139194139,0.5236209335219236,0.5898654181507526,0.4316225051879883,0.4778156280517578,1,0.7721550464630127,0.842863142490387,False,0
finetuned/ft1/seg_head_best.pt,train_crosswalk_42340662N_71077804W_jpeg.rf.6e3931602ea2272d56e07066b236aa8f,coords-in-name,train,text__semantic__road__neg-sidewalk+grass+building+tree__t0.3_c0.5,text,semantic,road,sidewalk+grass+building+tree,positive,0.3,0.0,0.923220885706335,0.6165236769044243,0.5262050497322112,0.7442715700141442,0.712813300182999,0.45810604095458984,0.4778156280517578,1,0.7721550464630127,0.842863142490387,False,0
finetuned/ft1/seg_head_best.pt,train_crosswalk_42340662N_71077804W_jpeg.rf.6e3931602ea2272d56e07066b236aa8f,coords-in-name,train,text__semantic__road__neg-sidewalk+grass+building+tree__t0.3_c0.5_fill25,text,semantic,road,sidewalk+grass+building+tree,positive,0.3,25.0,0.9234418167212023,0.636229120588496,0.5555783850421204,0.7442715700141442,0.734156277720749,0.4583749771118164,0.4778156280517578,1,0.7721550464630127,0.842863142490387,False,0
finetuned/ft1/seg_head_best.pt,train_crosswalk_42340662N_71077804W_jpeg.rf.6e3931602ea2272d56e07066b236aa8f,coords-in-name,train,text__semantic__road__neg-sidewalk+grass+building+tree__t0.4_c0.5,text,semantic,road,sidewalk+grass+building+tree,positive,0.4,0.0,0.9061924921715546,0.4491258768572187,0.349034749034749,0.6297029702970297,0.5949445988655876,0.44582176208496094,0.4778156280517578,1,0.7721550464630127,0.842863142490387,False,0
finetuned/ft1/seg_head_best.pt,train_crosswalk_42340662N_71077804W_jpeg.rf.6e3931602ea2272d56e07066b236aa8f,coords-in-name,train,text__semantic__road__neg-sidewalk+grass+building+tree__t0.4_c0.5_fill25,text,semantic,road,sidewalk+grass+building+tree,positive,0.4,25.0,0.9071707870961648,0.4802286362165001,0.3881034482758621,0.6297029702970297,0.6335632784636208,0.44643402099609375,0.4778156280517578,1,0.7721550464630127,0.842863142490387,False,0
finetuned/ft1/seg_head_best.pt,train_crosswalk_42340662N_71077804W_jpeg.rf.6e3931602ea2272d56e07066b236aa8f,coords-in-name,train,text__semantic__road__neg-sidewalk+grass+building+tree__t0.5_c0.5,text,semantic,road,sidewalk+grass+building+tree,positive,0.5,0.0,0.8863475773722207,0.3806638895656669,0.30014360938247964,0.5202263083451202,0.5339032840262115,0.4259986877441406,0.4778156280517578,1,0.7721550464630127,0.842863142490387,False,0
finetuned/ft1/seg_head_best.pt,train_crosswalk_42340662N_71077804W_jpeg.rf.6e3931602ea2272d56e07066b236aa8f,coords-in-name,train,text__semantic__road__neg-sidewalk+grass+building+tree__t0.5_c0.5_fill25,text,semantic,road,sidewalk+grass+building+tree,positive,0.5,25.0,0.8901094526570981,0.42587539861322476,0.36049430391967563,0.5202263083451202,0.5911321602479325,0.42780113220214844,0.4778156280517578,1,0.7721550464630127,0.842863142490387,False,0
finetuned/ft1/seg_head_best.pt,train_crosswalk_42340662N_71077804W_jpeg.rf.6e3931602ea2272d56e07066b236aa8f,coords-in-name,train,text__fused__road__t0.3_c0.5,text,fused,road,,positive,0.3,0.0,0.9035457386433712,0.5652477320307049,0.4676674364896074,0.7142857142857143,0.6892682458841762,0.4789295196533203,0.4778156280517578,1,0.7721550464630127,0.842863142490387,False,0
finetuned/ft1/seg_head_best.pt,train_crosswalk_42340662N_71077804W_jpeg.rf.6e3931602ea2272d56e07066b236aa8f,coords-in-name,train,text__fused__road__t0.3_c0.5_fill25,text,fused,road,,positive,0.3,25.0,0.9038882030217347,0.5731760536483678,0.48906852838508175,0.6922206506364922,0.6941928939061444,0.47962093353271484,0.4778156280517578,1,0.7721550464630127,0.842863142490387,False,0
finetuned/ft1/seg_head_best.pt,train_crosswalk_42340662N_71077804W_jpeg.rf.6e3931602ea2272d56e07066b236aa8f,coords-in-name,train,text__fused__road__t0.4_c0.5,text,fused,road,,positive,0.4,0.0,0.896641076711852,0.44443378124356603,0.3345125786163522,0.6619519094766619,0.6101969684688336,0.45755767822265625,0.4778156280517578,1,0.7721550464630127,0.842863142490387,False,0
finetuned/ft1/seg_head_best.pt,train_crosswalk_42340662N_71077804W_jpeg.rf.6e3931602ea2272d56e07066b236aa8f,coords-in-name,train,text__fused__road__t0.4_c0.5_fill25,text,fused,road,,positive,0.4,25.0,0.8962804571194993,0.48875345034357065,0.3964593146012669,0.637057991513437,0.6460029849987295,0.46010875701904297,0.4778156280517578,1,0.7721550464630127,0.842863142490387,False,0
finetuned/ft1/seg_head_best.pt,train_crosswalk_42340662N_71077804W_jpeg.rf.6e3931602ea2272d56e07066b236aa8f,coords-in-name,train,text__fused__road__t0.5_c0.5,text,fused,road,,positive,0.5,0.0,0.8838256484149856,0.38769802677422166,0.307798800184587,0.5236209335219236,0.5380728395157475,0.42986202239990234,0.4778156280517578,1,0.7721550464630127,0.842863142490387,False,0
finetuned/ft1/seg_head_best.pt,train_crosswalk_42340662N_71077804W_jpeg.rf.6e3931602ea2272d56e07066b236aa8f,coords-in-name,train,text__fused__road__t0.5_c0.5_fill25,text,fused,road,,positive,0.5,25.0,0.8874794153972828,0.4294020520702688,0.3639194139194139,0.5236209335219236,0.5898654181507526,0.4316225051879883,0.4778156280517578,1,0.7721550464630127,0.842863142490387,False,0
finetuned/ft1/seg_head_best.pt,train_crosswalk_42340662N_71077804W_jpeg.rf.6e3931602ea2272d56e07066b236aa8f,coords-in-name,train,text__fused__road__neg-sidewalk+grass+building+tree__t0.3_c0.5,text,fused,road,sidewalk+grass+building+tree,positive,0.3,0.0,0.9231774711922865,0.616461457132466,0.526114405969007,0.7442715700141442,0.7127669775487665,0.4580812454223633,0.4778156280517578,1,0.7721550464630127,0.842863142490387,False,0
finetuned/ft1/seg_head_best.pt,train_crosswalk_42340662N_71077804W_jpeg.rf.6e3931602ea2272d56e07066b236aa8f,coords-in-name,train,text__fused__road__neg-sidewalk+grass+building+tree__t0.3_c0.5_fill25,text,fused,road,sidewalk+grass+building+tree,positive,0.3,25.0,0.9233984105586557,0.6361692298051786,0.5554870530209618,0.7442715700141442,0.7341130359357488,0.45835018157958984,0.4778156280517578,1,0.7721550464630127,0.842863142490387,False,0
finetuned/ft1/seg_head_best.pt,train_crosswalk_42340662N_71077804W_jpeg.rf.6e3931602ea2272d56e07066b236aa8f,coords-in-name,train,text__fused__road__neg-sidewalk+grass+building+tree__t0.4_c0.5,text,fused,road,sidewalk+grass+building+tree,positive,0.4,0.0,0.9061905239891908,0.4491258768572187,0.349034749034749,0.6297029702970297,0.5949445988655876,0.44582080841064453,0.4778156280517578,1,0.7721550464630127,0.842863142490387,False,0
finetuned/ft1/seg_head_best.pt,train_crosswalk_42340662N_71077804W_jpeg.rf.6e3931602ea2272d56e07066b236aa8f,coords-in-name,train,text__fused__road__neg-sidewalk+grass+building+tree__t0.4_c0.5_fill25,text,fused,road,sidewalk+grass+building+tree,positive,0.4,25.0,0.9071688192081612,0.4802286362165001,0.3881034482758621,0.6297029702970297,0.6335632784636208,0.44643306732177734,0.4778156280517578,1,0.7721550464630127,0.842863142490387,False,0
finetuned/ft1/seg_head_best.pt,train_crosswalk_42340662N_71077804W_jpeg.rf.6e3931602ea2272d56e07066b236aa8f,coords-in-name,train,text__fused__road__neg-sidewalk+grass+building+tree__t0.5_c0.5,text,fused,road,sidewalk+grass+building+tree,positive,0.5,0.0,0.8863475773722207,0.3806638895656669,0.30014360938247964,0.5202263083451202,0.5339032840262115,0.4259986877441406,0.4778156280517578,1,0.7721550464630127,0.842863142490387,False,0
finetuned/ft1/seg_head_best.pt,train_crosswalk_42340662N_71077804W_jpeg.rf.6e3931602ea2272d56e07066b236aa8f,coords-in-name,train,text__fused__road__neg-sidewalk+grass+building+tree__t0.5_c0.5_fill25,text,fused,road,sidewalk+grass+building+tree,positive,0.5,25.0,0.8901094526570981,0.42587539861322476,0.36049430391967563,0.5202263083451202,0.5911321602479325,0.42780113220214844,0.4778156280517578,1,0.7721550464630127,0.842863142490387,False,0
finetuned/ft1/seg_head_best.pt,train_crosswalk_33702530N_117745097W_jpeg.rf.054228f7521e9e85004b973cfc506f75,coords-in-name,train,text__semantic__road__t0.3_c0.5,text,semantic,road,,positive,0.3,0.0,0.18932097147599702,0.15902809780290736,0.08846031240038253,0.7862318840579711,0.2477307638597961,0.1671924591064453,0.040534019470214844,2,0.8200434446334839,0.9458011984825134,False,0
finetuned/ft1/seg_head_best.pt,train_crosswalk_33702530N_117745097W_jpeg.rf.054228f7521e9e85004b973cfc506f75,coords-in-name,train,text__semantic__road__t0.3_c0.5_fill25,text,semantic,road,,positive,0.3,25.0,0.18957915395864933,0.15575774955524158,0.08673561966975141,0.7626811594202898,0.24126376256582097,0.16813945770263672,0.040534019470214844,2,0.8200434446334839,0.9458011984825134,False,0
finetuned/ft1/seg_head_best.pt,train_crosswalk_33702530N_117745097W_jpeg.rf.054228f7521e9e85004b973cfc506f75,coords-in-name,train,text__semantic__road__t0.4_c0.5,text,semantic,road,,positive,0.4,0.0,0.19123780119310466,0.12088861035303206,0.06752966558791801,0.5760869565217391,0.21765035057111817,0.14933109283447266,0.040534019470214844,2,0.8200434446334839,0.9458011984825134,False,0
finetuned/ft1/seg_head_best.pt,train_crosswalk_33702530N_117745097W_jpeg.rf.054228f7521e9e85004b973cfc506f75,coords-in-name,train,text__semantic__road__t0.4_c0.5_fill25,text,semantic,road,,positive,0.4,25.0,0.19217705380742228,0.12813273956475346,0.07208264850903968,0.5760869565217391,0.2305094546652416,0.14959335327148438,0.040534019470214844,2,0.8200434446334839,0.9458011984825134,False,0
finetuned/ft1/seg_head_best.pt,train_crosswalk_33702530N_117745097W_jpeg.rf.054228f7521e9e85004b973cfc506f75,coords-in-name,train,text__semantic__road__t0.5_c0.5,text,semantic,road,,positive,0.5,0.0,0.18024981065544257,0.06527271374358211,0.036454610436025735,0.3115942028985507,0.1794350652153663,0.1407756805419922,0.040534019470214844,2,0.8200434446334839,0.9458011984825134,False,0
finetuned/ft1/seg_head_best.pt,train_crosswalk_33702530N_117745097W_jpeg.rf.054228f7521e9e85004b973cfc506f75,coords-in-name,train,text__semantic__road__t0.5_c0.5_fill25,text,semantic,road,,positive,0.5,25.0,0.18013697780314403,0.0679996485806275,0.0381641307059117,0.3115942028985507,0.18692396572396366,0.1408843994140625,0.040534019470214844,2,0.8200434446334839,0.9458011984825134,False,0
finetuned/ft1/seg_head_best.pt,train_crosswalk_33702530N_117745097W_jpeg.rf.054228f7521e9e85004b973cfc506f75,coords-in-name,train,text__semantic__road__neg-sidewalk+grass+building+tree__t0.3_c0.5,text,semantic,road,sidewalk+grass+building+tree,positive,0.3,0.0,0.14276442293111083,0.03512038857708385,0.019603424966200992,0.16847826086956522,0.04451434503527416,0.13913345336914062,0.040534019470214844,2,0.8200434446334839,0.9458011984825134,False,0
finetuned/ft1/seg_head_best.pt,train_crosswalk_33702530N_117745097W_jpeg.rf.054228f7521e9e85004b973cfc506f75,coords-in-name,train,text__semantic__road__neg-sidewalk+grass+building+tree__t0.3_c0.5_fill25,text,semantic,road,sidewalk+grass+building+tree,positive,0.3,25.0,0.14265106976180375,0.03614918071239487,0.020246683732836862,0.16847826086956522,0.04583396862335996,0.13925838470458984,0.040534019470214844,2,0.8200434446334839,0.9458011984825134,False,0
finetuned/ft1/seg_head_best.pt,train_crosswalk_33702530N_117745097W_jpeg.rf.054228f7521e9e85004b973cfc506f75,coords-in-name,train,text__semantic__road__neg-sidewalk+grass+building+tree__t0.4_c0.5,text,semantic,road,sidewalk+grass+building+tree,positive,0.4,0.0,0.14929899130876104,0.041573215565677814,0.023712183156173343,0.16847826086956522,0.0528062691496227,0.13223743438720703,0.040534019470214844,2,0.8200434446334839,0.9458011984825134,False,0
finetuned/ft1/seg_head_best.pt,train_crosswalk_33702530N_117745097W_jpeg.rf.054228f7521e9e85004b973cfc506f75,coords-in-name,train,text__semantic__road__neg-sidewalk+grass+building+tree__t0.4_c0.5_fill25,text,semantic,road,sidewalk+grass+building+tree,positive,0.4,25.0,0.14928194458540547,0.0421880865974221,0.024113082039911308,0.16847826086956522,0.05359824029308429,0.13225460052490234,0.040534019470214844,2,0.8200434446334839,0.9458011984825134,False,0
finetuned/ft1/seg_head_best.pt,train_crosswalk_33702530N_117745097W_jpeg.rf.054228f7521e9e85004b973cfc506f75,coords-in-name,train,text__semantic__road__neg-sidewalk+grass+building+tree__t0.5_c0.5,text,semantic,road,sidewalk+grass+building+tree,positive,0.5,0.0,0.15166866468154222,0.042373014501406146,0.024233983286908078,0.16847826086956522,0.053836496009109114,0.12987422943115234,0.040534019470214844,2,0.8200434446334839,0.9458011984825134,False,0
finetuned/ft1/seg_head_best.pt,train_crosswalk_33702530N_117745097W_jpeg.rf.054228f7521e9e85004b973cfc506f75,coords-in-name,train,text__semantic__road__neg-sidewalk+grass+building+tree__t0.5_c0.5_fill25,text,semantic,road,sidewalk+grass+building+tree,positive,0.5,25.0,0.1516549804083316,0.04260125102672648,0.02438340807174888,0.16847826086956522,0.05413058971598406,0.12988758087158203,0.040534019470214844,2,0.8200434446334839,0.9458011984825134,False,0
finetuned/ft1/seg_head_best.pt,train_crosswalk_33702530N_117745097W_jpeg.rf.054228f7521e9e85004b973cfc506f75,coords-in-name,train,text__fused__road__t0.3_c0.5,text,fused,road,,positive,0.3,0.0,0.18933189184466867,0.1590508847935944,0.08847441415590626,0.7862318840579711,0.24776536312849165,0.16719436645507812,0.040534019470214844,2,0.8200434446334839,0.9458011984825134,False,0
finetuned/ft1/seg_head_best.pt,train_crosswalk_33702530N_117745097W_jpeg.rf.054228f7521e9e85004b973cfc506f75,coords-in-name,train,text__fused__road__t0.3_c0.5_fill25,text,fused,road,,positive,0.3,25.0,0.18959002712855894,0.15578313075802977,0.0867513611615245,0.7626811594202898,0.24130226619853176,0.16814136505126953,0.040534019470214844,2,0.8200434446334839,0.9458011984825134,False,0
finetuned/ft1/seg_head_best.pt,train_crosswalk_33702530N_117745097W_jpeg.rf.054228f7521e9e85004b973cfc506f75,coords-in-name,train,text__fused__road__t0.4_c0.5,text,fused,road,,positive,0.4,0.0,0.19123780119310466,0.12088861035303206,0.06752966558791801,0.5760869565217391,0.21765035057111817,0.14933109283447266,0.040534019470214844,2,0.8200434446334839,0.9458011984825134,False,0
finetuned/ft1/seg_head_best.pt,train_crosswalk_33702530N_117745097W_jpeg.rf.054228f7521e9e85004b973cfc506f75,coords-in-name,train,text__fused__road__t0.4_c0.5_fill25,text,fused,road,,positive,0.4,25.0,0.19217705380742228,0.12813273956475346,0.07208264850903968,0.5760869565217391,0.2305094546652416,0.14959335327148438,0.040534019470214844,2,0.8200434446334839,0.9458011984825134,False,0
finetuned/ft1/seg_head_best.pt,train_crosswalk_33702530N_117745097W_jpeg.rf.054228f7521e9e85004b973cfc506f75,coords-in-name,train,text__fused__road__t0.5_c0.5,text,fused,road,,positive,0.5,0.0,0.18024981065544257,0.06527271374358211,0.036454610436025735,0.3115942028985507,0.1794350652153663,0.1407756805419922,0.040534019470214844,2,0.8200434446334839,0.9458011984825134,False,0
finetuned/ft1/seg_head_best.pt,train_crosswalk_33702530N_117745097W_jpeg.rf.054228f7521e9e85004b973cfc506f75,coords-in-name,train,text__fused__road__t0.5_c0.5_fill25,text,fused,road,,positive,0.5,25.0,0.18013697780314403,0.0679996485806275,0.0381641307059117,0.3115942028985507,0.18692396572396366,0.1408843994140625,0.040534019470214844,2,0.8200434446334839,0.9458011984825134,False,0
finetuned/ft1/seg_head_best.pt,train_crosswalk_33702530N_117745097W_jpeg.rf.054228f7521e9e85004b973cfc506f75,coords-in-name,train,text__fused__road__neg-sidewalk+grass+building+tree__t0.3_c0.5,text,fused,road,sidewalk+grass+building+tree,positive,0.3,0.0,0.14276615491001293,0.03512038857708385,0.019603424966200992,0.16847826086956522,0.04451434503527416,0.1391315460205078,0.040534019470214844,2,0.8200434446334839,0.9458011984825134,False,0
finetuned/ft1/seg_head_best.pt,train_crosswalk_33702530N_117745097W_jpeg.rf.054228f7521e9e85004b973cfc506f75,coords-in-name,train,text__fused__road__neg-sidewalk+grass+building+tree__t0.3_c0.5_fill25,text,fused,road,sidewalk+grass+building+tree,positive,0.3,25.0,0.14265279899144181,0.03614918071239487,0.020246683732836862,0.16847826086956522,0.04583396862335996,0.13925647735595703,0.040534019470214844,2,0.8200434446334839,0.9458011984825134,False,0
finetuned/ft1/seg_head_best.pt,train_crosswalk_33702530N_117745097W_jpeg.rf.054228f7521e9e85004b973cfc506f75,coords-in-name,train,text__fused__road__neg-sidewalk+grass+building+tree__t0.4_c0.5,text,fused,road,sidewalk+grass+building+tree,positive,0.4,0.0,0.14929899130876104,0.041573215565677814,0.023712183156173343,0.16847826086956522,0.0528062691496227,0.13223743438720703,0.040534019470214844,2,0.8200434446334839,0.9458011984825134,False,0
finetuned/ft1/seg_head_best.pt,train_crosswalk_33702530N_117745097W_jpeg.rf.054228f7521e9e85004b973cfc506f75,coords-in-name,train,text__fused__road__neg-sidewalk+grass+building+tree__t0.4_c0.5_fill25,text,fused,road,sidewalk+grass+building+tree,positive,0.4,25.0,0.14928194458540547,0.0421880865974221,0.024113082039911308,0.16847826086956522,0.05359824029308429,0.13225460052490234,0.040534019470214844,2,0.8200434446334839,0.9458011984825134,False,0
finetuned/ft1/seg_head_best.pt,train_crosswalk_33702530N_117745097W_jpeg.rf.054228f7521e9e85004b973cfc506f75,coords-in-name,train,text__fused__road__neg-sidewalk+grass+building+tree__t0.5_c0.5,text,fused,road,sidewalk+grass+building+tree,positive,0.5,0.0,0.15166866468154222,0.042373014501406146,0.024233983286908078,0.16847826086956522,0.053836496009109114,0.12987422943115234,0.040534019470214844,2,0.8200434446334839,0.9458011984825134,False,0
finetuned/ft1/seg_head_best.pt,train_crosswalk_33702530N_117745097W_jpeg.rf.054228f7521e9e85004b973cfc506f75,coords-in-name,train,text__fused__road__neg-sidewalk+grass+building+tree__t0.5_c0.5_fill25,text,fused,road,sidewalk+grass+building+tree,positive,0.5,25.0,0.1516549804083316,0.04260125102672648,0.02438340807174888,0.16847826086956522,0.05413058971598406,0.12988758087158203,0.040534019470214844,2,0.8200434446334839,0.9458011984825134,False,0
finetuned/ft1/seg_head_best.pt,train_crosswalk_42348995N_71162425W_jpeg.rf.19685315285abc0d0f42f9752db717b1,coords-in-name,train,text__semantic__road__t0.3_c0.5,text,semantic,road,,positive,0.3,0.0,0.8688585543298584,0.4400998893009966,0.3350772296960638,0.6410107464420564,0.5730460689969176,0.3631458282470703,0.38943004608154297,3,0.6859527230262756,0.9504110217094421,False,0
finetuned/ft1/seg_head_best.pt,train_crosswalk_42348995N_71162425W_jpeg.rf.19685315285abc0d0f42f9752db717b1,coords-in-name,train,text__semantic__road__t0.3_c0.5_fill25,text,semantic,road,,positive,0.3,25.0,0.8773488407334444,0.5058711807831433,0.42340498123507336,0.6282311937264013,0.638686978916583,0.3667116165161133,0.38943004608154297,3,0.6859527230262756,0.9504110217094421,False,0
finetuned/ft1/seg_head_best.pt,train_crosswalk_42348995N_71162425W_jpeg.rf.19685315285abc0d0f42f9752db717b1,coords-in-name,train,text__semantic__road__t0.4_c0.5,text,semantic,road,,positive,0.4,0.0,0.8373408633597941,0.45144264922045096,0.3486650806238435,0.6401394133023526,0.5732809938102007,0.34031200408935547,0.38943004608154297,3,0.6859527230262756,0.9504110217094421,False,0
finetuned/ft1/seg_head_best.pt,train_crosswalk_42348995N_71162425W_jpeg.rf.19685315285abc0d0f42f9752db717b1,coords-in-name,train,text__semantic__road__t0.4_c0.5_fill25,text,semantic,road,,positive,0.4,25.0,0.8387658322828501,0.4728297802889456,0.3748558246828143,0.6401394133023526,0.5886774880826076,0.3408937454223633,0.38943004608154297,3,0.6859527230262756,0.9504110217094421,False,0
finetuned/ft1/seg_head_best.pt,train_crosswalk_42348995N_71162425W_jpeg.rf.19685315285abc0d0f42f9752db717b1,coords-in-name,train,text__semantic__road__t0.5_c0.5,text,semantic,road,,positive,0.5,0.0,0.8111314643407374,0.43700468575992274,0.35416346005848853,0.5704327621260529,0.5320198545235919,0.32247352600097656,0.38943004608154297,3,0.6859527230262756,0.9504110217094421,False,0
finetuned/ft1/seg_head_best.pt,train_crosswalk_42348995N_71162425W_jpeg.rf.19685315285abc0d0f42f9752db717b1,coords-in-name,train,text__semantic__road__t0.5_c0.5_fill25,text,semantic,road,,positive,0.5,25.0,0.8129271588733802,0.46247343307921374,0.3909264731444464,0.5660760964275341,0.5653871403798114,0.32318973541259766,0.38943004608154297,3,0.6859527230262756,0.9504110217094421,False,0
finetuned/ft1/seg_head_best.pt,train_crosswalk_42348995N_71162425W_jpeg.rf.19685315285abc0d0f42f9752db717b1,coords-in-name,train,text__semantic__road__neg-sidewalk+grass+building+tree__t0.3_c0.5,text,semantic,road,sidewalk+grass+building+tree,positive,0.3,0.0,0.7697095587250488,0.42733646534998365,0.3362465501379945,0.5861167586407203,0.4885652925245744,0.3036365509033203,0.38943004608154297,3,0.6859527230262756,0.9504110217094421,False,0
finetuned/ft1/seg_head_best.pt,train_crosswalk_42348995N_71162425W_jpeg.rf.19685315285abc0d0f42f9752db717b1,coords-in-name,train,text__semantic__road__neg-sidewalk+grass+building+tree__t0.3_c0.5_fill25,text,semantic,road,sidewalk+grass+building+tree,positive,0.3,25.0,0.7756196867899993,0.4894432841019554,0.42014501273760535,0.5861167586407203,0.5391083577803006,0.3059511184692383,0.38943004608154297,3,0.6859527230262756,0.9504110217094421,False,0
finetuned/ft1/seg_head_best.pt,train_crosswalk_42348995N_71162425W_jpeg.rf.19685315285abc0d0f42f9752db717b1,coords-in-name,train,text__semantic__road__neg-sidewalk+grass+building+tree__t0.4_c0.5,text,semantic,road,sidewalk+grass+building+tree,positive,0.4,0.0,0.7505247018157973,0.4176330467904077,0.3263768115942029,0.5797269822828929,0.4725741938995899,0.2954254150390625,0.38943004608154297,3,0.6859527230262756,0.9504110217094421,False,0
finetuned/ft1/seg_head_best.pt,train_crosswalk_42348995N_71162425W_jpeg.rf.19685315285abc0d0f42f9752db717b1,coords-in-name,train,text__semantic__road__neg-sidewalk+grass+building+tree__t0.4_c0.5_fill25,text,semantic,road,sidewalk+grass+building+tree,positive,0.4,25.0,0.751475381063932,0.42882643739595827,0.34025854108956605,0.5797269822828929,0.47784201269013116,0.29579734802246094,0.38943004608154297,3,0.6859527230262756,0.9504110217094421,False,0
finetuned/ft1/seg_head_best.pt,train_crosswalk_42348995N_71162425W_jpeg.rf.19685315285abc0d0f42f9752db717b1,coords-in-name,train,text__semantic__road__neg-sidewalk+grass+building+tree__t0.5_c0.5,text,semantic,road,sidewalk+grass+building+tree,positive,0.5,0.0,0.7323337335637098,0.40550146234719225,0.3280102203768764,0.530932326459483,0.46262799150706607,0.2875337600708008,0.38943004608154297,3,0.6859527230262756,0.9504110217094421,False,0
finetuned/ft1/seg_head_best.pt,train_crosswalk_42348995N_71162425W_jpeg.rf.19685315285abc0d0f42f9752db717b1,coords-in-name,train,text__semantic__road__neg-sidewalk+grass+building+tree__t0.5_c0.5_fill25,text,semantic,road,sidewalk+grass+building+tree,positive,0.5,25.0,0.7328574566220075,0.41247392060458693,0.3372326203208556,0.530932326459483,0.47057044061441716,0.2877483367919922,0.38943004608154297,3,0.6859527230262756,0.9504110217094421,False,0
finetuned/ft1/seg_head_best.pt,train_crosswalk_42348995N_71162425W_jpeg.rf.19685315285abc0d0f42f9752db717b1,coords-in-name,train,text__fused__road__t0.3_c0.5,text,fused,road,,positive,0.3,0.0,0.8688585543298584,0.4400998893009966,0.3350772296960638,0.6410107464420564,0.5730460689969176,0.3631458282470703,0.38943004608154297,3,0.6859527230262756,0.9504110217094421,False,0
finetuned/ft1/seg_head_best.pt,train_crosswalk_42348995N_71162425W_jpeg.rf.19685315285abc0d0f42f9752db717b1,coords-in-name,train,text__fused__road__t0.3_c0.5_fill25,text,fused,road,,positive,0.3,25.0,0.8773488407334444,0.5058711807831433,0.42340498123507336,0.6282311937264013,0.638686978916583,0.3667116165161133,0.38943004608154297,3,0.6859527230262756,0.9504110217094421,False,0
finetuned/ft1/seg_head_best.pt,train_crosswalk_42348995N_71162425W_jpeg.rf.19685315285abc0d0f42f9752db717b1,coords-in-name,train,text__fused__road__t0.4_c0.5,text,fused,road,,positive,0.4,0.0,0.8373408633597941,0.45144264922045096,0.3486650806238435,0.6401394133023526,0.5732809938102007,0.34031200408935547,0.38943004608154297,3,0.6859527230262756,0.9504110217094421,False,0
finetuned/ft1/seg_head_best.pt,train_crosswalk_42348995N_71162425W_jpeg.rf.19685315285abc0d0f42f9752db717b1,coords-in-name,train,text__fused__road__t0.4_c0.5_fill25,text,fused,road,,positive,0.4,25.0,0.8387658322828501,0.4728297802889456,0.3748558246828143,0.6401394133023526,0.5886774880826076,0.3408937454223633,0.38943004608154297,3,0.6859527230262756,0.9504110217094421,False,0
finetuned/ft1/seg_head_best.pt,train_crosswalk_42348995N_71162425W_jpeg.rf.19685315285abc0d0f42f9752db717b1,coords-in-name,train,text__fused__road__t0.5_c0.5,text,fused,road,,positive,0.5,0.0,0.8111314643407374,0.43700468575992274,0.35416346005848853,0.5704327621260529,0.5320198545235919,0.32247352600097656,0.38943004608154297,3,0.6859527230262756,0.9504110217094421,False,0
finetuned/ft1/seg_head_best.pt,train_crosswalk_42348995N_71162425W_jpeg.rf.19685315285abc0d0f42f9752db717b1,coords-in-name,train,text__fused__road__t0.5_c0.5_fill25,text,fused,road,,positive,0.5,25.0,0.8129271588733802,0.46247343307921374,0.3909264731444464,0.5660760964275341,0.5653871403798114,0.32318973541259766,0.38943004608154297,3,0.6859527230262756,0.9504110217094421,False,0
finetuned/ft1/seg_head_best.pt,train_crosswalk_42348995N_71162425W_jpeg.rf.19685315285abc0d0f42f9752db717b1,coords-in-name,train,text__fused__road__neg-sidewalk+grass+building+tree__t0.3_c0.5,text,fused,road,sidewalk+grass+building+tree,positive,0.3,0.0,0.7697095587250488,0.42733646534998365,0.3362465501379945,0.5861167586407203,0.4885652925245744,0.3036365509033203,0.38943004608154297,3,0.6859527230262756,0.9504110217094421,False,0
finetuned/ft1/seg_head_best.pt,train_crosswalk_42348995N_71162425W_jpeg.rf.19685315285abc0d0f42f9752db717b1,coords-in-name,train,text__fused__road__neg-sidewalk+grass+building+tree__t0.3_c0.5_fill25,text,fused,road,sidewalk+grass+building+tree,positive,0.3,25.0,0.7756196867899993,0.4894432841019554,0.42014501273760535,0.5861167586407203,0.5391083577803006,0.3059511184692383,0.38943004608154297,3,0.6859527230262756,0.9504110217094421,False,0
finetuned/ft1/seg_head_best.pt,train_crosswalk_42348995N_71162425W_jpeg.rf.19685315285abc0d0f42f9752db717b1,coords-in-name,train,text__fused__road__neg-sidewalk+grass+building+tree__t0.4_c0.5,text,fused,road,sidewalk+grass+building+tree,positive,0.4,0.0,0.7505247018157973,0.4176330467904077,0.3263768115942029,0.5797269822828929,0.4725741938995899,0.2954254150390625,0.38943004608154297,3,0.6859527230262756,0.9504110217094421,False,0
finetuned/ft1/seg_head_best.pt,train_crosswalk_42348995N_71162425W_jpeg.rf.19685315285abc0d0f42f9752db717b1,coords-in-name,train,text__fused__road__neg-sidewalk+grass+building+tree__t0.4_c0.5_fill25,text,fused,road,sidewalk+grass+building+tree,positive,0.4,25.0,0.751475381063932,0.42882643739595827,0.34025854108956605,0.5797269822828929,0.47784201269013116,0.29579734802246094,0.38943004608154297,3,0.6859527230262756,0.9504110217094421,False,0
finetuned/ft1/seg_head_best.pt,train_crosswalk_42348995N_71162425W_jpeg.rf.19685315285abc0d0f42f9752db717b1,coords-in-name,train,text__fused__road__neg-sidewalk+grass+building+tree__t0.5_c0.5,text,fused,road,sidewalk+grass+building+tree,positive,0.5,0.0,0.7323337335637098,0.40550146234719225,0.3280102203768764,0.530932326459483,0.46262799150706607,0.2875337600708008,0.38943004608154297,3,0.6859527230262756,0.9504110217094421,False,0
finetuned/ft1/seg_head_best.pt,train_crosswalk_42348995N_71162425W_jpeg.rf.19685315285abc0d0f42f9752db717b1,coords-in-name,train,text__fused__road__neg-sidewalk+grass+building+tree__t0.5_c0.5_fill25,text,fused,road,sidewalk+grass+building+tree,positive,0.5,25.0,0.7328574566220075,0.41247392060458693,0.3372326203208556,0.530932326459483,0.47057044061441716,0.2877483367919922,0.38943004608154297,3,0.6859527230262756,0.9504110217094421,False,0
finetuned/ft1/seg_head_best.pt,train_crosswalk_41262083N_95998228W_jpeg.rf.a7c26114d20f8358989b0aa3d402f5fb,coords-in-name,train,text__semantic__road__t0.3_c0.5,text,semantic,road,,positive,0.3,0.0,0.27015269538077946,0.1452966637015259,0.1218077474892396,0.18000884564352057,0.23221575749783022,0.2061004638671875,0.34967613220214844,1,0.7704747915267944,0.896251380443573,False,0
finetuned/ft1/seg_head_best.pt,train_crosswalk_41262083N_95998228W_jpeg.rf.a7c26114d20f8358989b0aa3d402f5fb,coords-in-name,train,text__semantic__road__t0.3_c0.5_fill25,text,semantic,road,,positive,0.3,25.0,0.27472245032203824,0.12834906518841335,0.11979913916786226,0.13821318000884564,0.19185773821421995,0.20844650268554688,0.34967613220214844,1,0.7704747915267944,0.896251380443573,False,0
finetuned/ft1/seg_head_best.pt,train_crosswalk_41262083N_95998228W_jpeg.rf.a7c26114d20f8358989b0aa3d402f5fb,coords-in-name,train,text__semantic__road__t0.4_c0.5,text,semantic,road,,positive,0.4,0.0,0.2330012436765025,0.20944604460495553,0.20245305875227135,0.21693940734188413,0.2865400337895029,0.1816883087158203,0.34967613220214844,1,0.7704747915267944,0.896251380443573,False,0
finetuned/ft1/seg_head_best.pt,train_crosswalk_41262083N_95998228W_jpeg.rf.a7c26114d20f8358989b0aa3d402f5fb,coords-in-name,train,text__semantic__road__t0.4_c0.5_fill25,text,semantic,road,,positive,0.4,25.0,0.2369255115527599,0.17719122602720874,0.17859725234996385,0.17580716497125165,0.23787253873356146,0.18404006958007812,0.34967613220214844,1,0.7704747915267944,0.896251380443573,False,0
finetuned/ft1/seg_head_best.pt,train_crosswalk_41262083N_95998228W_jpeg.rf.a7c26114d20f8358989b0aa3d402f5fb,coords-in-name,train,text__semantic__road__t0.5_c0.5,text,semantic,road,,positive,0.5,0.0,0.20429059652494913,0.18611353089333657,0.2055175363558597,0.17005749668288367,0.27710414404791606,0.16180419921875,0.34967613220214844,1,0.7704747915267944,0.896251380443573,False,0
finetuned/ft1/seg_head_best.pt,train_crosswalk_41262083N_95998228W_jpeg.rf.a7c26114d20f8358989b0aa3d402f5fb,coords-in-name,train,text__semantic__road__t0.5_c0.5_fill25,text,semantic,road,,positive,0.5,25.0,0.20701094521564295,0.1617982408513411,0.17982138546946658,0.14705882352941177,0.23665484168675358,0.1638631820678711,0.34967613220214844,1,0.7704747915267944,0.896251380443573,False,0
finetuned/ft1/seg_head_best.pt,train_crosswalk_41262083N_95998228W_jpeg.rf.a7c26114d20f8358989b0aa3d402f5fb,coords-in-name,train,text__semantic__road__neg-sidewalk+grass+building+tree__t0.3_c0.5,text,semantic,road,sidewalk+grass+building+tree,positive,0.3,0.0,0.2699807385125333,0.16304358035862448,0.15301391035548687,0.17448031844316675,0.23133438341063903,0.19548702239990234,0.34967613220214844,1,0.7704747915267944,0.896251380443573,False,0
finetuned/ft1/seg_head_best.pt,train_crosswalk_41262083N_95998228W_jpeg.rf.a7c26114d20f8358989b0aa3d402f5fb,coords-in-name,train,text__semantic__road__neg-sidewalk+grass+building+tree__t0.3_c0.5_fill25,text,semantic,road,sidewalk+grass+building+tree,positive,0.3,25.0,0.2746982814144905,0.14189514271752998,0.14602547211242864,0.13799203892083148,0.18050035500315115,0.19767379760742188,0.34967613220214844,1,0.7704747915267944,0.896251380443573,False,0
finetuned/ft1/seg_head_best.pt,train_crosswalk_41262083N_95998228W_jpeg.rf.a7c26114d20f8358989b0aa3d402f5fb,coords-in-name,train,text__semantic__road__neg-sidewalk+grass+building+tree__t0.4_c0.5,text,semantic,road,sidewalk+grass+building+tree,positive,0.4,0.0,0.2346458659459556,0.22155594129714376,0.22471190781049935,0.2184873949579832,0.2863500362965724,0.1783466339111328,0.34967613220214844,1,0.7704747915267944,0.896251380443573,False,0
finetuned/ft1/seg_head_best.pt,train_crosswalk_41262083N_95998228W_jpeg.rf.a7c26114d20f8358989b0aa3d402f5fb,coords-in-name,train,text__semantic__road__neg-sidewalk+grass+building+tree__t0.4_c0.5_fill25,text,semantic,road,sidewalk+grass+building+tree,positive,0.4,25.0,0.23859341207600457,0.18961983026265034,0.20341585108424487,0.17757629367536487,0.23977118496576702,0.18065738677978516,0.34967613220214844,1,0.7704747915267944,0.896251380443573,False,0
finetuned/ft1/seg_head_best.pt,train_crosswalk_41262083N_95998228W_jpeg.rf.a7c26114d20f8358989b0aa3d402f5fb,coords-in-name,train,text__semantic__road__neg-sidewalk+grass+building+tree__t0.5_c0.5,text,semantic,road,sidewalk+grass+building+tree,positive,0.5,0.0,0.20459876619564998,0.18631198406358632,0.2060021436227224,0.17005749668288367,0.2776867434566956,0.16112518310546875,0.34967613220214844,1,0.7704747915267944,0.896251380443573,False,0
finetuned/ft1/seg_head_best.pt,train_crosswalk_41262083N_95998228W_jpeg.rf.a7c26114d20f8358989b0aa3d402f5fb,coords-in-name,train,text__semantic__road__neg-sidewalk+grass+building+tree__t0.5_c0.5_fill25,text,semantic,road,sidewalk+grass+building+tree,positive,0.5,25.0,0.20732287742520644,0.16199173733420308,0.1803000968054211,0.14705882352941177,0.23725950324903775,0.16318416595458984,0.34967613220214844,1,0.7704747915267944,0.896251380443573,False,0
finetuned/ft1/seg_head_best.pt,train_crosswalk_41262083N_95998228W_jpeg.rf.a7c26114d20f8358989b0aa3d402f5fb,coords-in-name,train,text__fused__road__t0.3_c0.5,text,fused,road,,positive,0.3,0.0,0.27015269538077946,0.1452966637015259,0.1218077474892396,0.18000884564352057,0.23221575749783022,0.2061004638671875,0.34967613220214844,1,0.7704747915267944,0.896251380443573,False,0
finetuned/ft1/seg_head_best.pt,train_crosswalk_41262083N_95998228W_jpeg.rf.a7c26114d20f8358989b0aa3d402f5fb,coords-in-name,train,text__fused__road__t0.3_c0.5_fill25,text,fused,road,,positive,0.3,25.0,0.27472245032203824,0.12834906518841335,0.11979913916786226,0.13821318000884564,0.19185773821421995,0.20844650268554688,0.34967613220214844,1,0.7704747915267944,0.896251380443573,False,0
finetuned/ft1/seg_head_best.pt,train_crosswalk_41262083N_95998228W_jpeg.rf.a7c26114d20f8358989b0aa3d402f5fb,coords-in-name,train,text__fused__road__t0.4_c0.5,text,fused,road,,positive,0.4,0.0,0.2330012436765025,0.20944604460495553,0.20245305875227135,0.21693940734188413,0.2865400337895029,0.1816883087158203,0.34967613220214844,1,0.7704747915267944,0.896251380443573,False,0
finetuned/ft1/seg_head_best.pt,train_crosswalk_41262083N_95998228W_jpeg.rf.a7c26114d20f8358989b0aa3d402f5fb,coords-in-name,train,text__fused__road__t0.4_c0.5_fill25,text,fused,road,,positive,0.4,25.0,0.2369255115527599,0.17719122602720874,0.17859725234996385,0.17580716497125165,0.23787253873356146,0.18404006958007812,0.34967613220214844,1,0.7704747915267944,0.896251380443573,False,0
finetuned/ft1/seg_head_best.pt,train_crosswalk_41262083N_95998228W_jpeg.rf.a7c26114d20f8358989b0aa3d402f5fb,coords-in-name,train,text__fused__road__t0.5_c0.5,text,fused,road,,positive,0.5,0.0,0.20429059652494913,0.18611353089333657,0.2055175363558597,0.17005749668288367,0.27710414404791606,0.16180419921875,0.34967613220214844,1,0.7704747915267944,0.896251380443573,False,0
finetuned/ft1/seg_head_best.pt,train_crosswalk_41262083N_95998228W_jpeg.rf.a7c26114d20f8358989b0aa3d402f5fb,coords-in-name,train,text__fused__road__t0.5_c0.5_fill25,text,fused,road,,positive,0.5,25.0,0.20701094521564295,0.1617982408513411,0.17982138546946658,0.14705882352941177,0.23665484168675358,0.1638631820678711,0.34967613220214844,1,0.7704747915267944,0.896251380443573,False,0
finetuned/ft1/seg_head_best.pt,train_crosswalk_41262083N_95998228W_jpeg.rf.a7c26114d20f8358989b0aa3d402f5fb,coords-in-name,train,text__fused__road__neg-sidewalk+grass+building+tree__t0.3_c0.5,text,fused,road,sidewalk+grass+building+tree,positive,0.3,0.0,0.2699807385125333,0.16304358035862448,0.15301391035548687,0.17448031844316675,0.23133438341063903,0.19548702239990234,0.34967613220214844,1,0.7704747915267944,0.896251380443573,False,0
finetuned/ft1/seg_head_best.pt,train_crosswalk_41262083N_95998228W_jpeg.rf.a7c26114d20f8358989b0aa3d402f5fb,coords-in-name,train,text__fused__road__neg-sidewalk+grass+building+tree__t0.3_c0.5_fill25,text,fused,road,sidewalk+grass+building+tree,positive,0.3,25.0,0.2746982814144905,0.14189514271752998,0.14602547211242864,0.13799203892083148,0.18050035500315115,0.19767379760742188,0.34967613220214844,1,0.7704747915267944,0.896251380443573,False,0
finetuned/ft1/seg_head_best.pt,train_crosswalk_41262083N_95998228W_jpeg.rf.a7c26114d20f8358989b0aa3d402f5fb,coords-in-name,train,text__fused__road__neg-sidewalk+grass+building+tree__t0.4_c0.5,text,fused,road,sidewalk+grass+building+tree,positive,0.4,0.0,0.2346458659459556,0.22155594129714376,0.22471190781049935,0.2184873949579832,0.2863500362965724,0.1783466339111328,0.34967613220214844,1,0.7704747915267944,0.896251380443573,False,0
finetuned/ft1/seg_head_best.pt,train_crosswalk_41262083N_95998228W_jpeg.rf.a7c26114d20f8358989b0aa3d402f5fb,coords-in-name,train,text__fused__road__neg-sidewalk+grass+building+tree__t0.4_c0.5_fill25,text,fused,road,sidewalk+grass+building+tree,positive,0.4,25.0,0.23859341207600457,0.18961983026265034,0.20341585108424487,0.17757629367536487,0.23977118496576702,0.18065738677978516,0.34967613220214844,1,0.7704747915267944,0.896251380443573,False,0
finetuned/ft1/seg_head_best.pt,train_crosswalk_41262083N_95998228W_jpeg.rf.a7c26114d20f8358989b0aa3d402f5fb,coords-in-name,train,text__fused__road__neg-sidewalk+grass+building+tree__t0.5_c0.5,text,fused,road,sidewalk+grass+building+tree,positive,0.5,0.0,0.20459876619564998,0.18631198406358632,0.2060021436227224,0.17005749668288367,0.2776867434566956,0.16112518310546875,0.34967613220214844,1,0.7704747915267944,0.896251380443573,False,0
finetuned/ft1/seg_head_best.pt,train_crosswalk_41262083N_95998228W_jpeg.rf.a7c26114d20f8358989b0aa3d402f5fb,coords-in-name,train,text__fused__road__neg-sidewalk+grass+building+tree__t0.5_c0.5_fill25,text,fused,road,sidewalk+grass+building+tree,positive,0.5,25.0,0.20732287742520644,0.16199173733420308,0.1803000968054211,0.14705882352941177,0.23725950324903775,0.16318416595458984,0.34967613220214844,1,0.7704747915267944,0.896251380443573,False,0
finetuned/ft1/seg_head_best.pt,train_crosswalk_42365261N_71051766W_jpeg.rf.df3af71f0eb10a81f2899030a17d01af,coords-in-name,train,text__semantic__road__t0.3_c0.5,text,semantic,road,,positive,0.3,0.0,0.6254810067827571,0.16064006178027118,0.1444723618090452,0.18088235294117647,0.3124556304795307,0.28435707092285156,0.23330211639404297,1,0.7235427498817444,0.9407896995544434,False,0
finetuned/ft1/seg_head_best.pt,train_crosswalk_42365261N_71051766W_jpeg.rf.df3af71f0eb10a81f2899030a17d01af,coords-in-name,train,text__semantic__road__t0.3_c0.5_fill25,text,semantic,road,,positive,0.3,25.0,0.6299162023690382,0.14968128739674658,0.14176864465481412,0.1585294117647059,0.24760024843292933,0.28701305389404297,0.23330211639404297,1,0.7235427498817444,0.9407896995544434,False,0
finetuned/ft1/seg_head_best.pt,train_crosswalk_42365261N_71051766W_jpeg.rf.df3af71f0eb10a81f2899030a17d01af,coords-in-name,train,text__semantic__road__t0.4_c0.5,text,semantic,road,,positive,0.4,0.0,0.6317477103084049,0.21566408240585333,0.18223268127665834,0.2641176470588235,0.36412389150946706,0.26996803283691406,0.23330211639404297,1,0.7235427498817444,0.9407896995544434,False,0
finetuned/ft1/seg_head_best.pt,train_crosswalk_42365261N_71051766W_jpeg.rf.df3af71f0eb10a81f2899030a17d01af,coords-in-name,train,text__semantic__road__t0.4_c0.5_fill25,text,semantic,road,,positive,0.4,25.0,0.6289522019301058,0.15240828706997295,0.14935572042171028,0.15558823529411764,0.2788391584285741,0.2724800109863281,0.23330211639404297,1,0.7235427498817444,0.9407896995544434,False,0
finetuned/ft1/seg_head_best.pt,train_crosswalk_42365261N_71051766W_jpeg.rf.df3af71f0eb10a81f2899030a17d01af,coords-in-name,train,text__semantic__road__t0.5_c0.5,text,semantic,road,,positive,0.5,0.0,0.6433207121461637,0.2544676297485286,0.2,0.3497058823529412,0.4117263942322256,0.2501392364501953,0.23330211639404297,1,0.7235427498817444,0.9407896995544434,False,0
finetuned/ft1/seg_head_best.pt,train_crosswalk_42365261N_71051766W_jpeg.rf.df3af71f0eb10a81f2899030a17d01af,coords-in-name,train,text__semantic__road__t0.5_c0.5_fill25,text,semantic,road,,positive,0.5,25.0,0.6420311892216839,0.18822913772593997,0.1658167751011078,0.21764705882352942,0.3109319578918256,0.25382041931152344,0.23330211639404297,1,0.7235427498817444,0.9407896995544434,False,0
finetuned/ft1/seg_head_best.pt,train_crosswalk_42365261N_71051766W_jpeg.rf.df3af71f0eb10a81f2899030a17d01af,coords-in-name,train,text__semantic__road__neg-sidewalk+grass+building+tree__t0.3_c0.5,text,semantic,road,sidewalk+grass+building+tree,positive,0.3,0.0,0.5738538741046032,0.3603007854793873,0.29144178874325366,0.4717647058823529,0.4651963480129405,0.18514156341552734,0.23330211639404297,1,0.7235427498817444,0.9407896995544434,False,0
finetuned/ft1/seg_head_best.pt,train_crosswalk_42365261N_71051766W_jpeg.rf.df3af71f0eb10a81f2899030a17d01af,coords-in-name,train,text__semantic__road__neg-sidewalk+grass+building+tree__t0.3_c0.5_fill25,text,semantic,road,sidewalk+grass+building+tree,positive,0.3,25.0,0.572002545093189,0.3549692981763406,0.2945941186828667,0.4464705882352941,0.44148780691975775,0.18609905242919922,0.23330211639404297,1,0.7235427498817444,0.9407896995544434,False,0
finetuned/ft1/seg_head_best.pt,train_crosswalk_42365261N_71051766W_jpeg.rf.df3af71f0eb10a81f2899030a17d01af,coords-in-name,train,text__semantic__road__neg-sidewalk+grass+building+tree__t0.4_c0.5,text,semantic,road,sidewalk+grass+building+tree,positive,0.4,0.0,0.5759346089112658,0.37123597108920026,0.3063973063973064,0.4708823529411765,0.4798003851399655,0.1837139129638672,0.23330211639404297,1,0.7235427498817444,0.9407896995544434,False,0
finetuned/ft1/seg_head_best.pt,train_crosswalk_42365261N_71051766W_jpeg.rf.df3af71f0eb10a81f2899030a17d01af,coords-in-name,train,text__semantic__road__neg-sidewalk+grass+building+tree__t0.4_c0.5_fill25,text,semantic,road,sidewalk+grass+building+tree,positive,0.4,25.0,0.5740766014912293,0.3646287461564157,0.30856515373352855,0.4455882352941177,0.45879574752243046,0.184661865234375,0.23330211639404297,1,0.7235427498817444,0.9407896995544434,False,0
finetuned/ft1/seg_head_best.pt,train_crosswalk_42365261N_71051766W_jpeg.rf.df3af71f0eb10a81f2899030a17d01af,coords-in-name,train,text__semantic__road__neg-sidewalk+grass+building+tree__t0.5_c0.5,text,semantic,road,sidewalk+grass+building+tree,positive,0.5,0.0,0.5784782679756366,0.37486709440879923,0.31508474576271184,0.4626470588235294,0.4638089893588861,0.1811685562133789,0.23330211639404297,1,0.7235427498817444,0.9407896995544434,False,0
finetuned/ft1/seg_head_best.pt,train_crosswalk_42365261N_71051766W_jpeg.rf.df3af71f0eb10a81f2899030a17d01af,coords-in-name,train,text__semantic__road__neg-sidewalk+grass+building+tree__t0.5_c0.5_fill25,text,semantic,road,sidewalk+grass+building+tree,positive,0.5,25.0,0.5766798547739621,0.36338298012659337,0.3105181747873163,0.4379411764705882,0.44083963701168966,0.18209171295166016,0.23330211639404297,1,0.7235427498817444,0.9407896995544434,False,0
finetuned/ft1/seg_head_best.pt,train_crosswalk_42365261N_71051766W_jpeg.rf.df3af71f0eb10a81f2899030a17d01af,coords-in-name,train,text__fused__road__t0.3_c0.5,text,fused,road,,positive,0.3,0.0,0.6254810067827571,0.16064006178027118,0.1444723618090452,0.18088235294117647,0.3124556304795307,0.28435707092285156,0.23330211639404297,1,0.7235427498817444,0.9407896995544434,False,0
finetuned/ft1/seg_head_best.pt,train_crosswalk_42365261N_71051766W_jpeg.rf.df3af71f0eb10a81f2899030a17d01af,coords-in-name,train,text__fused__road__t0.3_c0.5_fill25,text,fused,road,,positive,0.3,25.0,0.6299162023690382,0.14968128739674658,0.14176864465481412,0.1585294117647059,0.24760024843292933,0.28701305389404297,0.23330211639404297,1,0.7235427498817444,0.9407896995544434,False,0
finetuned/ft1/seg_head_best.pt,train_crosswalk_42365261N_71051766W_jpeg.rf.df3af71f0eb10a81f2899030a17d01af,coords-in-name,train,text__fused__road__t0.4_c0.5,text,fused,road,,positive,0.4,0.0,0.6317477103084049,0.21566408240585333,0.18223268127665834,0.2641176470588235,0.36412389150946706,0.26996803283691406,0.23330211639404297,1,0.7235427498817444,0.9407896995544434,False,0
finetuned/ft1/seg_head_best.pt,train_crosswalk_42365261N_71051766W_jpeg.rf.df3af71f0eb10a81f2899030a17d01af,coords-in-name,train,text__fused__road__t0.4_c0.5_fill25,text,fused,road,,positive,0.4,25.0,0.6289522019301058,0.15240828706997295,0.14935572042171028,0.15558823529411764,0.2788391584285741,0.2724800109863281,0.23330211639404297,1,0.7235427498817444,0.9407896995544434,False,0
finetuned/ft1/seg_head_best.pt,train_crosswalk_42365261N_71051766W_jpeg.rf.df3af71f0eb10a81f2899030a17d01af,coords-in-name,train,text__fused__road__t0.5_c0.5,text,fused,road,,positive,0.5,0.0,0.6433207121461637,0.2544676297485286,0.2,0.3497058823529412,0.4117263942322256,0.2501392364501953,0.23330211639404297,1,0.7235427498817444,0.9407896995544434,False,0
finetuned/ft1/seg_head_best.pt,train_crosswalk_42365261N_71051766W_jpeg.rf.df3af71f0eb10a81f2899030a17d01af,coords-in-name,train,text__fused__road__t0.5_c0.5_fill25,text,fused,road,,positive,0.5,25.0,0.6420311892216839,0.18822913772593997,0.1658167751011078,0.21764705882352942,0.3109319578918256,0.25382041931152344,0.23330211639404297,1,0.7235427498817444,0.9407896995544434,False,0
finetuned/ft1/seg_head_best.pt,train_crosswalk_42365261N_71051766W_jpeg.rf.df3af71f0eb10a81f2899030a17d01af,coords-in-name,train,text__fused__road__neg-sidewalk+grass+building+tree__t0.3_c0.5,text,fused,road,sidewalk+grass+building+tree,positive,0.3,0.0,0.5738538741046032,0.3603007854793873,0.29144178874325366,0.4717647058823529,0.4651963480129405,0.18514156341552734,0.23330211639404297,1,0.7235427498817444,0.9407896995544434,False,0
finetuned/ft1/seg_head_best.pt,train_crosswalk_42365261N_71051766W_jpeg.rf.df3af71f0eb10a81f2899030a17d01af,coords-in-name,train,text__fused__road__neg-sidewalk+grass+building+tree__t0.3_c0.5_fill25,text,fused,road,sidewalk+grass+building+tree,positive,0.3,25.0,0.572002545093189,0.3549692981763406,0.2945941186828667,0.4464705882352941,0.44148780691975775,0.18609905242919922,0.23330211639404297,1,0.7235427498817444,0.9407896995544434,False,0
finetuned/ft1/seg_head_best.pt,train_crosswalk_42365261N_71051766W_jpeg.rf.df3af71f0eb10a81f2899030a17d01af,coords-in-name,train,text__fused__road__neg-sidewalk+grass+building+tree__t0.4_c0.5,text,fused,road,sidewalk+grass+building+tree,positive,0.4,0.0,0.5759346089112658,0.37123597108920026,0.3063973063973064,0.4708823529411765,0.4798003851399655,0.1837139129638672,0.23330211639404297,1,0.7235427498817444,0.9407896995544434,False,0
finetuned/ft1/seg_head_best.pt,train_crosswalk_42365261N_71051766W_jpeg.rf.df3af71f0eb10a81f2899030a17d01af,coords-in-name,train,text__fused__road__neg-sidewalk+grass+building+tree__t0.4_c0.5_fill25,text,fused,road,sidewalk+grass+building+tree,positive,0.4,25.0,0.5740766014912293,0.3646287461564157,0.30856515373352855,0.4455882352941177,0.45879574752243046,0.184661865234375,0.23330211639404297,1,0.7235427498817444,0.9407896995544434,False,0
finetuned/ft1/seg_head_best.pt,train_crosswalk_42365261N_71051766W_jpeg.rf.df3af71f0eb10a81f2899030a17d01af,coords-in-name,train,text__fused__road__neg-sidewalk+grass+building+tree__t0.5_c0.5,text,fused,road,sidewalk+grass+building+tree,positive,0.5,0.0,0.5784782679756366,0.37486709440879923,0.31508474576271184,0.4626470588235294,0.4638089893588861,0.1811685562133789,0.23330211639404297,1,0.7235427498817444,0.9407896995544434,False,0
finetuned/ft1/seg_head_best.pt,train_crosswalk_42365261N_71051766W_jpeg.rf.df3af71f0eb10a81f2899030a17d01af,coords-in-name,train,text__fused__road__neg-sidewalk+grass+building+tree__t0.5_c0.5_fill25,text,fused,road,sidewalk+grass+building+tree,positive,0.5,25.0,0.5766798547739621,0.36338298012659337,0.3105181747873163,0.4379411764705882,0.44083963701168966,0.18209171295166016,0.23330211639404297,1,0.7235427498817444,0.9407896995544434,False,0
finetuned/ft1/seg_head_best.pt,train_crosswalk_42334506N_71088146W_jpeg.rf.16bfcc7777ea91a4b5f96daa0ac1aef1,coords-in-name,train,text__semantic__road__t0.3_c0.5,text,semantic,road,,positive,0.3,0.0,0.7411462893032453,0.5484508873904602,0.4314002828854314,0.7526709401709402,0.7017451430165869,0.2044820785522461,0.17675399780273438,1,0.8582905530929565,0.9149009585380554,False,0
finetuned/ft1/seg_head_best.pt,train_crosswalk_42334506N_71088146W_jpeg.rf.16bfcc7777ea91a4b5f96daa0ac1aef1,coords-in-name,train,text__semantic__road__t0.3_c0.5_fill25,text,semantic,road,,positive,0.3,25.0,0.7376722348564944,0.5290772127350668,0.447816172601298,0.6463675213675214,0.6389531330297031,0.20726776123046875,0.17675399780273438,1,0.8582905530929565,0.9149009585380554,False,0
finetuned/ft1/seg_head_best.pt,train_crosswalk_42334506N_71088146W_jpeg.rf.16bfcc7777ea91a4b5f96daa0ac1aef1,coords-in-name,train,text__semantic__road__t0.4_c0.5,text,semantic,road,,positive,0.4,0.0,0.7411831626848692,0.5745435493841121,0.46469465648854963,0.7524038461538461,0.7064762434555281,0.18814563751220703,0.17675399780273438,1,0.8582905530929565,0.9149009585380554,False,0
finetuned/ft1/seg_head_best.pt,train_crosswalk_42334506N_71088146W_jpeg.rf.16bfcc7777ea91a4b5f96daa0ac1aef1,coords-in-name,train,text__semantic__road__t0.4_c0.5_fill25,text,semantic,road,,positive,0.4,25.0,0.7384426515422633,0.5667420087667902,0.4767012484614032,0.6987179487179487,0.6791122043238613,0.1892242431640625,0.17675399780273438,1,0.8582905530929565,0.9149009585380554,False,0
finetuned/ft1/seg_head_best.pt,train_crosswalk_42334506N_71088146W_jpeg.rf.16bfcc7777ea91a4b5f96daa0ac1aef1,coords-in-name,train,text__semantic__road__t0.5_c0.5,text,semantic,road,,positive,0.5,0.0,0.7368014013902089,0.5581660550592844,0.4426229508196721,0.7553418803418803,0.6845089099998437,0.1787700653076172,0.17675399780273438,1,0.8582905530929565,0.9149009585380554,False,0
finetuned/ft1/seg_head_best.pt,train_crosswalk_42334506N_71088146W_jpeg.rf.16bfcc7777ea91a4b5f96daa0ac1aef1,coords-in-name,train,text__semantic__road__t0.5_c0.5_fill25,text,semantic,road,,positive,0.5,25.0,0.729917484902964,0.5457142900971902,0.4565532223026792,0.6781517094017094,0.6540956300971058,0.18113231658935547,0.17675399780273438,1,0.8582905530929565,0.9149009585380554,False,0
finetuned/ft1/seg_head_best.pt,train_crosswalk_42334506N_71088146W_jpeg.rf.16bfcc7777ea91a4b5f96daa0ac1aef1,coords-in-name,train,text__semantic__road__neg-sidewalk+grass+building+tree__t0.3_c0.5,text,semantic,road,sidewalk+grass+building+tree,positive,0.3,0.0,0.7426830976053774,0.5533912136214217,0.4369158878504673,0.7545405982905983,0.6837080941243178,0.17928600311279297,0.17675399780273438,1,0.8582905530929565,0.9149009585380554,False,0
finetuned/ft1/seg_head_best.pt,train_crosswalk_42334506N_71088146W_jpeg.rf.16bfcc7777ea91a4b5f96daa0ac1aef1,coords-in-name,train,text__semantic__road__neg-sidewalk+grass+building+tree__t0.3_c0.5_fill25,text,semantic,road,sidewalk+grass+building+tree,positive,0.3,25.0,0.7430447683449758,0.5509713565036016,0.4503867039657726,0.7094017094017094,0.6598040950707149,0.18066978454589844,0.17675399780273438,1,0.8582905530929565,0.9149009585380554,False,0
finetuned/ft1/seg_head_best.pt,train_crosswalk_42334506N_71088146W_jpeg.rf.16bfcc7777ea91a4b5f96daa0ac1aef1,coords-in-name,train,text__semantic__road__neg-sidewalk+grass+building+tree__t0.4_c0.5,text,semantic,road,sidewalk+grass+building+tree,positive,0.4,0.0,0.7308840662424708,0.5585377164864685,0.4491918706993119,0.7382478632478633,0.6805793520141331,0.17320919036865234,0.17675399780273438,1,0.8582905530929565,0.9149009585380554,False,0
finetuned/ft1/seg_head_best.pt,train_crosswalk_42334506N_71088146W_jpeg.rf.16bfcc7777ea91a4b5f96daa0ac1aef1,coords-in-name,train,text__semantic__road__neg-sidewalk+grass+building+tree__t0.4_c0.5_fill25,text,semantic,road,sidewalk+grass+building+tree,positive,0.4,25.0,0.7278642043694197,0.5534846944538574,0.460093896713615,0.6944444444444444,0.6593102507514749,0.17427444458007812,0.17675399780273438,1,0.8582905530929565,0.9149009585380554,False,0
finetuned/ft1/seg_head_best.pt,train_crosswalk_42334506N_71088146W_jpeg.rf.16bfcc7777ea91a4b5f96daa0ac1aef1,coords-in-name,train,text__semantic__road__neg-sidewalk+grass+building+tree__t0.5_c0.5,text,semantic,road,sidewalk+grass+building+tree,positive,0.5,0.0,0.7244566408446007,0.5569604952598903,0.44598740513482965,0.7414529914529915,0.6679683091065608,0.16843795776367188,0.17675399780273438,1,0.8582905530929565,0.9149009585380554,False,0
finetuned/ft1/seg_head_best.pt,train_crosswalk_42334506N_71088146W_jpeg.rf.16bfcc7777ea91a4b5f96daa0ac1aef1,coords-in-name,train,text__semantic__road__neg-sidewalk+grass+building+tree__t0.5_c0.5_fill25,text,semantic,road,sidewalk+grass+building+tree,positive,0.5,25.0,0.7183282871461568,0.5410638799136719,0.44741470277875484,0.6842948717948718,0.6406121163411728,0.1701822280883789,0.17675399780273438,1,0.8582905530929565,0.9149009585380554,False,0
finetuned/ft1/seg_head_best.pt,train_crosswalk_42334506N_71088146W_jpeg.rf.16bfcc7777ea91a4b5f96daa0ac1aef1,coords-in-name,train,text__fused__road__t0.3_c0.5,text,fused,road,,positive,0.3,0.0,0.7411462893032453,0.5484508873904602,0.4314002828854314,0.7526709401709402,0.7017451430165869,0.2044820785522461,0.17675399780273438,1,0.8582905530929565,0.9149009585380554,False,0
finetuned/ft1/seg_head_best.pt,train_crosswalk_42334506N_71088146W_jpeg.rf.16bfcc7777ea91a4b5f96daa0ac1aef1,coords-in-name,train,text__fused__road__t0.3_c0.5_fill25,text,fused,road,,positive,0.3,25.0,0.7376722348564944,0.5290772127350668,0.447816172601298,0.6463675213675214,0.6389531330297031,0.20726776123046875,0.17675399780273438,1,0.8582905530929565,0.9149009585380554,False,0
finetuned/ft1/seg_head_best.pt,train_crosswalk_42334506N_71088146W_jpeg.rf.16bfcc7777ea91a4b5f96daa0ac1aef1,coords-in-name,train,text__fused__road__t0.4_c0.5,text,fused,road,,positive,0.4,0.0,0.7411831626848692,0.5745435493841121,0.46469465648854963,0.7524038461538461,0.7064762434555281,0.18814563751220703,0.17675399780273438,1,0.8582905530929565,0.9149009585380554,False,0
finetuned/ft1/seg_head_best.pt,train_crosswalk_42334506N_71088146W_jpeg.rf.16bfcc7777ea91a4b5f96daa0ac1aef1,coords-in-name,train,text__fused__road__t0.4_c0.5_fill25,text,fused,road,,positive,0.4,25.0,0.7384426515422633,0.5667420087667902,0.4767012484614032,0.6987179487179487,0.6791122043238613,0.1892242431640625,0.17675399780273438,1,0.8582905530929565,0.9149009585380554,False,0
finetuned/ft1/seg_head_best.pt,train_crosswalk_42334506N_71088146W_jpeg.rf.16bfcc7777ea91a4b5f96daa0ac1aef1,coords-in-name,train,text__fused__road__t0.5_c0.5,text,fused,road,,positive,0.5,0.0,0.7368014013902089,0.5581660550592844,0.4426229508196721,0.7553418803418803,0.6845089099998437,0.1787700653076172,0.17675399780273438,1,0.8582905530929565,0.9149009585380554,False,0
finetuned/ft1/seg_head_best.pt,train_crosswalk_42334506N_71088146W_jpeg.rf.16bfcc7777ea91a4b5f96daa0ac1aef1,coords-in-name,train,text__fused__road__t0.5_c0.5_fill25,text,fused,road,,positive,0.5,25.0,0.729917484902964,0.5457142900971902,0.4565532223026792,0.6781517094017094,0.6540956300971058,0.18113231658935547,0.17675399780273438,1,0.8582905530929565,0.9149009585380554,False,0
finetuned/ft1/seg_head_best.pt,train_crosswalk_42334506N_71088146W_jpeg.rf.16bfcc7777ea91a4b5f96daa0ac1aef1,coords-in-name,train,text__fused__road__neg-sidewalk+grass+building+tree__t0.3_c0.5,text,fused,road,sidewalk+grass+building+tree,positive,0.3,0.0,0.7426817598319524,0.5530034320682413,0.4364326375711575,0.7545405982905983,0.6838449658620595,0.1792774200439453,0.17675399780273438,1,0.8582905530929565,0.9149009585380554,False,0
finetuned/ft1/seg_head_best.pt,train_crosswalk_42334506N_71088146W_jpeg.rf.16bfcc7777ea91a4b5f96daa0ac1aef1,coords-in-name,train,text__fused__road__neg-sidewalk+grass+building+tree__t0.3_c0.5_fill25,text,fused,road,sidewalk+grass+building+tree,positive,0.3,25.0,0.7430365323349534,0.5507250244424335,0.4500575942076683,0.7094017094017094,0.6598040950707149,0.1806631088256836,0.17675399780273438,1,0.8582905530929565,0.9149009585380554,False,0
finetuned/ft1/seg_head_best.pt,train_crosswalk_42334506N_71088146W_jpeg.rf.16bfcc7777ea91a4b5f96daa0ac1aef1,coords-in-name,train,text__fused__road__neg-sidewalk+grass+building+tree__t0.4_c0.5,text,fused,road,sidewalk+grass+building+tree,positive,0.4,0.0,0.7308755412582663,0.5582902321136239,0.4488718194911186,0.7382478632478633,0.6805793520141331,0.1732025146484375,0.17675399780273438,1,0.8582905530929565,0.9149009585380554,False,0
finetuned/ft1/seg_head_best.pt,train_crosswalk_42334506N_71088146W_jpeg.rf.16bfcc7777ea91a4b5f96daa0ac1aef1,coords-in-name,train,text__fused__road__neg-sidewalk+grass+building+tree__t0.4_c0.5_fill25,text,fused,road,sidewalk+grass+building+tree,positive,0.4,25.0,0.7278556775559447,0.553232981390113,0.45974613110763346,0.6944444444444444,0.6593102507514749,0.17426776885986328,0.17675399780273438,1,0.8582905530929565,0.9149009585380554,False,0
finetuned/ft1/seg_head_best.pt,train_crosswalk_42334506N_71088146W_jpeg.rf.16bfcc7777ea91a4b5f96daa0ac1aef1,coords-in-name,train,text__fused__road__neg-sidewalk+grass+building+tree__t0.5_c0.5,text,fused,road,sidewalk+grass+building+tree,positive,0.5,0.0,0.7244669954024632,0.5569604952598903,0.44598740513482965,0.7414529914529915,0.6679683091065608,0.16843509674072266,0.17675399780273438,1,0.8582905530929565,0.9149009585380554,False,0
finetuned/ft1/seg_head_best.pt,train_crosswalk_42334506N_71088146W_jpeg.rf.16bfcc7777ea91a4b5f96daa0ac1aef1,coords-in-name,train,text__fused__road__neg-sidewalk+grass+building+tree__t0.5_c0.5_fill25,text,fused,road,sidewalk+grass+building+tree,positive,0.5,25.0,0.7183384661892795,0.5410638799136719,0.44741470277875484,0.6842948717948718,0.6406121163411728,0.1701793670654297,0.17675399780273438,1,0.8582905530929565,0.9149009585380554,False,0
finetuned/ft1/seg_head_best.pt,train_crosswalk_30287668N_81448314W_jpeg.rf.598734e162de47ba6c11a206c534b53e,coords-in-name,train,text__semantic__road__t0.3_c0.5,text,semantic,road,,positive,0.3,0.0,0.8552885223001963,0.4740236857082394,0.37257600400350305,0.6513884242221478,0.6903543143648024,0.653172492980957,0.6767969131469727,2,0.7017066478729248,0.8558511734008789,False,0
finetuned/ft1/seg_head_best.pt,train_crosswalk_30287668N_81448314W_jpeg.rf.598734e162de47ba6c11a206c534b53e,coords-in-name,train,text__semantic__road__t0.3_c0.5_fill25,text,semantic,road,,positive,0.3,25.0,0.8538346418804903,0.3966432692781878,0.32349165596919127,0.5125460020073603,0.6098495057302009,0.6569461822509766,0.6767969131469727,2,0.7017066478729248,0.8558511734008789,False,0
finetuned/ft1/seg_head_best.pt,train_crosswalk_30287668N_81448314W_jpeg.rf.598734e162de47ba6c11a206c534b53e,coords-in-name,train,text__semantic__road__t0.4_c0.5,text,semantic,road,,positive,0.4,0.0,0.8452539178667187,0.39844155809365805,0.30890823844608173,0.5610572097691535,0.6133010629503616,0.6220779418945312,0.6767969131469727,2,0.7017066478729248,0.8558511734008789,False,0
finetuned/ft1/seg_head_best.pt,train_crosswalk_30287668N_81448314W_jpeg.rf.598734e162de47ba6c11a206c534b53e,coords-in-name,train,text__semantic__road__t0.4_c0.5_fill25,text,semantic,road,,positive,0.4,25.0,0.8460148191904316,0.41573055598443237,0.33020095417088335,0.5610572097691535,0.6372733687073936,0.6226205825805664,0.6767969131469727,2,0.7017066478729248,0.8558511734008789,False,0
finetuned/ft1/seg_head_best.pt,train_crosswalk_30287668N_81448314W_jpeg.rf.598734e162de47ba6c11a206c534b53e,coords-in-name,train,text__semantic__road__t0.5_c0.5,text,semantic,road,,positive,0.5,0.0,0.8239897333367883,0.2350266078395392,0.17031289748155687,0.3790565406490465,0.463994742214113,0.5986804962158203,0.6767969131469727,2,0.7017066478729248,0.8558511734008789,False,0
finetuned/ft1/seg_head_best.pt,train_crosswalk_30287668N_81448314W_jpeg.rf.598734e162de47ba6c11a206c534b53e,coords-in-name,train,text__semantic__road__t0.5_c0.5_fill25,text,semantic,road,,positive,0.5,25.0,0.8266209705025169,0.2628251534361554,0.20114682360042252,0.3790565406490465,0.5066610155885212,0.6005239486694336,0.6767969131469727,2,0.7017066478729248,0.8558511734008789,False,0
finetuned/ft1/seg_head_best.pt,train_crosswalk_30287668N_81448314W_jpeg.rf.598734e162de47ba6c11a206c534b53e,coords-in-name,train,text__semantic__road__neg-sidewalk+grass+building+tree__t0.3_c0.5,text,semantic,road,sidewalk+grass+building+tree,positive,0.3,0.0,0.850801950059835,0.4555246368224477,0.36908002177463256,0.594847775175644,0.6553987943875773,0.6417999267578125,0.6767969131469727,2,0.7017066478729248,0.8558511734008789,False,0
finetuned/ft1/seg_head_best.pt,train_crosswalk_30287668N_81448314W_jpeg.rf.598734e162de47ba6c11a206c534b53e,coords-in-name,train,text__semantic__road__neg-sidewalk+grass+building+tree__t0.3_c0.5_fill25,text,semantic,road,sidewalk+grass+building+tree,positive,0.3,25.0,0.849368383566102,0.3718783374540986,0.31223628691983124,0.4596855135496822,0.56701794990738,0.6455211639404297,0.6767969131469727,2,0.7017066478729248,0.8558511734008789,False,0
finetuned/ft1/seg_head_best.pt,train_crosswalk_30287668N_81448314W_jpeg.rf.598734e162de47ba6c11a206c534b53e,coords-in-name,train,text__semantic__road__neg-sidewalk+grass+building+tree__t0.4_c0.5,text,semantic,road,sidewalk+grass+building+tree,positive,0.4,0.0,0.8441552972881927,0.40988084323295415,0.31985796230538105,0.5704248912679826,0.595531959241368,0.6179542541503906,0.6767969131469727,2,0.7017066478729248,0.8558511734008789,False,0
finetuned/ft1/seg_head_best.pt,train_crosswalk_30287668N_81448314W_jpeg.rf.598734e162de47ba6c11a206c534b53e,coords-in-name,train,text__semantic__road__neg-sidewalk+grass+building+tree__t0.4_c0.5_fill25,text,semantic,road,sidewalk+grass+building+tree,positive,0.4,25.0,0.8449181735199514,0.42799912357343994,0.34248597578978446,0.5704248912679826,0.6189418476759283,0.6184968948364258,0.6767969131469727,2,0.7017066478729248,0.8558511734008789,False,0
finetuned/ft1/seg_head_best.pt,train_crosswalk_30287668N_81448314W_jpeg.rf.598734e162de47ba6c11a206c534b53e,coords-in-name,train,text__semantic__road__neg-sidewalk+grass+building+tree__t0.5_c0.5,text,semantic,road,sidewalk+grass+building+tree,positive,0.5,0.0,0.8236463506046485,0.24795178427808134,0.17997171872991388,0.3984610237537638,0.46592328000887,0.5969829559326172,0.6767969131469727,2,0.7017066478729248,0.8558511734008789,False,0
finetuned/ft1/seg_head_best.pt,train_crosswalk_30287668N_81448314W_jpeg.rf.598734e162de47ba6c11a206c534b53e,coords-in-name,train,text__semantic__road__neg-sidewalk+grass+building+tree__t0.5_c0.5_fill25,text,semantic,road,sidewalk+grass+building+tree,positive,0.5,25.0,0.8262778685737926,0.2774002351526278,0.21275946275946275,0.3984610237537638,0.5088673543815776,0.5988245010375977,0.6767969131469727,2,0.7017066478729248,0.8558511734008789,False,0
finetuned/ft1/seg_head_best.pt,train_crosswalk_30287668N_81448314W_jpeg.rf.598734e162de47ba6c11a206c534b53e,coords-in-name,train,text__fused__road__t0.3_c0.5,text,fused,road,,positive,0.3,0.0,0.8552885223001963,0.4740236857082394,0.37257600400350305,0.6513884242221478,0.6903543143648024,0.653172492980957,0.6767969131469727,2,0.7017066478729248,0.8558511734008789,False,0
finetuned/ft1/seg_head_best.pt,train_crosswalk_30287668N_81448314W_jpeg.rf.598734e162de47ba6c11a206c534b53e,coords-in-name,train,text__fused__road__t0.3_c0.5_fill25,text,fused,road,,positive,0.3,25.0,0.8538346418804903,0.3966432692781878,0.32349165596919127,0.5125460020073603,0.6098495057302009,0.6569461822509766,0.6767969131469727,2,0.7017066478729248,0.8558511734008789,False,0
finetuned/ft1/seg_head_best.pt,train_crosswalk_30287668N_81448314W_jpeg.rf.598734e162de47ba6c11a206c534b53e,coords-in-name,train,text__fused__road__t0.4_c0.5,text,fused,road,,positive,0.4,0.0,0.8452539178667187,0.39844155809365805,0.30890823844608173,0.5610572097691535,0.6133010629503616,0.6220779418945312,0.6767969131469727,2,0.7017066478729248,0.8558511734008789,False,0
finetuned/ft1/seg_head_best.pt,train_crosswalk_30287668N_81448314W_jpeg.rf.598734e162de47ba6c11a206c534b53e,coords-in-name,train,text__fused__road__t0.4_c0.5_fill25,text,fused,road,,positive,0.4,25.0,0.8460148191904316,0.41573055598443237,0.33020095417088335,0.5610572097691535,0.6372733687073936,0.6226205825805664,0.6767969131469727,2,0.7017066478729248,0.8558511734008789,False,0
finetuned/ft1/seg_head_best.pt,train_crosswalk_30287668N_81448314W_jpeg.rf.598734e162de47ba6c11a206c534b53e,coords-in-name,train,text__fused__road__t0.5_c0.5,text,fused,road,,positive,0.5,0.0,0.8239897333367883,0.2350266078395392,0.17031289748155687,0.3790565406490465,0.463994742214113,0.5986804962158203,0.6767969131469727,2,0.7017066478729248,0.8558511734008789,False,0
finetuned/ft1/seg_head_best.pt,train_crosswalk_30287668N_81448314W_jpeg.rf.598734e162de47ba6c11a206c534b53e,coords-in-name,train,text__fused__road__t0.5_c0.5_fill25,text,fused,road,,positive,0.5,25.0,0.8266209705025169,0.2628251534361554,0.20114682360042252,0.3790565406490465,0.5066610155885212,0.6005239486694336,0.6767969131469727,2,0.7017066478729248,0.8558511734008789,False,0
finetuned/ft1/seg_head_best.pt,train_crosswalk_30287668N_81448314W_jpeg.rf.598734e162de47ba6c11a206c534b53e,coords-in-name,train,text__fused__road__neg-sidewalk+grass+building+tree__t0.3_c0.5,text,fused,road,sidewalk+grass+building+tree,positive,0.3,0.0,0.850801950059835,0.4555246368224477,0.36908002177463256,0.594847775175644,0.6553987943875773,0.6417999267578125,0.6767969131469727,2,0.7017066478729248,0.8558511734008789,False,0
finetuned/ft1/seg_head_best.pt,train_crosswalk_30287668N_81448314W_jpeg.rf.598734e162de47ba6c11a206c534b53e,coords-in-name,train,text__fused__road__neg-sidewalk+grass+building+tree__t0.3_c0.5_fill25,text,fused,road,sidewalk+grass+building+tree,positive,0.3,25.0,0.849368383566102,0.3718783374540986,0.31223628691983124,0.4596855135496822,0.56701794990738,0.6455211639404297,0.6767969131469727,2,0.7017066478729248,0.8558511734008789,False,0
finetuned/ft1/seg_head_best.pt,train_crosswalk_30287668N_81448314W_jpeg.rf.598734e162de47ba6c11a206c534b53e,coords-in-name,train,text__fused__road__neg-sidewalk+grass+building+tree__t0.4_c0.5,text,fused,road,sidewalk+grass+building+tree,positive,0.4,0.0,0.8441552972881927,0.40988084323295415,0.31985796230538105,0.5704248912679826,0.595531959241368,0.6179542541503906,0.6767969131469727,2,0.7017066478729248,0.8558511734008789,False,0
finetuned/ft1/seg_head_best.pt,train_crosswalk_30287668N_81448314W_jpeg.rf.598734e162de47ba6c11a206c534b53e,coords-in-name,train,text__fused__road__neg-sidewalk+grass+building+tree__t0.4_c0.5_fill25,text,fused,road,sidewalk+grass+building+tree,positive,0.4,25.0,0.8449181735199514,0.42799912357343994,0.34248597578978446,0.5704248912679826,0.6189418476759283,0.6184968948364258,0.6767969131469727,2,0.7017066478729248,0.8558511734008789,False,0
finetuned/ft1/seg_head_best.pt,train_crosswalk_30287668N_81448314W_jpeg.rf.598734e162de47ba6c11a206c534b53e,coords-in-name,train,text__fused__road__neg-sidewalk+grass+building+tree__t0.5_c0.5,text,fused,road,sidewalk+grass+building+tree,positive,0.5,0.0,0.8236463506046485,0.24795178427808134,0.17997171872991388,0.3984610237537638,0.46592328000887,0.5969829559326172,0.6767969131469727,2,0.7017066478729248,0.8558511734008789,False,0
finetuned/ft1/seg_head_best.pt,train_crosswalk_30287668N_81448314W_jpeg.rf.598734e162de47ba6c11a206c534b53e,coords-in-name,train,text__fused__road__neg-sidewalk+grass+building+tree__t0.5_c0.5_fill25,text,fused,road,sidewalk+grass+building+tree,positive,0.5,25.0,0.8262778685737926,0.2774002351526278,0.21275946275946275,0.3984610237537638,0.5088673543815776,0.5988245010375977,0.6767969131469727,2,0.7017066478729248,0.8558511734008789,False,0
finetuned/ft1/seg_head_best.pt,train_crosswalk_34671094N_86539370W_jpeg.rf.b36980c11c158429c539317b184282d7,coords-in-name,train,text__semantic__road__t0.3_c0.5,text,semantic,road,,positive,0.3,0.0,0.4369078785137599,0.05877061469265367,0.032367269424490135,0.3189585028478438,0.1448964920912159,0.7439870834350586,0.32854270935058594,3,0.7646580338478088,0.8705973029136658,False,0
finetuned/ft1/seg_head_best.pt,train_crosswalk_34671094N_86539370W_jpeg.rf.b36980c11c158429c539317b184282d7,coords-in-name,train,text__semantic__road__t0.3_c0.5_fill25,text,semantic,road,,positive,0.3,25.0,0.4293939116163487,0.028283220405115543,0.017046146353342263,0.08299430431244914,0.0760450035979965,0.7570486068725586,0.32854270935058594,3,0.7646580338478088,0.8705973029136658,False,0
finetuned/ft1/seg_head_best.pt,train_crosswalk_34671094N_86539370W_jpeg.rf.b36980c11c158429c539317b184282d7,coords-in-name,train,text__semantic__road__t0.4_c0.5,text,semantic,road,,positive,0.4,0.0,0.4811508775490644,0.12761426845271923,0.07107380202868135,0.6240846216436127,0.2127365730333537,0.6736173629760742,0.32854270935058594,3,0.7646580338478088,0.8705973029136658,False,0
finetuned/ft1/seg_head_best.pt,train_crosswalk_34671094N_86539370W_jpeg.rf.b36980c11c158429c539317b184282d7,coords-in-name,train,text__semantic__road__t0.4_c0.5_fill25,text,semantic,road,,positive,0.4,25.0,0.4726034223574456,0.10979103292719915,0.06304368160134692,0.4247355573637103,0.1768627645765379,0.6860208511352539,0.32854270935058594,3,0.7646580338478088,0.8705973029136658,False,0
finetuned/ft1/seg_head_best.pt,train_crosswalk_34671094N_86539370W_jpeg.rf.b36980c11c158429c539317b184282d7,coords-in-name,train,text__semantic__road__t0.5_c0.5,text,semantic,road,,positive,0.5,0.0,0.5349438668258382,0.1534643107629228,0.08494853629193957,0.7933279088689992,0.19026604642873726,0.599700927734375,0.32854270935058594,3,0.7646580338478088,0.8705973029136658,False,0
finetuned/ft1/seg_head_best.pt,train_crosswalk_34671094N_86539370W_jpeg.rf.b36980c11c158429c539317b184282d7,coords-in-name,train,text__semantic__road__t0.5_c0.5_fill25,text,semantic,road,,positive,0.5,25.0,0.5337496138532972,0.1845366544343781,0.10441200862497926,0.7933279088689992,0.22443541968788047,0.6042356491088867,0.32854270935058594,3,0.7646580338478088,0.8705973029136658,False,0
finetuned/ft1/seg_head_best.pt,train_crosswalk_34671094N_86539370W_jpeg.rf.b36980c11c158429c539317b184282d7,coords-in-name,train,text__semantic__road__neg-sidewalk+grass+building+tree__t0.3_c0.5,text,semantic,road,sidewalk+grass+building+tree,positive,0.3,0.0,0.4910480409084298,0.24012239585418177,0.13939204663751822,0.8657445077298617,0.27555949004130736,0.6589174270629883,0.32854270935058594,3,0.7646580338478088,0.8705973029136658,False,0
finetuned/ft1/seg_head_best.pt,train_crosswalk_34671094N_86539370W_jpeg.rf.b36980c11c158429c539317b184282d7,coords-in-name,train,text__semantic__road__neg-sidewalk+grass+building+tree__t0.3_c0.5_fill25,text,semantic,road,sidewalk+grass+building+tree,positive,0.3,25.0,0.4863243645657141,0.2707061475283292,0.16043613707165108,0.8657445077298617,0.30709135643988017,0.6653499603271484,0.32854270935058594,3,0.7646580338478088,0.8705973029136658,False,0
finetuned/ft1/seg_head_best.pt,train_crosswalk_34671094N_86539370W_jpeg.rf.b36980c11c158429c539317b184282d7,coords-in-name,train,text__semantic__road__neg-sidewalk+grass+building+tree__t0.4_c0.5,text,semantic,road,sidewalk+grass+building+tree,positive,0.4,0.0,0.5040646916548002,0.2073658336111908,0.11811313801363553,0.8486574450772986,0.24474944889417735,0.6404924392700195,0.32854270935058594,3,0.7646580338478088,0.8705973029136658,False,0
finetuned/ft1/seg_head_best.pt,train_crosswalk_34671094N_86539370W_jpeg.rf.b36980c11c158429c539317b184282d7,coords-in-name,train,text__semantic__road__neg-sidewalk+grass+building+tree__t0.4_c0.5_fill25,text,semantic,road,sidewalk+grass+building+tree,positive,0.4,25.0,0.5010999068573858,0.23599534054607385,0.13705366688047893,0.8486574450772986,0.2761282526808924,0.6443500518798828,0.32854270935058594,3,0.7646580338478088,0.8705973029136658,False,0
finetuned/ft1/seg_head_best.pt,train_crosswalk_34671094N_86539370W_jpeg.rf.b36980c11c158429c539317b184282d7,coords-in-name,train,text__semantic__road__neg-sidewalk+grass+building+tree__t0.5_c0.5,text,semantic,road,sidewalk+grass+building+tree,positive,0.5,0.0,0.5365555743904236,0.15734629964410105,0.08687628161312372,0.8331977217249796,0.17914202299947507,0.5964260101318359,0.32854270935058594,3,0.7646580338478088,0.8705973029136658,False,0
finetuned/ft1/seg_head_best.pt,train_crosswalk_34671094N_86539370W_jpeg.rf.b36980c11c158429c539317b184282d7,coords-in-name,train,text__semantic__road__neg-sidewalk+grass+building+tree__t0.5_c0.5_fill25,text,semantic,road,sidewalk+grass+building+tree,positive,0.5,25.0,0.5353778823840785,0.1906483569611815,0.1076388888888889,0.8331977217249796,0.2166817939738386,0.6009063720703125,0.32854270935058594,3,0.7646580338478088,0.8705973029136658,False,0
finetuned/ft1/seg_head_best.pt,train_crosswalk_34671094N_86539370W_jpeg.rf.b36980c11c158429c539317b184282d7,coords-in-name,train,text__fused__road__t0.3_c0.5,text,fused,road,,positive,0.3,0.0,0.4369078785137599,0.05877061469265367,0.032367269424490135,0.3189585028478438,0.1448964920912159,0.7439870834350586,0.32854270935058594,3,0.7646580338478088,0.8705973029136658,False,0
finetuned/ft1/seg_head_best.pt,train_crosswalk_34671094N_86539370W_jpeg.rf.b36980c11c158429c539317b184282d7,coords-in-name,train,text__fused__road__t0.3_c0.5_fill25,text,fused,road,,positive,0.3,25.0,0.4293939116163487,0.028283220405115543,0.017046146353342263,0.08299430431244914,0.0760450035979965,0.7570486068725586,0.32854270935058594,3,0.7646580338478088,0.8705973029136658,False,0
finetuned/ft1/seg_head_best.pt,train_crosswalk_34671094N_86539370W_jpeg.rf.b36980c11c158429c539317b184282d7,coords-in-name,train,text__fused__road__t0.4_c0.5,text,fused,road,,positive,0.4,0.0,0.4811508775490644,0.12761426845271923,0.07107380202868135,0.6240846216436127,0.2127365730333537,0.6736173629760742,0.32854270935058594,3,0.7646580338478088,0.8705973029136658,False,0
finetuned/ft1/seg_head_best.pt,train_crosswalk_34671094N_86539370W_jpeg.rf.b36980c11c158429c539317b184282d7,coords-in-name,train,text__fused__road__t0.4_c0.5_fill25,text,fused,road,,positive,0.4,25.0,0.4726034223574456,0.10979103292719915,0.06304368160134692,0.4247355573637103,0.1768627645765379,0.6860208511352539,0.32854270935058594,3,0.7646580338478088,0.8705973029136658,False,0
finetuned/ft1/seg_head_best.pt,train_crosswalk_34671094N_86539370W_jpeg.rf.b36980c11c158429c539317b184282d7,coords-in-name,train,text__fused__road__t0.5_c0.5,text,fused,road,,positive,0.5,0.0,0.5349438668258382,0.1534643107629228,0.08494853629193957,0.7933279088689992,0.19026604642873726,0.599700927734375,0.32854270935058594,3,0.7646580338478088,0.8705973029136658,False,0
finetuned/ft1/seg_head_best.pt,train_crosswalk_34671094N_86539370W_jpeg.rf.b36980c11c158429c539317b184282d7,coords-in-name,train,text__fused__road__t0.5_c0.5_fill25,text,fused,road,,positive,0.5,25.0,0.5337496138532972,0.1845366544343781,0.10441200862497926,0.7933279088689992,0.22443541968788047,0.6042356491088867,0.32854270935058594,3,0.7646580338478088,0.8705973029136658,False,0
finetuned/ft1/seg_head_best.pt,train_crosswalk_34671094N_86539370W_jpeg.rf.b36980c11c158429c539317b184282d7,coords-in-name,train,text__fused__road__neg-sidewalk+grass+building+tree__t0.3_c0.5,text,fused,road,sidewalk+grass+building+tree,positive,0.3,0.0,0.4910480409084298,0.24012239585418177,0.13939204663751822,0.8657445077298617,0.27555949004130736,0.6589174270629883,0.32854270935058594,3,0.7646580338478088,0.8705973029136658,False,0
finetuned/ft1/seg_head_best.pt,train_crosswalk_34671094N_86539370W_jpeg.rf.b36980c11c158429c539317b184282d7,coords-in-name,train,text__fused__road__neg-sidewalk+grass+building+tree__t0.3_c0.5_fill25,text,fused,road,sidewalk+grass+building+tree,positive,0.3,25.0,0.4863243645657141,0.2707061475283292,0.16043613707165108,0.8657445077298617,0.30709135643988017,0.6653499603271484,0.32854270935058594,3,0.7646580338478088,0.8705973029136658,False,0
finetuned/ft1/seg_head_best.pt,train_crosswalk_34671094N_86539370W_jpeg.rf.b36980c11c158429c539317b184282d7,coords-in-name,train,text__fused__road__neg-sidewalk+grass+building+tree__t0.4_c0.5,text,fused,road,sidewalk+grass+building+tree,positive,0.4,0.0,0.5040646916548002,0.2073658336111908,0.11811313801363553,0.8486574450772986,0.24474944889417735,0.6404924392700195,0.32854270935058594,3,0.7646580338478088,0.8705973029136658,False,0
finetuned/ft1/seg_head_best.pt,train_crosswalk_34671094N_86539370W_jpeg.rf.b36980c11c158429c539317b184282d7,coords-in-name,train,text__fused__road__neg-sidewalk+grass+building+tree__t0.4_c0.5_fill25,text,fused,road,sidewalk+grass+building+tree,positive,0.4,25.0,0.5010999068573858,0.23599534054607385,0.13705366688047893,0.8486574450772986,0.2761282526808924,0.6443500518798828,0.32854270935058594,3,0.7646580338478088,0.8705973029136658,False,0
finetuned/ft1/seg_head_best.pt,train_crosswalk_34671094N_86539370W_jpeg.rf.b36980c11c158429c539317b184282d7,coords-in-name,train,text__fused__road__neg-sidewalk+grass+building+tree__t0.5_c0.5,text,fused,road,sidewalk+grass+building+tree,positive,0.5,0.0,0.5365555743904236,0.15734629964410105,0.08687628161312372,0.8331977217249796,0.17914202299947507,0.5964260101318359,0.32854270935058594,3,0.7646580338478088,0.8705973029136658,False,0
finetuned/ft1/seg_head_best.pt,train_crosswalk_34671094N_86539370W_jpeg.rf.b36980c11c158429c539317b184282d7,coords-in-name,train,text__fused__road__neg-sidewalk+grass+building+tree__t0.5_c0.5_fill25,text,fused,road,sidewalk+grass+building+tree,positive,0.5,25.0,0.5353778823840785,0.1906483569611815,0.1076388888888889,0.8331977217249796,0.2166817939738386,0.6009063720703125,0.32854270935058594,3,0.7646580338478088,0.8705973029136658,False,0
finetuned/ft1/seg_head_best.pt,train_crosswalk_41254483N_96004914W_jpeg.rf.a907c0ac1187d0c6f5ed4f41bb245726,coords-in-name,train,text__semantic__road__t0.3_c0.5,text,semantic,road,,positive,0.3,0.0,0.7440183699422918,0.4877116027540611,0.4412218980607517,0.5451519857998669,0.6697333713736936,0.30704402923583984,0.2984914779663086,1,0.5583111047744751,0.6951311230659485,False,0
finetuned/ft1/seg_head_best.pt,train_crosswalk_41254483N_96004914W_jpeg.rf.a907c0ac1187d0c6f5ed4f41bb245726,coords-in-name,train,text__semantic__road__t0.3_c0.5_fill25,text,semantic,road,,positive,0.3,25.0,0.7440225228318341,0.48753817143842465,0.4409380927746163,0.5451519857998669,0.6696849329198005,0.3070487976074219,0.2984914779663086,1,0.5583111047744751,0.6951311230659485,False,0
finetuned/ft1/seg_head_best.pt,train_crosswalk_41254483N_96004914W_jpeg.rf.a907c0ac1187d0c6f5ed4f41bb245726,coords-in-name,train,text__semantic__road__t0.4_c0.5,text,semantic,road,,positive,0.4,0.0,0.7381027418846517,0.45511366771645917,0.41040056219255094,0.5107610383847349,0.6393137367932182,0.2958335876464844,0.2984914779663086,1,0.5583111047744751,0.6951311230659485,False,0
finetuned/ft1/seg_head_best.pt,train_crosswalk_41254483N_96004914W_jpeg.rf.a907c0ac1187d0c6f5ed4f41bb245726,coords-in-name,train,text__semantic__road__t0.4_c0.5_fill25,text,semantic,road,,positive,0.4,25.0,0.7380727958236659,0.4572343344109186,0.41400819818214224,0.5105391613046373,0.6414759174009101,0.2958946228027344,0.2984914779663086,1,0.5583111047744751,0.6951311230659485,False,0
finetuned/ft1/seg_head_best.pt,train_crosswalk_41254483N_96004914W_jpeg.rf.a907c0ac1187d0c6f5ed4f41bb245726,coords-in-name,train,text__semantic__road__t0.5_c0.5,text,semantic,road,,positive,0.5,0.0,0.7503969754253308,0.49557500695812196,0.475689620956539,0.517195473707566,0.6376608224435178,0.2755002975463867,0.2984914779663086,1,0.5583111047744751,0.6951311230659485,False,0
finetuned/ft1/seg_head_best.pt,train_crosswalk_41254483N_96004914W_jpeg.rf.a907c0ac1187d0c6f5ed4f41bb245726,coords-in-name,train,text__semantic__road__t0.5_c0.5_fill25,text,semantic,road,,positive,0.5,25.0,0.7457208333212922,0.47381256871260685,0.4371444301706735,0.517195473707566,0.6064642340335046,0.27760791778564453,0.2984914779663086,1,0.5583111047744751,0.6951311230659485,False,0
finetuned/ft1/seg_head_best.pt,train_crosswalk_41254483N_96004914W_jpeg.rf.a907c0ac1187d0c6f5ed4f41bb245726,coords-in-name,train,text__semantic__road__neg-sidewalk+grass+building+tree__t0.3_c0.5,text,semantic,road,sidewalk+grass+building+tree,positive,0.3,0.0,0.7668332911013338,0.49771433716556013,0.4578715919085312,0.5451519857998669,0.724734922914178,0.2866830825805664,0.2984914779663086,1,0.5583111047744751,0.6951311230659485,False,0
finetuned/ft1/seg_head_best.pt,train_crosswalk_41254483N_96004914W_jpeg.rf.a907c0ac1187d0c6f5ed4f41bb245726,coords-in-name,train,text__semantic__road__neg-sidewalk+grass+building+tree__t0.3_c0.5_fill25,text,semantic,road,sidewalk+grass+building+tree,positive,0.3,25.0,0.766462723248974,0.4952225576636399,0.4616521899833672,0.5340581317949856,0.7135198619947293,0.28688716888427734,0.2984914779663086,1,0.5583111047744751,0.6951311230659485,False,0
finetuned/ft1/seg_head_best.pt,train_crosswalk_41254483N_96004914W_jpeg.rf.a907c0ac1187d0c6f5ed4f41bb245726,coords-in-name,train,text__semantic__road__neg-sidewalk+grass+building+tree__t0.4_c0.5,text,semantic,road,sidewalk+grass+building+tree,positive,0.4,0.0,0.7628159231957702,0.4787015862714358,0.44374537379718726,0.5196361215886399,0.7002036812939136,0.28147411346435547,0.2984914779663086,1,0.5583111047744751,0.6951311230659485,False,0
finetuned/ft1/seg_head_best.pt,train_crosswalk_41254483N_96004914W_jpeg.rf.a907c0ac1187d0c6f5ed4f41bb245726,coords-in-name,train,text__semantic__road__neg-sidewalk+grass+building+tree__t0.4_c0.5_fill25,text,semantic,road,sidewalk+grass+building+tree,positive,0.4,25.0,0.7625213687595979,0.4778817046311527,0.44829589465530595,0.5116485467051254,0.6891870952400904,0.2816276550292969,0.2984914779663086,1,0.5583111047744751,0.6951311230659485,False,0
finetuned/ft1/seg_head_best.pt,train_crosswalk_41254483N_96004914W_jpeg.rf.a907c0ac1187d0c6f5ed4f41bb245726,coords-in-name,train,text__semantic__road__neg-sidewalk+grass+building+tree__t0.5_c0.5,text,semantic,road,sidewalk+grass+building+tree,positive,0.5,0.0,0.7553567975813114,0.4940657463761464,0.4624768946395564,0.5302862214333259,0.6718593206929714,0.27292823791503906,0.2984914779663086,1,0.5583111047744751,0.6951311230659485,False,0
finetuned/ft1/seg_head_best.pt,train_crosswalk_41254483N_96004914W_jpeg.rf.a907c0ac1187d0c6f5ed4f41bb245726,coords-in-name,train,text__semantic__road__neg-sidewalk+grass+building+tree__t0.5_c0.5_fill25,text,semantic,road,sidewalk+grass+building+tree,positive,0.5,25.0,0.7551208656056457,0.49563098927119603,0.4715542521994135,0.5222986465498114,0.6589665417027826,0.27310752868652344,0.2984914779663086,1,0.5583111047744751,0.6951311230659485,False,0
finetuned/ft1/seg_head_best.pt,train_crosswalk_41254483N_96004914W_jpeg.rf.a907c0ac1187d0c6f5ed4f41bb245726,coords-in-name,train,text__fused__road__t0.3_c0.5,text,fused,road,,positive,0.3,0.0,0.7440183699422918,0.4877116027540611,0.4412218980607517,0.5451519857998669,0.6697333713736936,0.30704402923583984,0.2984914779663086,1,0.5583111047744751,0.6951311230659485,False,0
finetuned/ft1/seg_head_best.pt,train_crosswalk_41254483N_96004914W_jpeg.rf.a907c0ac1187d0c6f5ed4f41bb245726,coords-in-name,train,text__fused__road__t0.3_c0.5_fill25,text,fused,road,,positive,0.3,25.0,0.7440225228318341,0.48753817143842465,0.4409380927746163,0.5451519857998669,0.6696849329198005,0.3070487976074219,0.2984914779663086,1,0.5583111047744751,0.6951311230659485,False,0
finetuned/ft1/seg_head_best.pt,train_crosswalk_41254483N_96004914W_jpeg.rf.a907c0ac1187d0c6f5ed4f41bb245726,coords-in-name,train,text__fused__road__t0.4_c0.5,text,fused,road,,positive,0.4,0.0,0.7381027418846517,0.45511366771645917,0.41040056219255094,0.5107610383847349,0.6393137367932182,0.2958335876464844,0.2984914779663086,1,0.5583111047744751,0.6951311230659485,False,0
finetuned/ft1/seg_head_best.pt,train_crosswalk_41254483N_96004914W_jpeg.rf.a907c0ac1187d0c6f5ed4f41bb245726,coords-in-name,train,text__fused__road__t0.4_c0.5_fill25,text,fused,road,,positive,0.4,25.0,0.7380727958236659,0.4572343344109186,0.41400819818214224,0.5105391613046373,0.6414759174009101,0.2958946228027344,0.2984914779663086,1,0.5583111047744751,0.6951311230659485,False,0
finetuned/ft1/seg_head_best.pt,train_crosswalk_41254483N_96004914W_jpeg.rf.a907c0ac1187d0c6f5ed4f41bb245726,coords-in-name,train,text__fused__road__t0.5_c0.5,text,fused,road,,positive,0.5,0.0,0.7503969754253308,0.49557500695812196,0.475689620956539,0.517195473707566,0.6376608224435178,0.2755002975463867,0.2984914779663086,1,0.5583111047744751,0.6951311230659485,False,0
finetuned/ft1/seg_head_best.pt,train_crosswalk_41254483N_96004914W_jpeg.rf.a907c0ac1187d0c6f5ed4f41bb245726,coords-in-name,train,text__fused__road__t0.5_c0.5_fill25,text,fused,road,,positive,0.5,25.0,0.7457208333212922,0.47381256871260685,0.4371444301706735,0.517195473707566,0.6064642340335046,0.27760791778564453,0.2984914779663086,1,0.5583111047744751,0.6951311230659485,False,0
finetuned/ft1/seg_head_best.pt,train_crosswalk_41254483N_96004914W_jpeg.rf.a907c0ac1187d0c6f5ed4f41bb245726,coords-in-name,train,text__fused__road__neg-sidewalk+grass+building+tree__t0.3_c0.5,text,fused,road,sidewalk+grass+building+tree,positive,0.3,0.0,0.7668332911013338,0.49771433716556013,0.4578715919085312,0.5451519857998669,0.724734922914178,0.2866830825805664,0.2984914779663086,1,0.5583111047744751,0.6951311230659485,False,0
finetuned/ft1/seg_head_best.pt,train_crosswalk_41254483N_96004914W_jpeg.rf.a907c0ac1187d0c6f5ed4f41bb245726,coords-in-name,train,text__fused__road__neg-sidewalk+grass+building+tree__t0.3_c0.5_fill25,text,fused,road,sidewalk+grass+building+tree,positive,0.3,25.0,0.766462723248974,0.4952225576636399,0.4616521899833672,0.5340581317949856,0.7135198619947293,0.28688716888427734,0.2984914779663086,1,0.5583111047744751,0.6951311230659485,False,0
finetuned/ft1/seg_head_best.pt,train_crosswalk_41254483N_96004914W_jpeg.rf.a907c0ac1187d0c6f5ed4f41bb245726,coords-in-name,train,text__fused__road__neg-sidewalk+grass+building+tree__t0.4_c0.5,text,fused,road,sidewalk+grass+building+tree,positive,0.4,0.0,0.7628159231957702,0.4787015862714358,0.44374537379718726,0.5196361215886399,0.7002036812939136,0.28147411346435547,0.2984914779663086,1,0.5583111047744751,0.6951311230659485,False,0
finetuned/ft1/seg_head_best.pt,train_crosswalk_41254483N_96004914W_jpeg.rf.a907c0ac1187d0c6f5ed4f41bb245726,coords-in-name,train,text__fused__road__neg-sidewalk+grass+building+tree__t0.4_c0.5_fill25,text,fused,road,sidewalk+grass+building+tree,positive,0.4,25.0,0.7625213687595979,0.4778817046311527,0.44829589465530595,0.5116485467051254,0.6891870952400904,0.2816276550292969,0.2984914779663086,1,0.5583111047744751,0.6951311230659485,False,0
finetuned/ft1/seg_head_best.pt,train_crosswalk_41254483N_96004914W_jpeg.rf.a907c0ac1187d0c6f5ed4f41bb245726,coords-in-name,train,text__fused__road__neg-sidewalk+grass+building+tree__t0.5_c0.5,text,fused,road,sidewalk+grass+building+tree,positive,0.5,0.0,0.7553567975813114,0.4940657463761464,0.4624768946395564,0.5302862214333259,0.6718593206929714,0.27292823791503906,0.2984914779663086,1,0.5583111047744751,0.6951311230659485,False,0
finetuned/ft1/seg_head_best.pt,train_crosswalk_41254483N_96004914W_jpeg.rf.a907c0ac1187d0c6f5ed4f41bb245726,coords-in-name,train,text__fused__road__neg-sidewalk+grass+building+tree__t0.5_c0.5_fill25,text,fused,road,sidewalk+grass+building+tree,positive,0.5,25.0,0.7551208656056457,0.49563098927119603,0.4715542521994135,0.5222986465498114,0.6589665417027826,0.27310752868652344,0.2984914779663086,1,0.5583111047744751,0.6951311230659485,False,0
finetuned/ft1/seg_head_best.pt,train_crosswalk_33692517N_117790999W_jpeg.rf.12de9993ebdba121d92cb015d8fb1100,coords-in-name,train,text__semantic__road__t0.3_c0.5,text,semantic,road,,positive,0.3,0.0,0.7050287491015905,0.6158927273566287,0.4643856525057237,0.9141301658005444,0.6371724344676682,0.22417736053466797,0.19210243225097656,0,0.4568803310394287,0.6160122752189636,False,0
finetuned/ft1/seg_head_best.pt,train_crosswalk_33692517N_117790999W_jpeg.rf.12de9993ebdba121d92cb015d8fb1100,coords-in-name,train,text__semantic__road__t0.3_c0.5_fill25,text,semantic,road,,positive,0.3,25.0,0.7048250169867464,0.6217663833530215,0.4710967741935484,0.9141301658005444,0.6432411573427976,0.22424793243408203,0.19210243225097656,0,0.4568803310394287,0.6160122752189636,False,0
finetuned/ft1/seg_head_best.pt,train_crosswalk_33692517N_117790999W_jpeg.rf.12de9993ebdba121d92cb015d8fb1100,coords-in-name,train,text__semantic__road__t0.4_c0.5,text,semantic,road,,positive,0.4,0.0,0.7440686521958607,0.6697646210698006,0.526604973973395,0.9198218262806236,0.6921122824235262,0.2032909393310547,0.19210243225097656,0,0.4568803310394287,0.6160122752189636,False,0
finetuned/ft1/seg_head_best.pt,train_crosswalk_33692517N_117790999W_jpeg.rf.12de9993ebdba121d92cb015d8fb1100,coords-in-name,train,text__semantic__road__t0.4_c0.5_fill25,text,semantic,road,,positive,0.4,25.0,0.7439622466919589,0.6747279257763664,0.5327677004095962,0.9198218262806236,0.6972295799415168,0.2033233642578125,0.19210243225097656,0,0.4568803310394287,0.6160122752189636,False,0
finetuned/ft1/seg_head_best.pt,train_crosswalk_33692517N_117790999W_jpeg.rf.12de9993ebdba121d92cb015d8fb1100,coords-in-name,train,text__semantic__road__t0.5_c0.5,text,semantic,road,,positive,0.5,0.0,0.7446672882201166,0.6531405870193638,0.5029546946815495,0.931205147240782,0.6821671421672553,0.1915884017944336,0.19210243225097656,0,0.4568803310394287,0.6160122752189636,False,0
finetuned/ft1/seg_head_best.pt,train_crosswalk_33692517N_117790999W_jpeg.rf.12de9993ebdba121d92cb015d8fb1100,coords-in-name,train,text__semantic__road__t0.5_c0.5_fill25,text,semantic,road,,positive,0.5,25.0,0.7491863171261284,0.6987902460182618,0.5598444045481747,0.9294729027468448,0.7265047085242443,0.1928091049194336,0.19210243225097656,0,0.4568803310394287,0.6160122752189636,False,0
finetuned/ft1/seg_head_best.pt,train_crosswalk_33692517N_117790999W_jpeg.rf.12de9993ebdba121d92cb015d8fb1100,coords-in-name,train,text__semantic__road__neg-sidewalk+grass+building+tree__t0.3_c0.5,text,semantic,road,sidewalk+grass+building+tree,positive,0.3,0.0,0.7843446905391712,0.6928542685404809,0.5472345290838931,0.9440732491957436,0.719269329301974,0.1958150863647461,0.19210243225097656,0,0.4568803310394287,0.6160122752189636,False,0
finetuned/ft1/seg_head_best.pt,train_crosswalk_33692517N_117790999W_jpeg.rf.12de9993ebdba121d92cb015d8fb1100,coords-in-name,train,text__semantic__road__neg-sidewalk+grass+building+tree__t0.3_c0.5_fill25,text,semantic,road,sidewalk+grass+building+tree,positive,0.3,25.0,0.7839578428664746,0.6952708134497996,0.5553400954653938,0.9294729027468448,0.7241874300418276,0.19596576690673828,0.19210243225097656,0,0.4568803310394287,0.6160122752189636,False,0
finetuned/ft1/seg_head_best.pt,train_crosswalk_33692517N_117790999W_jpeg.rf.12de9993ebdba121d92cb015d8fb1100,coords-in-name,train,text__semantic__road__neg-sidewalk+grass+building+tree__t0.4_c0.5,text,semantic,road,sidewalk+grass+building+tree,positive,0.4,0.0,0.7732196510463338,0.7061171585106463,0.5645876441028673,0.9423410047018065,0.7318585748737683,0.19287395477294922,0.19210243225097656,0,0.4568803310394287,0.6160122752189636,False,0
finetuned/ft1/seg_head_best.pt,train_crosswalk_33692517N_117790999W_jpeg.rf.12de9993ebdba121d92cb015d8fb1100,coords-in-name,train,text__semantic__road__neg-sidewalk+grass+building+tree__t0.4_c0.5_fill25,text,semantic,road,sidewalk+grass+building+tree,positive,0.4,25.0,0.7728390183941349,0.7098242462389656,0.5737679592152016,0.9304627567433803,0.7373904592685667,0.1930246353149414,0.19210243225097656,0,0.4568803310394287,0.6160122752189636,False,0
finetuned/ft1/seg_head_best.pt,train_crosswalk_33692517N_117790999W_jpeg.rf.12de9993ebdba121d92cb015d8fb1100,coords-in-name,train,text__semantic__road__neg-sidewalk+grass+building+tree__t0.5_c0.5,text,semantic,road,sidewalk+grass+building+tree,positive,0.5,0.0,0.7563759869436726,0.6466641717134421,0.49222082810539525,0.9423410047018065,0.6790728551783891,0.1876392364501953,0.19210243225097656,0,0.4568803310394287,0.6160122752189636,False,0
finetuned/ft1/seg_head_best.pt,train_crosswalk_33692517N_117790999W_jpeg.rf.12de9993ebdba121d92cb015d8fb1100,coords-in-name,train,text__semantic__road__neg-sidewalk+grass+building+tree__t0.5_c0.5_fill25,text,semantic,road,sidewalk+grass+building+tree,positive,0.5,25.0,0.7606752118298663,0.6968874752457105,0.5558159976560211,0.9339272457312546,0.7282895015878819,0.18897342681884766,0.19210243225097656,0,0.4568803310394287,0.6160122752189636,False,0
finetuned/ft1/seg_head_best.pt,train_crosswalk_33692517N_117790999W_jpeg.rf.12de9993ebdba121d92cb015d8fb1100,coords-in-name,train,text__fused__road__t0.3_c0.5,text,fused,road,,positive,0.3,0.0,0.7050287491015905,0.6158927273566287,0.4643856525057237,0.9141301658005444,0.6371724344676682,0.22417736053466797,0.19210243225097656,0,0.4568803310394287,0.6160122752189636,False,0
finetuned/ft1/seg_head_best.pt,train_crosswalk_33692517N_117790999W_jpeg.rf.12de9993ebdba121d92cb015d8fb1100,coords-in-name,train,text__fused__road__t0.3_c0.5_fill25,text,fused,road,,positive,0.3,25.0,0.7048250169867464,0.6217663833530215,0.4710967741935484,0.9141301658005444,0.6432411573427976,0.22424793243408203,0.19210243225097656,0,0.4568803310394287,0.6160122752189636,False,0
finetuned/ft1/seg_head_best.pt,train_crosswalk_33692517N_117790999W_jpeg.rf.12de9993ebdba121d92cb015d8fb1100,coords-in-name,train,text__fused__road__t0.4_c0.5,text,fused,road,,positive,0.4,0.0,0.7440686521958607,0.6697646210698006,0.526604973973395,0.9198218262806236,0.6921122824235262,0.2032909393310547,0.19210243225097656,0,0.4568803310394287,0.6160122752189636,False,0
finetuned/ft1/seg_head_best.pt,train_crosswalk_33692517N_117790999W_jpeg.rf.12de9993ebdba121d92cb015d8fb1100,coords-in-name,train,text__fused__road__t0.4_c0.5_fill25,text,fused,road,,positive,0.4,25.0,0.7439622466919589,0.6747279257763664,0.5327677004095962,0.9198218262806236,0.6972295799415168,0.2033233642578125,0.19210243225097656,0,0.4568803310394287,0.6160122752189636,False,0
finetuned/ft1/seg_head_best.pt,train_crosswalk_33692517N_117790999W_jpeg.rf.12de9993ebdba121d92cb015d8fb1100,coords-in-name,train,text__fused__road__t0.5_c0.5,text,fused,road,,positive,0.5,0.0,0.7446672882201166,0.6531405870193638,0.5029546946815495,0.931205147240782,0.6821671421672553,0.1915884017944336,0.19210243225097656,0,0.4568803310394287,0.6160122752189636,False,0
finetuned/ft1/seg_head_best.pt,train_crosswalk_33692517N_117790999W_jpeg.rf.12de9993ebdba121d92cb015d8fb1100,coords-in-name,train,text__fused__road__t0.5_c0.5_fill25,text,fused,road,,positive,0.5,25.0,0.7491863171261284,0.6987902460182618,0.5598444045481747,0.9294729027468448,0.7265047085242443,0.1928091049194336,0.19210243225097656,0,0.4568803310394287,0.6160122752189636,False,0
finetuned/ft1/seg_head_best.pt,train_crosswalk_33692517N_117790999W_jpeg.rf.12de9993ebdba121d92cb015d8fb1100,coords-in-name,train,text__fused__road__neg-sidewalk+grass+building+tree__t0.3_c0.5,text,fused,road,sidewalk+grass+building+tree,positive,0.3,0.0,0.7843446905391712,0.6928542685404809,0.5472345290838931,0.9440732491957436,0.719269329301974,0.1958150863647461,0.19210243225097656,0,0.4568803310394287,0.6160122752189636,False,0
finetuned/ft1/seg_head_best.pt,train_crosswalk_33692517N_117790999W_jpeg.rf.12de9993ebdba121d92cb015d8fb1100,coords-in-name,train,text__fused__road__neg-sidewalk+grass+building+tree__t0.3_c0.5_fill25,text,fused,road,sidewalk+grass+building+tree,positive,0.3,25.0,0.7839578428664746,0.6952708134497996,0.5553400954653938,0.9294729027468448,0.7241874300418276,0.19596576690673828,0.19210243225097656,0,0.4568803310394287,0.6160122752189636,False,0
finetuned/ft1/seg_head_best.pt,train_crosswalk_33692517N_117790999W_jpeg.rf.12de9993ebdba121d92cb015d8fb1100,coords-in-name,train,text__fused__road__neg-sidewalk+grass+building+tree__t0.4_c0.5,text,fused,road,sidewalk+grass+building+tree,positive,0.4,0.0,0.7732196510463338,0.7061171585106463,0.5645876441028673,0.9423410047018065,0.7318585748737683,0.19287395477294922,0.19210243225097656,0,0.4568803310394287,0.6160122752189636,False,0
finetuned/ft1/seg_head_best.pt,train_crosswalk_33692517N_117790999W_jpeg.rf.12de9993ebdba121d92cb015d8fb1100,coords-in-name,train,text__fused__road__neg-sidewalk+grass+building+tree__t0.4_c0.5_fill25,text,fused,road,sidewalk+grass+building+tree,positive,0.4,25.0,0.7728390183941349,0.7098242462389656,0.5737679592152016,0.9304627567433803,0.7373904592685667,0.1930246353149414,0.19210243225097656,0,0.4568803310394287,0.6160122752189636,False,0
finetuned/ft1/seg_head_best.pt,train_crosswalk_33692517N_117790999W_jpeg.rf.12de9993ebdba121d92cb015d8fb1100,coords-in-name,train,text__fused__road__neg-sidewalk+grass+building+tree__t0.5_c0.5,text,fused,road,sidewalk+grass+building+tree,positive,0.5,0.0,0.7563759869436726,0.6466641717134421,0.49222082810539525,0.9423410047018065,0.6790728551783891,0.1876392364501953,0.19210243225097656,0,0.4568803310394287,0.6160122752189636,False,0
finetuned/ft1/seg_head_best.pt,train_crosswalk_33692517N_117790999W_jpeg.rf.12de9993ebdba121d92cb015d8fb1100,coords-in-name,train,text__fused__road__neg-sidewalk+grass+building+tree__t0.5_c0.5_fill25,text,fused,road,sidewalk+grass+building+tree,positive,0.5,25.0,0.7606752118298663,0.6968874752457105,0.5558159976560211,0.9339272457312546,0.7282895015878819,0.18897342681884766,0.19210243225097656,0,0.4568803310394287,0.6160122752189636,False,0
finetuned/ft1/seg_head_best.pt,train_crosswalk_42330843N_71104380W_jpeg.rf.35cc73e2bb28d354b23805683cf8f459,coords-in-name,train,text__semantic__road__t0.3_c0.5,text,semantic,road,,positive,0.3,0.0,0.8521747099470298,0.5827967076846776,0.4785597381342062,0.7450870297585626,0.7539633206691682,0.24518203735351562,0.23667526245117188,2,0.7161011099815369,0.929440438747406,False,0
finetuned/ft1/seg_head_best.pt,train_crosswalk_42330843N_71104380W_jpeg.rf.35cc73e2bb28d354b23805683cf8f459,coords-in-name,train,text__semantic__road__t0.3_c0.5_fill25,text,semantic,road,,positive,0.3,25.0,0.8532487614692346,0.592461023568937,0.49882903981264637,0.729365524985963,0.758387373700075,0.24565410614013672,0.23667526245117188,2,0.7161011099815369,0.929440438747406,False,0
finetuned/ft1/seg_head_best.pt,train_crosswalk_42330843N_71104380W_jpeg.rf.35cc73e2bb28d354b23805683cf8f459,coords-in-name,train,text__semantic__road__t0.4_c0.5,text,semantic,road,,positive,0.4,0.0,0.8600460354957902,0.6386997020409297,0.5525914634146342,0.7565974171813588,0.7727979178976015,0.23188400268554688,0.23667526245117188,2,0.7161011099815369,0.929440438747406,False,0
finetuned/ft1/seg_head_best.pt,train_crosswalk_42330843N_71104380W_jpeg.rf.35cc73e2bb28d354b23805683cf8f459,coords-in-name,train,text__semantic__road__t0.4_c0.5_fill25,text,semantic,road,,positive,0.4,25.0,0.8594497132899646,0.6477940624338696,0.576,0.7400336889387984,0.776428620948646,0.23245906829833984,0.23667526245117188,2,0.7161011099815369,0.929440438747406,False,0
finetuned/ft1/seg_head_best.pt,train_crosswalk_42330843N_71104380W_jpeg.rf.35cc73e2bb28d354b23805683cf8f459,coords-in-name,train,text__semantic__road__t0.5_c0.5,text,semantic,road,,positive,0.5,0.0,0.8579647719406199,0.6533987732810992,0.5677327357914036,0.7695115103874228,0.7675931713087687,0.22405242919921875,0.23667526245117188,2,0.7161011099815369,0.929440438747406,False,0
finetuned/ft1/seg_head_best.pt,train_crosswalk_42330843N_71104380W_jpeg.rf.35cc73e2bb28d354b23805683cf8f459,coords-in-name,train,text__semantic__road__t0.5_c0.5_fill25,text,semantic,road,,positive,0.5,25.0,0.8599472413209666,0.6646341363046032,0.596094778411584,0.7509825940482875,0.7795308970586056,0.22460079193115234,0.23667526245117188,2,0.7161011099815369,0.929440438747406,False,0
finetuned/ft1/seg_head_best.pt,train_crosswalk_42330843N_71104380W_jpeg.rf.35cc73e2bb28d354b23805683cf8f459,coords-in-name,train,text__semantic__road__neg-sidewalk+grass+building+tree__t0.3_c0.5,text,semantic,road,sidewalk+grass+building+tree,positive,0.3,0.0,0.8575401921797391,0.7420907120205552,0.6910776361529548,0.8012352610892757,0.8105393487651888,0.2212686538696289,0.23667526245117188,2,0.7161011099815369,0.929440438747406,False,0
finetuned/ft1/seg_head_best.pt,train_crosswalk_42330843N_71104380W_jpeg.rf.35cc73e2bb28d354b23805683cf8f459,coords-in-name,train,text__semantic__road__neg-sidewalk+grass+building+tree__t0.3_c0.5_fill25,text,semantic,road,sidewalk+grass+building+tree,positive,0.3,25.0,0.8581943214298147,0.7511249567324334,0.7142857142857143,0.791970802919708,0.8150894341438948,0.22150611877441406,0.23667526245117188,2,0.7161011099815369,0.929440438747406,False,0
finetuned/ft1/seg_head_best.pt,train_crosswalk_42330843N_71104380W_jpeg.rf.35cc73e2bb28d354b23805683cf8f459,coords-in-name,train,text__semantic__road__neg-sidewalk+grass+building+tree__t0.4_c0.5,text,semantic,road,sidewalk+grass+building+tree,positive,0.4,0.0,0.8575283450238735,0.7350327348419682,0.6791370208859306,0.8009545199326221,0.8077319445474314,0.21892738342285156,0.23667526245117188,2,0.7161011099815369,0.929440438747406,False,0
finetuned/ft1/seg_head_best.pt,train_crosswalk_42330843N_71104380W_jpeg.rf.35cc73e2bb28d354b23805683cf8f459,coords-in-name,train,text__semantic__road__neg-sidewalk+grass+building+tree__t0.4_c0.5_fill25,text,semantic,road,sidewalk+grass+building+tree,positive,0.4,25.0,0.8579902587684689,0.7381080178455728,0.6921776919362627,0.7905670971364402,0.8148348088786547,0.2191629409790039,0.23667526245117188,2,0.7161011099815369,0.929440438747406,False,0
finetuned/ft1/seg_head_best.pt,train_crosswalk_42330843N_71104380W_jpeg.rf.35cc73e2bb28d354b23805683cf8f459,coords-in-name,train,text__semantic__road__neg-sidewalk+grass+building+tree__t0.5_c0.5,text,semantic,road,sidewalk+grass+building+tree,positive,0.5,0.0,0.8543475626204615,0.7156035126021274,0.6509626274065685,0.7944974733295901,0.7841213705581257,0.2156696319580078,0.23667526245117188,2,0.7161011099815369,0.929440438747406,False,0
finetuned/ft1/seg_head_best.pt,train_crosswalk_42330843N_71104380W_jpeg.rf.35cc73e2bb28d354b23805683cf8f459,coords-in-name,train,text__semantic__road__neg-sidewalk+grass+building+tree__t0.5_c0.5_fill25,text,semantic,road,sidewalk+grass+building+tree,positive,0.5,25.0,0.8561833947098882,0.7248670461198549,0.6743626743626744,0.7835485682201011,0.7907103359953901,0.21613693237304688,0.23667526245117188,2,0.7161011099815369,0.929440438747406,False,0
finetuned/ft1/seg_head_best.pt,train_crosswalk_42330843N_71104380W_jpeg.rf.35cc73e2bb28d354b23805683cf8f459,coords-in-name,train,text__fused__road__t0.3_c0.5,text,fused,road,,positive,0.3,0.0,0.8521747099470298,0.5827967076846776,0.4785597381342062,0.7450870297585626,0.7539633206691682,0.24518203735351562,0.23667526245117188,2,0.7161011099815369,0.929440438747406,False,0
finetuned/ft1/seg_head_best.pt,train_crosswalk_42330843N_71104380W_jpeg.rf.35cc73e2bb28d354b23805683cf8f459,coords-in-name,train,text__fused__road__t0.3_c0.5_fill25,text,fused,road,,positive,0.3,25.0,0.8532487614692346,0.592461023568937,0.49882903981264637,0.729365524985963,0.758387373700075,0.24565410614013672,0.23667526245117188,2,0.7161011099815369,0.929440438747406,False,0
finetuned/ft1/seg_head_best.pt,train_crosswalk_42330843N_71104380W_jpeg.rf.35cc73e2bb28d354b23805683cf8f459,coords-in-name,train,text__fused__road__t0.4_c0.5,text,fused,road,,positive,0.4,0.0,0.8600460354957902,0.6386997020409297,0.5525914634146342,0.7565974171813588,0.7727979178976015,0.23188400268554688,0.23667526245117188,2,0.7161011099815369,0.929440438747406,False,0
finetuned/ft1/seg_head_best.pt,train_crosswalk_42330843N_71104380W_jpeg.rf.35cc73e2bb28d354b23805683cf8f459,coords-in-name,train,text__fused__road__t0.4_c0.5_fill25,text,fused,road,,positive,0.4,25.0,0.8594497132899646,0.6477940624338696,0.576,0.7400336889387984,0.776428620948646,0.23245906829833984,0.23667526245117188,2,0.7161011099815369,0.929440438747406,False,0
finetuned/ft1/seg_head_best.pt,train_crosswalk_42330843N_71104380W_jpeg.rf.35cc73e2bb28d354b23805683cf8f459,coords-in-name,train,text__fused__road__t0.5_c0.5,text,fused,road,,positive,0.5,0.0,0.8579647719406199,0.6533987732810992,0.5677327357914036,0.7695115103874228,0.7675931713087687,0.22405242919921875,0.23667526245117188,2,0.7161011099815369,0.929440438747406,False,0
finetuned/ft1/seg_head_best.pt,train_crosswalk_42330843N_71104380W_jpeg.rf.35cc73e2bb28d354b23805683cf8f459,coords-in-name,train,text__fused__road__t0.5_c0.5_fill25,text,fused,road,,positive,0.5,25.0,0.8599472413209666,0.6646341363046032,0.596094778411584,0.7509825940482875,0.7795308970586056,0.22460079193115234,0.23667526245117188,2,0.7161011099815369,0.929440438747406,False,0
finetuned/ft1/seg_head_best.pt,train_crosswalk_42330843N_71104380W_jpeg.rf.35cc73e2bb28d354b23805683cf8f459,coords-in-name,train,text__fused__road__neg-sidewalk+grass+building+tree__t0.3_c0.5,text,fused,road,sidewalk+grass+building+tree,positive,0.3,0.0,0.8576944803411,0.7415521640768503,0.6901441190144119,0.8012352610892757,0.8101642275067673,0.22121810913085938,0.23667526245117188,2,0.7161011099815369,0.929440438747406,False,0
finetuned/ft1/seg_head_best.pt,train_crosswalk_42330843N_71104380W_jpeg.rf.35cc73e2bb28d354b23805683cf8f459,coords-in-name,train,text__fused__road__neg-sidewalk+grass+building+tree__t0.3_c0.5_fill25,text,fused,road,sidewalk+grass+building+tree,positive,0.3,25.0,0.8583487104498628,0.7506180754321147,0.7133695115934879,0.791970802919708,0.8147099387453552,0.22145557403564453,0.23667526245117188,2,0.7161011099815369,0.929440438747406,False,0
finetuned/ft1/seg_head_best.pt,train_crosswalk_42330843N_71104380W_jpeg.rf.35cc73e2bb28d354b23805683cf8f459,coords-in-name,train,text__fused__road__neg-sidewalk+grass+building+tree__t0.4_c0.5,text,fused,road,sidewalk+grass+building+tree,positive,0.4,0.0,0.8576350542083404,0.7346435677891745,0.6784728610855566,0.8009545199326221,0.8074537684530256,0.21889686584472656,0.23667526245117188,2,0.7161011099815369,0.929440438747406,False,0
finetuned/ft1/seg_head_best.pt,train_crosswalk_42330843N_71104380W_jpeg.rf.35cc73e2bb28d354b23805683cf8f459,coords-in-name,train,text__fused__road__neg-sidewalk+grass+building+tree__t0.4_c0.5_fill25,text,fused,road,sidewalk+grass+building+tree,positive,0.4,25.0,0.8580969967926912,0.7377267341573228,0.6915073796273893,0.7905670971364402,0.8145620518471698,0.2191324234008789,0.23667526245117188,2,0.7161011099815369,0.929440438747406,False,0
finetuned/ft1/seg_head_best.pt,train_crosswalk_42330843N_71104380W_jpeg.rf.35cc73e2bb28d354b23805683cf8f459,coords-in-name,train,text__fused__road__neg-sidewalk+grass+building+tree__t0.5_c0.5,text,fused,road,sidewalk+grass+building+tree,positive,0.5,0.0,0.8543475626204615,0.7156035126021274,0.6509626274065685,0.7944974733295901,0.7841213705581257,0.2156696319580078,0.23667526245117188,2,0.7161011099815369,0.929440438747406,False,0
finetuned/ft1/seg_head_best.pt,train_crosswalk_42330843N_71104380W_jpeg.rf.35cc73e2bb28d354b23805683cf8f459,coords-in-name,train,text__fused__road__neg-sidewalk+grass+building+tree__t0.5_c0.5_fill25,text,fused,road,sidewalk+grass+building+tree,positive,0.5,25.0,0.8561833947098882,0.7248670461198549,0.6743626743626744,0.7835485682201011,0.7907103359953901,0.21613693237304688,0.23667526245117188,2,0.7161011099815369,0.929440438747406,False,0
finetuned/ft1/seg_head_best.pt,train_crosswalk_42378074N_71034527W_jpeg.rf.2759f346ac0ee08978276a820c1116d8,coords-in-name,train,text__semantic__road__t0.3_c0.5,text,semantic,road,,positive,0.3,0.0,0.8376499243458686,0.5203091445396695,0.45584988962472406,0.6060003614675583,0.692999710357107,0.34222984313964844,0.3700904846191406,2,0.6451414823532104,0.9099069833755493,False,0
finetuned/ft1/seg_head_best.pt,train_crosswalk_42378074N_71034527W_jpeg.rf.2759f346ac0ee08978276a820c1116d8,coords-in-name,train,text__semantic__road__t0.3_c0.5_fill25,text,semantic,road,,positive,0.3,25.0,0.8398519083406109,0.5386861172082023,0.486933917088521,0.6027471534429785,0.7025688577631727,0.3431711196899414,0.3700904846191406,2,0.6451414823532104,0.9099069833755493,False,0
finetuned/ft1/seg_head_best.pt,train_crosswalk_42378074N_71034527W_jpeg.rf.2759f346ac0ee08978276a820c1116d8,coords-in-name,train,text__semantic__road__t0.4_c0.5,text,semantic,road,,positive,0.4,0.0,0.8155569449571002,0.5157226388064317,0.4528021774093777,0.5989517440809687,0.6324090408032297,0.31946468353271484,0.3700904846191406,2,0.6451414823532104,0.9099069833755493,False,0
finetuned/ft1/seg_head_best.pt,train_crosswalk_42378074N_71034527W_jpeg.rf.2759f346ac0ee08978276a820c1116d8,coords-in-name,train,text__semantic__road__t0.4_c0.5_fill25,text,semantic,road,,positive,0.4,25.0,0.8203303876280378,0.5584331332761833,0.5324985092426953,0.5870233146575095,0.6704457674074382,0.3213939666748047,0.3700904846191406,2,0.6451414823532104,0.9099069833755493,False,0
finetuned/ft1/seg_head_best.pt,train_crosswalk_42378074N_71034527W_jpeg.rf.2759f346ac0ee08978276a820c1116d8,coords-in-name,train,text__semantic__road__t0.5_c0.5,text,semantic,road,,positive,0.5,0.0,0.7763990607349115,0.5031004212040718,0.4466899857494494,0.5758178203506236,0.6041788097785428,0.2972602844238281,0.3700904846191406,2,0.6451414823532104,0.9099069833755493,False,0
finetuned/ft1/seg_head_best.pt,train_crosswalk_42378074N_71034527W_jpeg.rf.2759f346ac0ee08978276a820c1116d8,coords-in-name,train,text__semantic__road__t0.5_c0.5_fill25,text,semantic,road,,positive,0.5,25.0,0.7784580706083036,0.5175082800907111,0.4702838763809257,0.5752756190131936,0.613745247910726,0.29807281494140625,0.3700904846191406,2,0.6451414823532104,0.9099069833755493,False,0
finetuned/ft1/seg_head_best.pt,train_crosswalk_42378074N_71034527W_jpeg.rf.2759f346ac0ee08978276a820c1116d8,coords-in-name,train,text__semantic__road__neg-sidewalk+grass+building+tree__t0.3_c0.5,text,semantic,road,sidewalk+grass+building+tree,positive,0.3,0.0,0.7787679918357862,0.539643608486167,0.5055184432181238,0.5787095608169167,0.6415526410126204,0.3014564514160156,0.3700904846191406,2,0.6451414823532104,0.9099069833755493,False,0
finetuned/ft1/seg_head_best.pt,train_crosswalk_42378074N_71034527W_jpeg.rf.2759f346ac0ee08978276a820c1116d8,coords-in-name,train,text__semantic__road__neg-sidewalk+grass+building+tree__t0.3_c0.5_fill25,text,semantic,road,sidewalk+grass+building+tree,positive,0.3,25.0,0.7792402313657144,0.5438538120979022,0.514530437442643,0.5767214892463401,0.6409715673790906,0.3016958236694336,0.3700904846191406,2,0.6451414823532104,0.9099069833755493,False,0
finetuned/ft1/seg_head_best.pt,train_crosswalk_42378074N_71034527W_jpeg.rf.2759f346ac0ee08978276a820c1116d8,coords-in-name,train,text__semantic__road__neg-sidewalk+grass+building+tree__t0.4_c0.5,text,semantic,road,sidewalk+grass+building+tree,positive,0.4,0.0,0.767446002890703,0.507750466106432,0.46827710676107176,0.5544912344117116,0.592383979448585,0.2923107147216797,0.3700904846191406,2,0.6451414823532104,0.9099069833755493,False,0
finetuned/ft1/seg_head_best.pt,train_crosswalk_42378074N_71034527W_jpeg.rf.2759f346ac0ee08978276a820c1116d8,coords-in-name,train,text__semantic__road__neg-sidewalk+grass+building+tree__t0.4_c0.5_fill25,text,semantic,road,sidewalk+grass+building+tree,positive,0.4,25.0,0.7713512151801459,0.5388027218083482,0.5241390408754425,0.5543105006325683,0.6191622758204703,0.2937793731689453,0.3700904846191406,2,0.6451414823532104,0.9099069833755493,False,0
finetuned/ft1/seg_head_best.pt,train_crosswalk_42378074N_71034527W_jpeg.rf.2759f346ac0ee08978276a820c1116d8,coords-in-name,train,text__semantic__road__neg-sidewalk+grass+building+tree__t0.5_c0.5,text,semantic,road,sidewalk+grass+building+tree,positive,0.5,0.0,0.7433096487150541,0.4837147724516132,0.4405633024989645,0.5362371227182361,0.5673644550915957,0.2808542251586914,0.3700904846191406,2,0.6451414823532104,0.9099069833755493,False,0
finetuned/ft1/seg_head_best.pt,train_crosswalk_42378074N_71034527W_jpeg.rf.2759f346ac0ee08978276a820c1116d8,coords-in-name,train,text__semantic__road__neg-sidewalk+grass+building+tree__t0.5_c0.5_fill25,text,semantic,road,sidewalk+grass+building+tree,positive,0.5,25.0,0.7442547083552554,0.49540981070817364,0.46035956380783966,0.5362371227182361,0.575546392164302,0.28121376037597656,0.3700904846191406,2,0.6451414823532104,0.9099069833755493,False,0
finetuned/ft1/seg_head_best.pt,train_crosswalk_42378074N_71034527W_jpeg.rf.2759f346ac0ee08978276a820c1116d8,coords-in-name,train,text__fused__road__t0.3_c0.5,text,fused,road,,positive,0.3,0.0,0.8376499243458686,0.5203091445396695,0.45584988962472406,0.6060003614675583,0.692999710357107,0.34222984313964844,0.3700904846191406,2,0.6451414823532104,0.9099069833755493,False,0
finetuned/ft1/seg_head_best.pt,train_crosswalk_42378074N_71034527W_jpeg.rf.2759f346ac0ee08978276a820c1116d8,coords-in-name,train,text__fused__road__t0.3_c0.5_fill25,text,fused,road,,positive,0.3,25.0,0.8398519083406109,0.5386861172082023,0.486933917088521,0.6027471534429785,0.7025688577631727,0.3431711196899414,0.3700904846191406,2,0.6451414823532104,0.9099069833755493,False,0
finetuned/ft1/seg_head_best.pt,train_crosswalk_42378074N_71034527W_jpeg.rf.2759f346ac0ee08978276a820c1116d8,coords-in-name,train,text__fused__road__t0.4_c0.5,text,fused,road,,positive,0.4,0.0,0.8155569449571002,0.5157226388064317,0.4528021774093777,0.5989517440809687,0.6324090408032297,0.31946468353271484,0.3700904846191406,2,0.6451414823532104,0.9099069833755493,False,0
finetuned/ft1/seg_head_best.pt,train_crosswalk_42378074N_71034527W_jpeg.rf.2759f346ac0ee08978276a820c1116d8,coords-in-name,train,text__fused__road__t0.4_c0.5_fill25,text,fused,road,,positive,0.4,25.0,0.8203303876280378,0.5584331332761833,0.5324985092426953,0.5870233146575095,0.6704457674074382,0.3213939666748047,0.3700904846191406,2,0.6451414823532104,0.9099069833755493,False,0
finetuned/ft1/seg_head_best.pt,train_crosswalk_42378074N_71034527W_jpeg.rf.2759f346ac0ee08978276a820c1116d8,coords-in-name,train,text__fused__road__t0.5_c0.5,text,fused,road,,positive,0.5,0.0,0.7763990607349115,0.5031004212040718,0.4466899857494494,0.5758178203506236,0.6041788097785428,0.2972602844238281,0.3700904846191406,2,0.6451414823532104,0.9099069833755493,False,0
finetuned/ft1/seg_head_best.pt,train_crosswalk_42378074N_71034527W_jpeg.rf.2759f346ac0ee08978276a820c1116d8,coords-in-name,train,text__fused__road__t0.5_c0.5_fill25,text,fused,road,,positive,0.5,25.0,0.7784580706083036,0.5175082800907111,0.4702838763809257,0.5752756190131936,0.613745247910726,0.29807281494140625,0.3700904846191406,2,0.6451414823532104,0.9099069833755493,False,0
finetuned/ft1/seg_head_best.pt,train_crosswalk_42378074N_71034527W_jpeg.rf.2759f346ac0ee08978276a820c1116d8,coords-in-name,train,text__fused__road__neg-sidewalk+grass+building+tree__t0.3_c0.5,text,fused,road,sidewalk+grass+building+tree,positive,0.3,0.0,0.7787758607623715,0.539643608486167,0.5055184432181238,0.5787095608169167,0.6415526410126204,0.30145263671875,0.3700904846191406,2,0.6451414823532104,0.9099069833755493,False,0
finetuned/ft1/seg_head_best.pt,train_crosswalk_42378074N_71034527W_jpeg.rf.2759f346ac0ee08978276a820c1116d8,coords-in-name,train,text__fused__road__neg-sidewalk+grass+building+tree__t0.3_c0.5_fill25,text,fused,road,sidewalk+grass+building+tree,positive,0.3,25.0,0.7792481043480018,0.5438538120979022,0.514530437442643,0.5767214892463401,0.6409715673790906,0.30169200897216797,0.3700904846191406,2,0.6451414823532104,0.9099069833755493,False,0
finetuned/ft1/seg_head_best.pt,train_crosswalk_42378074N_71034527W_jpeg.rf.2759f346ac0ee08978276a820c1116d8,coords-in-name,train,text__fused__road__neg-sidewalk+grass+building+tree__t0.4_c0.5,text,fused,road,sidewalk+grass+building+tree,positive,0.4,0.0,0.7674499086472154,0.507750466106432,0.46827710676107176,0.5544912344117116,0.592383979448585,0.2923088073730469,0.3700904846191406,2,0.6451414823532104,0.9099069833755493,False,0
finetuned/ft1/seg_head_best.pt,train_crosswalk_42378074N_71034527W_jpeg.rf.2759f346ac0ee08978276a820c1116d8,coords-in-name,train,text__fused__road__neg-sidewalk+grass+building+tree__t0.4_c0.5_fill25,text,fused,road,sidewalk+grass+building+tree,positive,0.4,25.0,0.7713551407814547,0.5388027218083482,0.5241390408754425,0.5543105006325683,0.6191622758204703,0.2937774658203125,0.3700904846191406,2,0.6451414823532104,0.9099069833755493,False,0
finetuned/ft1/seg_head_best.pt,train_crosswalk_42378074N_71034527W_jpeg.rf.2759f346ac0ee08978276a820c1116d8,coords-in-name,train,text__fused__road__neg-sidewalk+grass+building+tree__t0.5_c0.5,text,fused,road,sidewalk+grass+building+tree,positive,0.5,0.0,0.7433115471748231,0.4837147724516132,0.4405633024989645,0.5362371227182361,0.5673644550915957,0.280853271484375,0.3700904846191406,2,0.6451414823532104,0.9099069833755493,False,0
finetuned/ft1/seg_head_best.pt,train_crosswalk_42378074N_71034527W_jpeg.rf.2759f346ac0ee08978276a820c1116d8,coords-in-name,train,text__fused__road__neg-sidewalk+grass+building+tree__t0.5_c0.5_fill25,text,fused,road,sidewalk+grass+building+tree,positive,0.5,25.0,0.7442566092093468,0.49540981070817364,0.46035956380783966,0.5362371227182361,0.575546392164302,0.28121280670166016,0.3700904846191406,2,0.6451414823532104,0.9099069833755493,False,0
finetuned/ft1/seg_head_best.pt,train_crosswalk_33704213N_117720477W_jpeg.rf.a89a610c44987f48006be9edb5d08a07,coords-in-name,train,text__semantic__road__t0.3_c0.5,text,semantic,road,,positive,0.3,0.0,0.8745896228490956,0.7304308100914916,0.6818677722016147,0.7864416642420716,0.8700139312615388,0.2148895263671875,0.19134044647216797,2,0.6149747967720032,0.7704647779464722,False,0
finetuned/ft1/seg_head_best.pt,train_crosswalk_33704213N_117720477W_jpeg.rf.a89a610c44987f48006be9edb5d08a07,coords-in-name,train,text__semantic__road__t0.3_c0.5_fill25,text,semantic,road,,positive,0.3,25.0,0.8743933934330302,0.7318395751451429,0.6894760614272809,0.7797497817864416,0.8666539141169173,0.2149524688720703,0.19134044647216797,2,0.6149747967720032,0.7704647779464722,False,0
finetuned/ft1/seg_head_best.pt,train_crosswalk_33704213N_117720477W_jpeg.rf.a89a610c44987f48006be9edb5d08a07,coords-in-name,train,text__semantic__road__t0.4_c0.5,text,semantic,road,,positive,0.4,0.0,0.900622936123892,0.7773030663746119,0.7098725426658026,0.8588885656095432,0.8783565067423279,0.20496463775634766,0.19134044647216797,2,0.6149747967720032,0.7704647779464722,False,0
finetuned/ft1/seg_head_best.pt,train_crosswalk_33704213N_117720477W_jpeg.rf.a89a610c44987f48006be9edb5d08a07,coords-in-name,train,text__semantic__road__t0.4_c0.5_fill25,text,semantic,road,,positive,0.4,25.0,0.902002112299343,0.7975892902576878,0.7531975367124586,0.8475414605760838,0.8967671696158932,0.20539188385009766,0.19134044647216797,2,0.6149747967720032,0.7704647779464722,False,0
finetuned/ft1/seg_head_best.pt,train_crosswalk_33704213N_117720477W_jpeg.rf.a89a610c44987f48006be9edb5d08a07,coords-in-name,train,text__semantic__road__t0.5_c0.5,text,semantic,road,,positive,0.5,0.0,0.9190612777053455,0.7782292235466932,0.7084522502744237,0.8632528367762584,0.8959969551736663,0.1946859359741211,0.19134044647216797,2,0.6149747967720032,0.7704647779464722,False,0
finetuned/ft1/seg_head_best.pt,train_crosswalk_33704213N_117720477W_jpeg.rf.a89a610c44987f48006be9edb5d08a07,coords-in-name,train,text__semantic__road__t0.5_c0.5_fill25,text,semantic,road,,positive,0.5,25.0,0.921659160938611,0.8044742649809394,0.7567698259187621,0.8585976141984288,0.9172175389282087,0.19525432586669922,0.19134044647216797,2,0.6149747967720032,0.7704647779464722,False,0
finetuned/ft1/seg_head_best.pt,train_crosswalk_33704213N_117720477W_jpeg.rf.a89a610c44987f48006be9edb5d08a07,coords-in-name,train,text__semantic__road__neg-sidewalk+grass+building+tree__t0.3_c0.5,text,semantic,road,sidewalk+grass+building+tree,positive,0.3,0.0,0.8693054380147708,0.7078934859015802,0.6384434466538379,0.7942973523421588,0.8332105118929302,0.19414710998535156,0.19134044647216797,2,0.6149747967720032,0.7704647779464722,False,0
finetuned/ft1/seg_head_best.pt,train_crosswalk_33704213N_117720477W_jpeg.rf.a89a610c44987f48006be9edb5d08a07,coords-in-name,train,text__semantic__road__neg-sidewalk+grass+building+tree__t0.3_c0.5_fill25,text,semantic,road,sidewalk+grass+building+tree,positive,0.3,25.0,0.8695093769851865,0.7147558185137953,0.6560595802301964,0.7849869071864999,0.8253703323785544,0.1959667205810547,0.19134044647216797,2,0.6149747967720032,0.7704647779464722,False,0
finetuned/ft1/seg_head_best.pt,train_crosswalk_33704213N_117720477W_jpeg.rf.a89a610c44987f48006be9edb5d08a07,coords-in-name,train,text__semantic__road__neg-sidewalk+grass+building+tree__t0.4_c0.5,text,semantic,road,sidewalk+grass+building+tree,positive,0.4,0.0,0.8785850276178164,0.736216190400577,0.6538623005877414,0.8423043351760257,0.8402688087041034,0.18976879119873047,0.19134044647216797,2,0.6149747967720032,0.7704647779464722,False,0
finetuned/ft1/seg_head_best.pt,train_crosswalk_33704213N_117720477W_jpeg.rf.a89a610c44987f48006be9edb5d08a07,coords-in-name,train,text__semantic__road__neg-sidewalk+grass+building+tree__t0.4_c0.5_fill25,text,semantic,road,sidewalk+grass+building+tree,positive,0.4,25.0,0.8788251698515788,0.7421112117425567,0.6719517641804377,0.8286296188536515,0.8332599509002697,0.19159317016601562,0.19134044647216797,2,0.6149747967720032,0.7704647779464722,False,0
finetuned/ft1/seg_head_best.pt,train_crosswalk_33704213N_117720477W_jpeg.rf.a89a610c44987f48006be9edb5d08a07,coords-in-name,train,text__semantic__road__neg-sidewalk+grass+building+tree__t0.5_c0.5,text,semantic,road,sidewalk+grass+building+tree,positive,0.5,0.0,0.8947114573033979,0.7583962468499215,0.6944444444444444,0.8353215013092814,0.8694897016183362,0.18330097198486328,0.19134044647216797,2,0.6149747967720032,0.7704647779464722,False,0
finetuned/ft1/seg_head_best.pt,train_crosswalk_33704213N_117720477W_jpeg.rf.a89a610c44987f48006be9edb5d08a07,coords-in-name,train,text__semantic__road__neg-sidewalk+grass+building+tree__t0.5_c0.5_fill25,text,semantic,road,sidewalk+grass+building+tree,positive,0.5,25.0,0.8946165309104588,0.7620911568115406,0.7006657156443177,0.8353215013092814,0.8664181523371893,0.18332195281982422,0.19134044647216797,2,0.6149747967720032,0.7704647779464722,False,0
finetuned/ft1/seg_head_best.pt,train_crosswalk_33704213N_117720477W_jpeg.rf.a89a610c44987f48006be9edb5d08a07,coords-in-name,train,text__fused__road__t0.3_c0.5,text,fused,road,,positive,0.3,0.0,0.8745896228490956,0.7304308100914916,0.6818677722016147,0.7864416642420716,0.8700139312615388,0.2148895263671875,0.19134044647216797,2,0.6149747967720032,0.7704647779464722,False,0
finetuned/ft1/seg_head_best.pt,train_crosswalk_33704213N_117720477W_jpeg.rf.a89a610c44987f48006be9edb5d08a07,coords-in-name,train,text__fused__road__t0.3_c0.5_fill25,text,fused,road,,positive,0.3,25.0,0.8743933934330302,0.7318395751451429,0.6894760614272809,0.7797497817864416,0.8666539141169173,0.2149524688720703,0.19134044647216797,2,0.6149747967720032,0.7704647779464722,False,0
finetuned/ft1/seg_head_best.pt,train_crosswalk_33704213N_117720477W_jpeg.rf.a89a610c44987f48006be9edb5d08a07,coords-in-name,train,text__fused__road__t0.4_c0.5,text,fused,road,,positive,0.4,0.0,0.900622936123892,0.7773030663746119,0.7098725426658026,0.8588885656095432,0.8783565067423279,0.20496463775634766,0.19134044647216797,2,0.6149747967720032,0.7704647779464722,False,0
finetuned/ft1/seg_head_best.pt,train_crosswalk_33704213N_117720477W_jpeg.rf.a89a610c44987f48006be9edb5d08a07,coords-in-name,train,text__fused__road__t0.4_c0.5_fill25,text,fused,road,,positive,0.4,25.0,0.902002112299343,0.7975892902576878,0.7531975367124586,0.8475414605760838,0.8967671696158932,0.20539188385009766,0.19134044647216797,2,0.6149747967720032,0.7704647779464722,False,0
finetuned/ft1/seg_head_best.pt,train_crosswalk_33704213N_117720477W_jpeg.rf.a89a610c44987f48006be9edb5d08a07,coords-in-name,train,text__fused__road__t0.5_c0.5,text,fused,road,,positive,0.5,0.0,0.9190612777053455,0.7782292235466932,0.7084522502744237,0.8632528367762584,0.8959969551736663,0.1946859359741211,0.19134044647216797,2,0.6149747967720032,0.7704647779464722,False,0
finetuned/ft1/seg_head_best.pt,train_crosswalk_33704213N_117720477W_jpeg.rf.a89a610c44987f48006be9edb5d08a07,coords-in-name,train,text__fused__road__t0.5_c0.5_fill25,text,fused,road,,positive,0.5,25.0,0.921659160938611,0.8044742649809394,0.7567698259187621,0.8585976141984288,0.9172175389282087,0.19525432586669922,0.19134044647216797,2,0.6149747967720032,0.7704647779464722,False,0
finetuned/ft1/seg_head_best.pt,train_crosswalk_33704213N_117720477W_jpeg.rf.a89a610c44987f48006be9edb5d08a07,coords-in-name,train,text__fused__road__neg-sidewalk+grass+building+tree__t0.3_c0.5,text,fused,road,sidewalk+grass+building+tree,positive,0.3,0.0,0.8693134783915647,0.7083874394072716,0.6388710711994868,0.7948792551643875,0.8332105118929302,0.19414520263671875,0.19134044647216797,2,0.6149747967720032,0.7704647779464722,False,0
finetuned/ft1/seg_head_best.pt,train_crosswalk_33704213N_117720477W_jpeg.rf.a89a610c44987f48006be9edb5d08a07,coords-in-name,train,text__fused__road__neg-sidewalk+grass+building+tree__t0.3_c0.5_fill25,text,fused,road,sidewalk+grass+building+tree,positive,0.3,25.0,0.8695173823377771,0.7152649086034457,0.6565109456104716,0.7855688100087286,0.8253703323785544,0.19596481323242188,0.19134044647216797,2,0.6149747967720032,0.7704647779464722,False,0
finetuned/ft1/seg_head_best.pt,train_crosswalk_33704213N_117720477W_jpeg.rf.a89a610c44987f48006be9edb5d08a07,coords-in-name,train,text__fused__road__neg-sidewalk+grass+building+tree__t0.4_c0.5,text,fused,road,sidewalk+grass+building+tree,positive,0.4,0.0,0.8785850276178164,0.736216190400577,0.6538623005877414,0.8423043351760257,0.8402688087041034,0.18976879119873047,0.19134044647216797,2,0.6149747967720032,0.7704647779464722,False,0
finetuned/ft1/seg_head_best.pt,train_crosswalk_33704213N_117720477W_jpeg.rf.a89a610c44987f48006be9edb5d08a07,coords-in-name,train,text__fused__road__neg-sidewalk+grass+building+tree__t0.4_c0.5_fill25,text,fused,road,sidewalk+grass+building+tree,positive,0.4,25.0,0.8788251698515788,0.7421112117425567,0.6719517641804377,0.8286296188536515,0.8332599509002697,0.19159317016601562,0.19134044647216797,2,0.6149747967720032,0.7704647779464722,False,0
finetuned/ft1/seg_head_best.pt,train_crosswalk_33704213N_117720477W_jpeg.rf.a89a610c44987f48006be9edb5d08a07,coords-in-name,train,text__fused__road__neg-sidewalk+grass+building+tree__t0.5_c0.5,text,fused,road,sidewalk+grass+building+tree,positive,0.5,0.0,0.8947114573033979,0.7583962468499215,0.6944444444444444,0.8353215013092814,0.8694897016183362,0.18330097198486328,0.19134044647216797,2,0.6149747967720032,0.7704647779464722,False,0
finetuned/ft1/seg_head_best.pt,train_crosswalk_33704213N_117720477W_jpeg.rf.a89a610c44987f48006be9edb5d08a07,coords-in-name,train,text__fused__road__neg-sidewalk+grass+building+tree__t0.5_c0.5_fill25,text,fused,road,sidewalk+grass+building+tree,positive,0.5,25.0,0.8946165309104588,0.7620911568115406,0.7006657156443177,0.8353215013092814,0.8664181523371893,0.18332195281982422,0.19134044647216797,2,0.6149747967720032,0.7704647779464722,False,0
finetuned/ft1/seg_head_best.pt,train_crosswalk_39731279N_105049863W_jpeg.rf.0055988fa9f91862076e36e3aad915b2,coords-in-name,train,text__semantic__road__t0.3_c0.5,text,semantic,road,,positive,0.3,0.0,0.862226868234615,0.5351044380053925,0.4315205011389522,0.7041256157635468,0.6829859698365244,0.34739112854003906,0.3848381042480469,2,0.8230783939361572,0.9416541457176208,False,0
finetuned/ft1/seg_head_best.pt,train_crosswalk_39731279N_105049863W_jpeg.rf.0055988fa9f91862076e36e3aad915b2,coords-in-name,train,text__semantic__road__t0.3_c0.5_fill25,text,semantic,road,,positive,0.3,25.0,0.8660246011944164,0.5748128498413421,0.4856273249915455,0.7041256157635468,0.7360667297755068,0.3490943908691406,0.3848381042480469,2,0.8230783939361572,0.9416541457176208,False,0
finetuned/ft1/seg_head_best.pt,train_crosswalk_39731279N_105049863W_jpeg.rf.0055988fa9f91862076e36e3aad915b2,coords-in-name,train,text__semantic__road__t0.4_c0.5,text,semantic,road,,positive,0.4,0.0,0.8375609613215975,0.5133339459779037,0.42536824877250407,0.6471674876847291,0.6622420972113098,0.33310985565185547,0.3848381042480469,2,0.8230783939361572,0.9416541457176208,False,0
finetuned/ft1/seg_head_best.pt,train_crosswalk_39731279N_105049863W_jpeg.rf.0055988fa9f91862076e36e3aad915b2,coords-in-name,train,text__semantic__road__t0.4_c0.5_fill25,text,semantic,road,,positive,0.4,25.0,0.8377883603824383,0.5187232283894391,0.43282068615852626,0.6471674876847291,0.6697485381901604,0.33320045471191406,0.3848381042480469,2,0.8230783939361572,0.9416541457176208,False,0
finetuned/ft1/seg_head_best.pt,train_crosswalk_39731279N_105049863W_jpeg.rf.0055988fa9f91862076e36e3aad915b2,coords-in-name,train,text__semantic__road__t0.5_c0.5,text,semantic,road,,positive,0.5,0.0,0.8196817264552027,0.4379245948708668,0.3595311961392623,0.5600369458128078,0.6445401670408522,0.32376766204833984,0.3848381042480469,2,0.8230783939361572,0.9416541457176208,False,0
finetuned/ft1/seg_head_best.pt,train_crosswalk_39731279N_105049863W_jpeg.rf.0055988fa9f91862076e36e3aad915b2,coords-in-name,train,text__semantic__road__t0.5_c0.5_fill25,text,semantic,road,,positive,0.5,25.0,0.8205212348593567,0.4512341429824081,0.37783010324216626,0.5600369458128078,0.661798549907673,0.3241119384765625,0.3848381042480469,2,0.8230783939361572,0.9416541457176208,False,0
finetuned/ft1/seg_head_best.pt,train_crosswalk_39731279N_105049863W_jpeg.rf.0055988fa9f91862076e36e3aad915b2,coords-in-name,train,text__semantic__road__neg-sidewalk+grass+building+tree__t0.3_c0.5,text,semantic,road,sidewalk+grass+building+tree,positive,0.3,0.0,0.729315858659185,0.35260727015070187,0.30104017948194983,0.42549261083743845,0.6221904015029699,0.287628173828125,0.3848381042480469,2,0.8230783939361572,0.9416541457176208,False,0
finetuned/ft1/seg_head_best.pt,train_crosswalk_39731279N_105049863W_jpeg.rf.0055988fa9f91862076e36e3aad915b2,coords-in-name,train,text__semantic__road__neg-sidewalk+grass+building+tree__t0.3_c0.5_fill25,text,semantic,road,sidewalk+grass+building+tree,positive,0.3,25.0,0.729315858659185,0.35260727015070187,0.30104017948194983,0.42549261083743845,0.6221904015029699,0.287628173828125,0.3848381042480469,2,0.8230783939361572,0.9416541457176208,False,0
finetuned/ft1/seg_head_best.pt,train_crosswalk_39731279N_105049863W_jpeg.rf.0055988fa9f91862076e36e3aad915b2,coords-in-name,train,text__semantic__road__neg-sidewalk+grass+building+tree__t0.4_c0.5,text,semantic,road,sidewalk+grass+building+tree,positive,0.4,0.0,0.729564824855375,0.3528601584783971,0.30140902593424546,0.42549261083743845,0.6227747304852564,0.28748416900634766,0.3848381042480469,2,0.8230783939361572,0.9416541457176208,False,0
finetuned/ft1/seg_head_best.pt,train_crosswalk_39731279N_105049863W_jpeg.rf.0055988fa9f91862076e36e3aad915b2,coords-in-name,train,text__semantic__road__neg-sidewalk+grass+building+tree__t0.4_c0.5_fill25,text,semantic,road,sidewalk+grass+building+tree,positive,0.4,25.0,0.729564824855375,0.3528601584783971,0.30140902593424546,0.42549261083743845,0.6227747304852564,0.28748416900634766,0.3848381042480469,2,0.8230783939361572,0.9416541457176208,False,0
finetuned/ft1/seg_head_best.pt,train_crosswalk_39731279N_105049863W_jpeg.rf.0055988fa9f91862076e36e3aad915b2,coords-in-name,train,text__semantic__road__neg-sidewalk+grass+building+tree__t0.5_c0.5,text,semantic,road,sidewalk+grass+building+tree,positive,0.5,0.0,0.7300208452516285,0.35001515999326677,0.2972809667673716,0.42549261083743845,0.6179056084831559,0.28713512420654297,0.3848381042480469,2,0.8230783939361572,0.9416541457176208,False,0
finetuned/ft1/seg_head_best.pt,train_crosswalk_39731279N_105049863W_jpeg.rf.0055988fa9f91862076e36e3aad915b2,coords-in-name,train,text__semantic__road__neg-sidewalk+grass+building+tree__t0.5_c0.5_fill25,text,semantic,road,sidewalk+grass+building+tree,positive,0.5,25.0,0.7300029217008719,0.3508471506543064,0.2984833164812942,0.42549261083743845,0.6193702558417945,0.28714466094970703,0.3848381042480469,2,0.8230783939361572,0.9416541457176208,False,0
finetuned/ft1/seg_head_best.pt,train_crosswalk_39731279N_105049863W_jpeg.rf.0055988fa9f91862076e36e3aad915b2,coords-in-name,train,text__fused__road__t0.3_c0.5,text,fused,road,,positive,0.3,0.0,0.862226868234615,0.5351044380053925,0.4315205011389522,0.7041256157635468,0.6829859698365244,0.34739112854003906,0.3848381042480469,2,0.8230783939361572,0.9416541457176208,False,0
finetuned/ft1/seg_head_best.pt,train_crosswalk_39731279N_105049863W_jpeg.rf.0055988fa9f91862076e36e3aad915b2,coords-in-name,train,text__fused__road__t0.3_c0.5_fill25,text,fused,road,,positive,0.3,25.0,0.8660246011944164,0.5748128498413421,0.4856273249915455,0.7041256157635468,0.7360667297755068,0.3490943908691406,0.3848381042480469,2,0.8230783939361572,0.9416541457176208,False,0
finetuned/ft1/seg_head_best.pt,train_crosswalk_39731279N_105049863W_jpeg.rf.0055988fa9f91862076e36e3aad915b2,coords-in-name,train,text__fused__road__t0.4_c0.5,text,fused,road,,positive,0.4,0.0,0.8375609613215975,0.5133339459779037,0.42536824877250407,0.6471674876847291,0.6622420972113098,0.33310985565185547,0.3848381042480469,2,0.8230783939361572,0.9416541457176208,False,0
finetuned/ft1/seg_head_best.pt,train_crosswalk_39731279N_105049863W_jpeg.rf.0055988fa9f91862076e36e3aad915b2,coords-in-name,train,text__fused__road__t0.4_c0.5_fill25,text,fused,road,,positive,0.4,25.0,0.8377883603824383,0.5187232283894391,0.43282068615852626,0.6471674876847291,0.6697485381901604,0.33320045471191406,0.3848381042480469,2,0.8230783939361572,0.9416541457176208,False,0
finetuned/ft1/seg_head_best.pt,train_crosswalk_39731279N_105049863W_jpeg.rf.0055988fa9f91862076e36e3aad915b2,coords-in-name,train,text__fused__road__t0.5_c0.5,text,fused,road,,positive,0.5,0.0,0.8196817264552027,0.4379245948708668,0.3595311961392623,0.5600369458128078,0.6445401670408522,0.32376766204833984,0.3848381042480469,2,0.8230783939361572,0.9416541457176208,False,0
finetuned/ft1/seg_head_best.pt,train_crosswalk_39731279N_105049863W_jpeg.rf.0055988fa9f91862076e36e3aad915b2,coords-in-name,train,text__fused__road__t0.5_c0.5_fill25,text,fused,road,,positive,0.5,25.0,0.8205212348593567,0.4512341429824081,0.37783010324216626,0.5600369458128078,0.661798549907673,0.3241119384765625,0.3848381042480469,2,0.8230783939361572,0.9416541457176208,False,0
finetuned/ft1/seg_head_best.pt,train_crosswalk_39731279N_105049863W_jpeg.rf.0055988fa9f91862076e36e3aad915b2,coords-in-name,train,text__fused__road__neg-sidewalk+grass+building+tree__t0.3_c0.5,text,fused,road,sidewalk+grass+building+tree,positive,0.3,0.0,0.729315858659185,0.35260727015070187,0.30104017948194983,0.42549261083743845,0.6221904015029699,0.287628173828125,0.3848381042480469,2,0.8230783939361572,0.9416541457176208,False,0
finetuned/ft1/seg_head_best.pt,train_crosswalk_39731279N_105049863W_jpeg.rf.0055988fa9f91862076e36e3aad915b2,coords-in-name,train,text__fused__road__neg-sidewalk+grass+building+tree__t0.3_c0.5_fill25,text,fused,road,sidewalk+grass+building+tree,positive,0.3,25.0,0.729315858659185,0.35260727015070187,0.30104017948194983,0.42549261083743845,0.6221904015029699,0.287628173828125,0.3848381042480469,2,0.8230783939361572,0.9416541457176208,False,0
finetuned/ft1/seg_head_best.pt,train_crosswalk_39731279N_105049863W_jpeg.rf.0055988fa9f91862076e36e3aad915b2,coords-in-name,train,text__fused__road__neg-sidewalk+grass+building+tree__t0.4_c0.5,text,fused,road,sidewalk+grass+building+tree,positive,0.4,0.0,0.729564824855375,0.3528601584783971,0.30140902593424546,0.42549261083743845,0.6227747304852564,0.28748416900634766,0.3848381042480469,2,0.8230783939361572,0.9416541457176208,False,0
finetuned/ft1/seg_head_best.pt,train_crosswalk_39731279N_105049863W_jpeg.rf.0055988fa9f91862076e36e3aad915b2,coords-in-name,train,text__fused__road__neg-sidewalk+grass+building+tree__t0.4_c0.5_fill25,text,fused,road,sidewalk+grass+building+tree,positive,0.4,25.0,0.729564824855375,0.3528601584783971,0.30140902593424546,0.42549261083743845,0.6227747304852564,0.28748416900634766,0.3848381042480469,2,0.8230783939361572,0.9416541457176208,False,0
finetuned/ft1/seg_head_best.pt,train_crosswalk_39731279N_105049863W_jpeg.rf.0055988fa9f91862076e36e3aad915b2,coords-in-name,train,text__fused__road__neg-sidewalk+grass+building+tree__t0.5_c0.5,text,fused,road,sidewalk+grass+building+tree,positive,0.5,0.0,0.7300208452516285,0.35001515999326677,0.2972809667673716,0.42549261083743845,0.6179056084831559,0.28713512420654297,0.3848381042480469,2,0.8230783939361572,0.9416541457176208,False,0
finetuned/ft1/seg_head_best.pt,train_crosswalk_39731279N_105049863W_jpeg.rf.0055988fa9f91862076e36e3aad915b2,coords-in-name,train,text__fused__road__neg-sidewalk+grass+building+tree__t0.5_c0.5_fill25,text,fused,road,sidewalk+grass+building+tree,positive,0.5,25.0,0.7300029217008719,0.3508471506543064,0.2984833164812942,0.42549261083743845,0.6193702558417945,0.28714466094970703,0.3848381042480469,2,0.8230783939361572,0.9416541457176208,False,0
finetuned/ft1/seg_head_best.pt,train_crosswalk_30198495N_81792068W_jpeg.rf.1430be45521ba241f3e31e17b2f17f62,coords-in-name,train,text__semantic__road__t0.3_c0.5,text,semantic,road,,positive,0.3,0.0,0.8070739883015485,0.774368193777505,0.7070487399258027,0.8558558558558559,0.827242947673199,0.3233480453491211,0.34192752838134766,2,0.6889668107032776,0.8311430811882019,False,0
finetuned/ft1/seg_head_best.pt,train_crosswalk_30198495N_81792068W_jpeg.rf.1430be45521ba241f3e31e17b2f17f62,coords-in-name,train,text__semantic__road__t0.3_c0.5_fill25,text,semantic,road,,positive,0.3,25.0,0.8070567148096728,0.7743577041723897,0.70703125,0.8558558558558559,0.8278150789139459,0.3234071731567383,0.34192752838134766,2,0.6889668107032776,0.8311430811882019,False,0
finetuned/ft1/seg_head_best.pt,train_crosswalk_30198495N_81792068W_jpeg.rf.1430be45521ba241f3e31e17b2f17f62,coords-in-name,train,text__semantic__road__t0.4_c0.5,text,semantic,road,,positive,0.4,0.0,0.7954262041589986,0.7551502896117291,0.6838759891036451,0.8430096763430097,0.8206845493233876,0.3102846145629883,0.34192752838134766,2,0.6889668107032776,0.8311430811882019,False,0
finetuned/ft1/seg_head_best.pt,train_crosswalk_30198495N_81792068W_jpeg.rf.1430be45521ba241f3e31e17b2f17f62,coords-in-name,train,text__semantic__road__t0.4_c0.5_fill25,text,semantic,road,,positive,0.4,25.0,0.795440404713962,0.7576463342857541,0.6879812084040193,0.8430096763430097,0.8227450373061169,0.31029319763183594,0.34192752838134766,2,0.6889668107032776,0.8311430811882019,False,0
finetuned/ft1/seg_head_best.pt,train_crosswalk_30198495N_81792068W_jpeg.rf.1430be45521ba241f3e31e17b2f17f62,coords-in-name,train,text__semantic__road__t0.5_c0.5,text,semantic,road,,positive,0.5,0.0,0.7865939404269826,0.7061937501450887,0.6200396825396826,0.8201534868201534,0.7912807006750586,0.29781246185302734,0.34192752838134766,2,0.6889668107032776,0.8311430811882019,False,0
finetuned/ft1/seg_head_best.pt,train_crosswalk_30198495N_81792068W_jpeg.rf.1430be45521ba241f3e31e17b2f17f62,coords-in-name,train,text__semantic__road__t0.5_c0.5_fill25,text,semantic,road,,positive,0.5,25.0,0.7852497633708749,0.720970844349598,0.6431888544891641,0.8201534868201534,0.8077243347558315,0.2984275817871094,0.34192752838134766,2,0.6889668107032776,0.8311430811882019,False,0
finetuned/ft1/seg_head_best.pt,train_crosswalk_30198495N_81792068W_jpeg.rf.1430be45521ba241f3e31e17b2f17f62,coords-in-name,train,text__semantic__road__neg-sidewalk+grass+building+tree__t0.3_c0.5,text,semantic,road,sidewalk+grass+building+tree,positive,0.3,0.0,0.7855321164425985,0.7747783902969472,0.7128325508607198,0.8485151818485152,0.8289378615167551,0.3123931884765625,0.34192752838134766,2,0.6889668107032776,0.8311430811882019,False,0
finetuned/ft1/seg_head_best.pt,train_crosswalk_30198495N_81792068W_jpeg.rf.1430be45521ba241f3e31e17b2f17f62,coords-in-name,train,text__semantic__road__neg-sidewalk+grass+building+tree__t0.3_c0.5_fill25,text,semantic,road,sidewalk+grass+building+tree,positive,0.3,25.0,0.7854871530651012,0.7729185201781088,0.7096901779828609,0.8485151818485152,0.8274741091039456,0.3124380111694336,0.34192752838134766,2,0.6889668107032776,0.8311430811882019,False,0
finetuned/ft1/seg_head_best.pt,train_crosswalk_30198495N_81792068W_jpeg.rf.1430be45521ba241f3e31e17b2f17f62,coords-in-name,train,text__semantic__road__neg-sidewalk+grass+building+tree__t0.4_c0.5,text,semantic,road,sidewalk+grass+building+tree,positive,0.4,0.0,0.7817186440499782,0.757116514560153,0.6897910918407568,0.8390056723390057,0.8237957485569051,0.30458641052246094,0.34192752838134766,2,0.6889668107032776,0.8311430811882019,False,0
finetuned/ft1/seg_head_best.pt,train_crosswalk_30198495N_81792068W_jpeg.rf.1430be45521ba241f3e31e17b2f17f62,coords-in-name,train,text__semantic__road__neg-sidewalk+grass+building+tree__t0.4_c0.5_fill25,text,semantic,road,sidewalk+grass+building+tree,positive,0.4,25.0,0.7817171632219676,0.7584290154349127,0.6919731119019376,0.8390056723390057,0.8245877910534767,0.30458927154541016,0.34192752838134766,2,0.6889668107032776,0.8311430811882019,False,0
finetuned/ft1/seg_head_best.pt,train_crosswalk_30198495N_81792068W_jpeg.rf.1430be45521ba241f3e31e17b2f17f62,coords-in-name,train,text__semantic__road__neg-sidewalk+grass+building+tree__t0.5_c0.5,text,semantic,road,sidewalk+grass+building+tree,positive,0.5,0.0,0.7797020077454547,0.7061781349166747,0.6217429248223414,0.8171504838171505,0.7918873710621689,0.2953004837036133,0.34192752838134766,2,0.6889668107032776,0.8311430811882019,False,0
finetuned/ft1/seg_head_best.pt,train_crosswalk_30198495N_81792068W_jpeg.rf.1430be45521ba241f3e31e17b2f17f62,coords-in-name,train,text__semantic__road__neg-sidewalk+grass+building+tree__t0.5_c0.5_fill25,text,semantic,road,sidewalk+grass+building+tree,positive,0.5,25.0,0.7783668802680209,0.7205793542552152,0.6444214072826228,0.8171504838171505,0.8079320175449053,0.2959146499633789,0.34192752838134766,2,0.6889668107032776,0.8311430811882019,False,0
finetuned/ft1/seg_head_best.pt,train_crosswalk_30198495N_81792068W_jpeg.rf.1430be45521ba241f3e31e17b2f17f62,coords-in-name,train,text__fused__road__t0.3_c0.5,text,fused,road,,positive,0.3,0.0,0.8069694677842127,0.774368193777505,0.7070487399258027,0.8558558558558559,0.827242947673199,0.3233957290649414,0.34192752838134766,2,0.6889668107032776,0.8311430811882019,False,0
finetuned/ft1/seg_head_best.pt,train_crosswalk_30198495N_81792068W_jpeg.rf.1430be45521ba241f3e31e17b2f17f62,coords-in-name,train,text__fused__road__t0.3_c0.5_fill25,text,fused,road,,positive,0.3,25.0,0.8069522068154624,0.7743577041723897,0.70703125,0.8558558558558559,0.8278150789139459,0.3234548568725586,0.34192752838134766,2,0.6889668107032776,0.8311430811882019,False,0
finetuned/ft1/seg_head_best.pt,train_crosswalk_30198495N_81792068W_jpeg.rf.1430be45521ba241f3e31e17b2f17f62,coords-in-name,train,text__fused__road__t0.4_c0.5,text,fused,road,,positive,0.4,0.0,0.7949795735235081,0.7580821143578566,0.6887001959503593,0.8430096763430097,0.8238297625642647,0.3104887008666992,0.34192752838134766,2,0.6889668107032776,0.8311430811882019,False,0
finetuned/ft1/seg_head_best.pt,train_crosswalk_30198495N_81792068W_jpeg.rf.1430be45521ba241f3e31e17b2f17f62,coords-in-name,train,text__fused__road__t0.4_c0.5_fill25,text,fused,road,,positive,0.4,25.0,0.7949979402974893,0.7597207639872714,0.6914098360655738,0.8430096763430097,0.8249700303996841,0.31049537658691406,0.34192752838134766,2,0.6889668107032776,0.8311430811882019,False,0
finetuned/ft1/seg_head_best.pt,train_crosswalk_30198495N_81792068W_jpeg.rf.1430be45521ba241f3e31e17b2f17f62,coords-in-name,train,text__fused__road__t0.5_c0.5,text,fused,road,,positive,0.5,0.0,0.7865939404269826,0.7061937501450887,0.6200396825396826,0.8201534868201534,0.7912807006750586,0.29781246185302734,0.34192752838134766,2,0.6889668107032776,0.8311430811882019,False,0
finetuned/ft1/seg_head_best.pt,train_crosswalk_30198495N_81792068W_jpeg.rf.1430be45521ba241f3e31e17b2f17f62,coords-in-name,train,text__fused__road__t0.5_c0.5_fill25,text,fused,road,,positive,0.5,25.0,0.7852497633708749,0.720970844349598,0.6431888544891641,0.8201534868201534,0.8077243347558315,0.2984275817871094,0.34192752838134766,2,0.6889668107032776,0.8311430811882019,False,0
finetuned/ft1/seg_head_best.pt,train_crosswalk_30198495N_81792068W_jpeg.rf.1430be45521ba241f3e31e17b2f17f62,coords-in-name,train,text__fused__road__neg-sidewalk+grass+building+tree__t0.3_c0.5,text,fused,road,sidewalk+grass+building+tree,positive,0.3,0.0,0.7854319593450029,0.7747783902969472,0.7128325508607198,0.8485151818485152,0.8289378615167551,0.3124399185180664,0.34192752838134766,2,0.6889668107032776,0.8311430811882019,False,0
finetuned/ft1/seg_head_best.pt,train_crosswalk_30198495N_81792068W_jpeg.rf.1430be45521ba241f3e31e17b2f17f62,coords-in-name,train,text__fused__road__neg-sidewalk+grass+building+tree__t0.3_c0.5_fill25,text,fused,road,sidewalk+grass+building+tree,positive,0.3,25.0,0.7853870110812478,0.7729185201781088,0.7096901779828609,0.8485151818485152,0.8274741091039456,0.3124847412109375,0.34192752838134766,2,0.6889668107032776,0.8311430811882019,False,0
finetuned/ft1/seg_head_best.pt,train_crosswalk_30198495N_81792068W_jpeg.rf.1430be45521ba241f3e31e17b2f17f62,coords-in-name,train,text__fused__road__neg-sidewalk+grass+building+tree__t0.4_c0.5,text,fused,road,sidewalk+grass+building+tree,positive,0.4,0.0,0.7812792224848962,0.7600760546743479,0.6947201270345376,0.8390056723390057,0.8269720416680677,0.3047904968261719,0.34192752838134766,2,0.6889668107032776,0.8311430811882019,False,0
finetuned/ft1/seg_head_best.pt,train_crosswalk_30198495N_81792068W_jpeg.rf.1430be45521ba241f3e31e17b2f17f62,coords-in-name,train,text__fused__road__neg-sidewalk+grass+building+tree__t0.4_c0.5_fill25,text,fused,road,sidewalk+grass+building+tree,positive,0.4,25.0,0.7812818492251117,0.7605164739970683,0.6954563518346801,0.8390056723390057,0.8268278135828374,0.3047914505004883,0.34192752838134766,2,0.6889668107032776,0.8311430811882019,False,0
finetuned/ft1/seg_head_best.pt,train_crosswalk_30198495N_81792068W_jpeg.rf.1430be45521ba241f3e31e17b2f17f62,coords-in-name,train,text__fused__road__neg-sidewalk+grass+building+tree__t0.5_c0.5,text,fused,road,sidewalk+grass+building+tree,positive,0.5,0.0,0.7797020077454547,0.7061781349166747,0.6217429248223414,0.8171504838171505,0.7918873710621689,0.2953004837036133,0.34192752838134766,2,0.6889668107032776,0.8311430811882019,False,0
finetuned/ft1/seg_head_best.pt,train_crosswalk_30198495N_81792068W_jpeg.rf.1430be45521ba241f3e31e17b2f17f62,coords-in-name,train,text__fused__road__neg-sidewalk+grass+building+tree__t0.5_c0.5_fill25,text,fused,road,sidewalk+grass+building+tree,positive,0.5,25.0,0.7783668802680209,0.7205793542552152,0.6444214072826228,0.8171504838171505,0.8079320175449053,0.2959146499633789,0.34192752838134766,2,0.6889668107032776,0.8311430811882019,False,0
finetuned/ft1/seg_head_best.pt,train_crosswalk_39752152N_104998833W_jpeg.rf.55b4d42db710c9ac4610022281701ce5,coords-in-name,train,text__semantic__road__t0.3_c0.5,text,semantic,road,,positive,0.3,0.0,0.2199414975300726,0.16266292937151627,0.1599457153935634,0.16547406082289803,0.26681449377123034,0.14777755737304688,0.6560468673706055,2,0.7912188172340393,0.8872045874595642,False,0
finetuned/ft1/seg_head_best.pt,train_crosswalk_39752152N_104998833W_jpeg.rf.55b4d42db710c9ac4610022281701ce5,coords-in-name,train,text__semantic__road__t0.3_c0.5_fill25,text,semantic,road,,positive,0.3,25.0,0.22183916031285641,0.17162918225728255,0.17825989711473944,0.16547406082289803,0.2755034346669629,0.14904308319091797,0.6560468673706055,2,0.7912188172340393,0.8872045874595642,False,0
finetuned/ft1/seg_head_best.pt,train_crosswalk_39752152N_104998833W_jpeg.rf.55b4d42db710c9ac4610022281701ce5,coords-in-name,train,text__semantic__road__t0.4_c0.5,text,semantic,road,,positive,0.4,0.0,0.19822746172170366,0.16751612244210962,0.16622421890953645,0.16882826475849733,0.26864219323165184,0.131622314453125,0.6560468673706055,2,0.7912188172340393,0.8872045874595642,False,0
finetuned/ft1/seg_head_best.pt,train_crosswalk_39752152N_104998833W_jpeg.rf.55b4d42db710c9ac4610022281701ce5,coords-in-name,train,text__semantic__road__t0.4_c0.5_fill25,text,semantic,road,,positive,0.4,25.0,0.20002669246938706,0.16827251807198376,0.17238025771942622,0.16435599284436495,0.2744626673251705,0.13284969329833984,0.6560468673706055,2,0.7912188172340393,0.8872045874595642,False,0
finetuned/ft1/seg_head_best.pt,train_crosswalk_39752152N_104998833W_jpeg.rf.55b4d42db710c9ac4610022281701ce5,coords-in-name,train,text__semantic__road__t0.5_c0.5,text,semantic,road,,positive,0.5,0.0,0.18000287690758587,0.12966351711425422,0.12564766839378239,0.13394454382826476,0.2682690819289611,0.1184549331665039,0.6560468673706055,2,0.7912188172340393,0.8872045874595642,False,0
finetuned/ft1/seg_head_best.pt,train_crosswalk_39752152N_104998833W_jpeg.rf.55b4d42db710c9ac4610022281701ce5,coords-in-name,train,text__semantic__road__t0.5_c0.5_fill25,text,semantic,road,,positive,0.5,25.0,0.1813454337809976,0.13628819493625066,0.13871532116970758,0.13394454382826476,0.2768045714253734,0.11933612823486328,0.6560468673706055,2,0.7912188172340393,0.8872045874595642,False,0
finetuned/ft1/seg_head_best.pt,train_crosswalk_39752152N_104998833W_jpeg.rf.55b4d42db710c9ac4610022281701ce5,coords-in-name,train,text__semantic__road__neg-sidewalk+grass+building+tree__t0.3_c0.5,text,semantic,road,sidewalk+grass+building+tree,positive,0.3,0.0,0.21871889157507668,0.1654314527542221,0.16300257476728064,0.16793381037567084,0.26910633169784753,0.14489269256591797,0.6560468673706055,2,0.7912188172340393,0.8872045874595642,False,0
finetuned/ft1/seg_head_best.pt,train_crosswalk_39752152N_104998833W_jpeg.rf.55b4d42db710c9ac4610022281701ce5,coords-in-name,train,text__semantic__road__neg-sidewalk+grass+building+tree__t0.3_c0.5_fill25,text,semantic,road,sidewalk+grass+building+tree,positive,0.3,25.0,0.2206227634584297,0.17418915516458175,0.1809285389167046,0.16793381037567084,0.2822114733613704,0.14614391326904297,0.6560468673706055,2,0.7912188172340393,0.8872045874595642,False,0
finetuned/ft1/seg_head_best.pt,train_crosswalk_39752152N_104998833W_jpeg.rf.55b4d42db710c9ac4610022281701ce5,coords-in-name,train,text__semantic__road__neg-sidewalk+grass+building+tree__t0.4_c0.5,text,semantic,road,sidewalk+grass+building+tree,positive,0.4,0.0,0.19737554996811674,0.15112904677158112,0.14608879492600424,0.15652951699463327,0.26051262193284136,0.1300973892211914,0.6560468673706055,2,0.7912188172340393,0.8872045874595642,False,0
finetuned/ft1/seg_head_best.pt,train_crosswalk_39752152N_104998833W_jpeg.rf.55b4d42db710c9ac4610022281701ce5,coords-in-name,train,text__semantic__road__neg-sidewalk+grass+building+tree__t0.4_c0.5_fill25,text,semantic,road,sidewalk+grass+building+tree,positive,0.4,25.0,0.19915491198331323,0.16095215835844656,0.1656319841072759,0.15652951699463327,0.2721307262709643,0.13126564025878906,0.6560468673706055,2,0.7912188172340393,0.8872045874595642,False,0
finetuned/ft1/seg_head_best.pt,train_crosswalk_39752152N_104998833W_jpeg.rf.55b4d42db710c9ac4610022281701ce5,coords-in-name,train,text__semantic__road__neg-sidewalk+grass+building+tree__t0.5_c0.5,text,semantic,road,sidewalk+grass+building+tree,positive,0.5,0.0,0.17931997460184615,0.11827057593232618,0.11390212213079255,0.12298747763864043,0.26630894480383904,0.11800670623779297,0.6560468673706055,2,0.7912188172340393,0.8872045874595642,False,0
finetuned/ft1/seg_head_best.pt,train_crosswalk_39752152N_104998833W_jpeg.rf.55b4d42db710c9ac4610022281701ce5,coords-in-name,train,text__semantic__road__neg-sidewalk+grass+building+tree__t0.5_c0.5_fill25,text,semantic,road,sidewalk+grass+building+tree,positive,0.5,25.0,0.18066253147525788,0.12406263660112224,0.12515675946827187,0.12298747763864043,0.2747268857125253,0.11888790130615234,0.6560468673706055,2,0.7912188172340393,0.8872045874595642,False,0
finetuned/ft1/seg_head_best.pt,train_crosswalk_39752152N_104998833W_jpeg.rf.55b4d42db710c9ac4610022281701ce5,coords-in-name,train,text__fused__road__t0.3_c0.5,text,fused,road,,positive,0.3,0.0,0.2199414975300726,0.16266292937151627,0.1599457153935634,0.16547406082289803,0.26681449377123034,0.14777755737304688,0.6560468673706055,2,0.7912188172340393,0.8872045874595642,False,0
finetuned/ft1/seg_head_best.pt,train_crosswalk_39752152N_104998833W_jpeg.rf.55b4d42db710c9ac4610022281701ce5,coords-in-name,train,text__fused__road__t0.3_c0.5_fill25,text,fused,road,,positive,0.3,25.0,0.22183916031285641,0.17162918225728255,0.17825989711473944,0.16547406082289803,0.2755034346669629,0.14904308319091797,0.6560468673706055,2,0.7912188172340393,0.8872045874595642,False,0
finetuned/ft1/seg_head_best.pt,train_crosswalk_39752152N_104998833W_jpeg.rf.55b4d42db710c9ac4610022281701ce5,coords-in-name,train,text__fused__road__t0.4_c0.5,text,fused,road,,positive,0.4,0.0,0.19822746172170366,0.16751612244210962,0.16622421890953645,0.16882826475849733,0.26864219323165184,0.131622314453125,0.6560468673706055,2,0.7912188172340393,0.8872045874595642,False,0
finetuned/ft1/seg_head_best.pt,train_crosswalk_39752152N_104998833W_jpeg.rf.55b4d42db710c9ac4610022281701ce5,coords-in-name,train,text__fused__road__t0.4_c0.5_fill25,text,fused,road,,positive,0.4,25.0,0.20002669246938706,0.16827251807198376,0.17238025771942622,0.16435599284436495,0.2744626673251705,0.13284969329833984,0.6560468673706055,2,0.7912188172340393,0.8872045874595642,False,0
finetuned/ft1/seg_head_best.pt,train_crosswalk_39752152N_104998833W_jpeg.rf.55b4d42db710c9ac4610022281701ce5,coords-in-name,train,text__fused__road__t0.5_c0.5,text,fused,road,,positive,0.5,0.0,0.18000287690758587,0.12966351711425422,0.12564766839378239,0.13394454382826476,0.2682690819289611,0.1184549331665039,0.6560468673706055,2,0.7912188172340393,0.8872045874595642,False,0
finetuned/ft1/seg_head_best.pt,train_crosswalk_39752152N_104998833W_jpeg.rf.55b4d42db710c9ac4610022281701ce5,coords-in-name,train,text__fused__road__t0.5_c0.5_fill25,text,fused,road,,positive,0.5,25.0,0.1813454337809976,0.13628819493625066,0.13871532116970758,0.13394454382826476,0.2768045714253734,0.11933612823486328,0.6560468673706055,2,0.7912188172340393,0.8872045874595642,False,0
finetuned/ft1/seg_head_best.pt,train_crosswalk_39752152N_104998833W_jpeg.rf.55b4d42db710c9ac4610022281701ce5,coords-in-name,train,text__fused__road__neg-sidewalk+grass+building+tree__t0.3_c0.5,text,fused,road,sidewalk+grass+building+tree,positive,0.3,0.0,0.21871889157507668,0.1654314527542221,0.16300257476728064,0.16793381037567084,0.26910633169784753,0.14489269256591797,0.6560468673706055,2,0.7912188172340393,0.8872045874595642,False,0
finetuned/ft1/seg_head_best.pt,train_crosswalk_39752152N_104998833W_jpeg.rf.55b4d42db710c9ac4610022281701ce5,coords-in-name,train,text__fused__road__neg-sidewalk+grass+building+tree__t0.3_c0.5_fill25,text,fused,road,sidewalk+grass+building+tree,positive,0.3,25.0,0.2206227634584297,0.17418915516458175,0.1809285389167046,0.16793381037567084,0.2822114733613704,0.14614391326904297,0.6560468673706055,2,0.7912188172340393,0.8872045874595642,False,0
finetuned/ft1/seg_head_best.pt,train_crosswalk_39752152N_104998833W_jpeg.rf.55b4d42db710c9ac4610022281701ce5,coords-in-name,train,text__fused__road__neg-sidewalk+grass+building+tree__t0.4_c0.5,text,fused,road,sidewalk+grass+building+tree,positive,0.4,0.0,0.19737554996811674,0.15112904677158112,0.14608879492600424,0.15652951699463327,0.26051262193284136,0.1300973892211914,0.6560468673706055,2,0.7912188172340393,0.8872045874595642,False,0
finetuned/ft1/seg_head_best.pt,train_crosswalk_39752152N_104998833W_jpeg.rf.55b4d42db710c9ac4610022281701ce5,coords-in-name,train,text__fused__road__neg-sidewalk+grass+building+tree__t0.4_c0.5_fill25,text,fused,road,sidewalk+grass+building+tree,positive,0.4,25.0,0.19915491198331323,0.16095215835844656,0.1656319841072759,0.15652951699463327,0.2721307262709643,0.13126564025878906,0.6560468673706055,2,0.7912188172340393,0.8872045874595642,False,0
finetuned/ft1/seg_head_best.pt,train_crosswalk_39752152N_104998833W_jpeg.rf.55b4d42db710c9ac4610022281701ce5,coords-in-name,train,text__fused__road__neg-sidewalk+grass+building+tree__t0.5_c0.5,text,fused,road,sidewalk+grass+building+tree,positive,0.5,0.0,0.17931997460184615,0.11827057593232618,0.11390212213079255,0.12298747763864043,0.26630894480383904,0.11800670623779297,0.6560468673706055,2,0.7912188172340393,0.8872045874595642,False,0
finetuned/ft1/seg_head_best.pt,train_crosswalk_39752152N_104998833W_jpeg.rf.55b4d42db710c9ac4610022281701ce5,coords-in-name,train,text__fused__road__neg-sidewalk+grass+building+tree__t0.5_c0.5_fill25,text,fused,road,sidewalk+grass+building+tree,positive,0.5,25.0,0.18066253147525788,0.12406263660112224,0.12515675946827187,0.12298747763864043,0.2747268857125253,0.11888790130615234,0.6560468673706055,2,0.7912188172340393,0.8872045874595642,False,0
finetuned/ft1/seg_head_best.pt,train_crosswalk_42342842N_71085020W_jpeg.rf.90c77c820a3e0035f3c9f61ddd0cb540,coords-in-name,train,text__semantic__road__t0.3_c0.5,text,semantic,road,,positive,0.3,0.0,0.8626634210920945,0.5095375457563648,0.3721217468019409,0.8078619367209972,0.6822109677103035,0.5814924240112305,0.5912361145019531,2,0.6114867329597473,0.7648916244506836,False,0
finetuned/ft1/seg_head_best.pt,train_crosswalk_42342842N_71085020W_jpeg.rf.90c77c820a3e0035f3c9f61ddd0cb540,coords-in-name,train,text__semantic__road__t0.3_c0.5_fill25,text,semantic,road,,positive,0.3,25.0,0.8641533029055419,0.5317166878432694,0.4122704596115062,0.7486097794822627,0.6917309494305055,0.5858669281005859,0.5912361145019531,2,0.6114867329597473,0.7648916244506836,False,0
finetuned/ft1/seg_head_best.pt,train_crosswalk_42342842N_71085020W_jpeg.rf.90c77c820a3e0035f3c9f61ddd0cb540,coords-in-name,train,text__semantic__road__t0.4_c0.5,text,semantic,road,,positive,0.4,0.0,0.8391071387151395,0.4990159488718961,0.37937985984448497,0.7288590604026846,0.6145353192112701,0.5429906845092773,0.5912361145019531,2,0.6114867329597473,0.7648916244506836,False,0
finetuned/ft1/seg_head_best.pt,train_crosswalk_42342842N_71085020W_jpeg.rf.90c77c820a3e0035f3c9f61ddd0cb540,coords-in-name,train,text__semantic__road__t0.4_c0.5_fill25,text,semantic,road,,positive,0.4,25.0,0.8402267941933771,0.5138351645163699,0.4048964218455744,0.7029721955896453,0.6165581347753522,0.545659065246582,0.5912361145019531,2,0.6114867329597473,0.7648916244506836,False,0
finetuned/ft1/seg_head_best.pt,train_crosswalk_42342842N_71085020W_jpeg.rf.90c77c820a3e0035f3c9f61ddd0cb540,coords-in-name,train,text__semantic__road__t0.5_c0.5,text,semantic,road,,positive,0.5,0.0,0.8054420811543903,0.4236684575320216,0.3091673675357443,0.6728667305848514,0.5202458703702111,0.5101070404052734,0.5912361145019531,2,0.6114867329597473,0.7648916244506836,False,0
finetuned/ft1/seg_head_best.pt,train_crosswalk_42342842N_71085020W_jpeg.rf.90c77c820a3e0035f3c9f61ddd0cb540,coords-in-name,train,text__semantic__road__t0.5_c0.5_fill25,text,semantic,road,,positive,0.5,25.0,0.8109259461910048,0.4669250091055915,0.357504873294347,0.6728667305848514,0.5614377599411423,0.5134954452514648,0.5912361145019531,2,0.6114867329597473,0.7648916244506836,False,0
finetuned/ft1/seg_head_best.pt,train_crosswalk_42342842N_71085020W_jpeg.rf.90c77c820a3e0035f3c9f61ddd0cb540,coords-in-name,train,text__semantic__road__neg-sidewalk+grass+building+tree__t0.3_c0.5,text,semantic,road,sidewalk+grass+building+tree,positive,0.3,0.0,0.8037544913432512,0.42744927414647893,0.3213946418392552,0.637967401725791,0.499469777835732,0.5170764923095703,0.5912361145019531,2,0.6114867329597473,0.7648916244506836,False,0
finetuned/ft1/seg_head_best.pt,train_crosswalk_42342842N_71085020W_jpeg.rf.90c77c820a3e0035f3c9f61ddd0cb540,coords-in-name,train,text__semantic__road__neg-sidewalk+grass+building+tree__t0.3_c0.5_fill25,text,semantic,road,sidewalk+grass+building+tree,positive,0.3,25.0,0.8143636651447478,0.47880841881034036,0.3857412653446648,0.6310642377756471,0.5564407034653719,0.5237112045288086,0.5912361145019531,2,0.6114867329597473,0.7648916244506836,False,0
finetuned/ft1/seg_head_best.pt,train_crosswalk_42342842N_71085020W_jpeg.rf.90c77c820a3e0035f3c9f61ddd0cb540,coords-in-name,train,text__semantic__road__neg-sidewalk+grass+building+tree__t0.4_c0.5,text,semantic,road,sidewalk+grass+building+tree,positive,0.4,0.0,0.7952423198718979,0.4061505304421053,0.298831237825394,0.6337488015340365,0.4766870070476694,0.5068264007568359,0.5912361145019531,2,0.6114867329597473,0.7648916244506836,False,0
finetuned/ft1/seg_head_best.pt,train_crosswalk_42342842N_71085020W_jpeg.rf.90c77c820a3e0035f3c9f61ddd0cb540,coords-in-name,train,text__semantic__road__neg-sidewalk+grass+building+tree__t0.4_c0.5_fill25,text,semantic,road,sidewalk+grass+building+tree,positive,0.4,25.0,0.8054714468805643,0.4620206912543079,0.36351763169351325,0.6337488015340365,0.5293988569362956,0.5130882263183594,0.5912361145019531,2,0.6114867329597473,0.7648916244506836,False,0
finetuned/ft1/seg_head_best.pt,train_crosswalk_42342842N_71085020W_jpeg.rf.90c77c820a3e0035f3c9f61ddd0cb540,coords-in-name,train,text__semantic__road__neg-sidewalk+grass+building+tree__t0.5_c0.5,text,semantic,road,sidewalk+grass+building+tree,positive,0.5,0.0,0.7739921389660296,0.3654466505267121,0.26277372262773724,0.5998082454458293,0.44041656160679243,0.48828125,0.5912361145019531,2,0.6114867329597473,0.7648916244506836,False,0
finetuned/ft1/seg_head_best.pt,train_crosswalk_42342842N_71085020W_jpeg.rf.90c77c820a3e0035f3c9f61ddd0cb540,coords-in-name,train,text__semantic__road__neg-sidewalk+grass+building+tree__t0.5_c0.5_fill25,text,semantic,road,sidewalk+grass+building+tree,positive,0.5,25.0,0.7817990343342595,0.4085851710487689,0.30981422405704634,0.5998082454458293,0.48058939604491113,0.4930744171142578,0.5912361145019531,2,0.6114867329597473,0.7648916244506836,False,0
finetuned/ft1/seg_head_best.pt,train_crosswalk_42342842N_71085020W_jpeg.rf.90c77c820a3e0035f3c9f61ddd0cb540,coords-in-name,train,text__fused__road__t0.3_c0.5,text,fused,road,,positive,0.3,0.0,0.8626634210920945,0.5095375457563648,0.3721217468019409,0.8078619367209972,0.6822109677103035,0.5814924240112305,0.5912361145019531,2,0.6114867329597473,0.7648916244506836,False,0
finetuned/ft1/seg_head_best.pt,train_crosswalk_42342842N_71085020W_jpeg.rf.90c77c820a3e0035f3c9f61ddd0cb540,coords-in-name,train,text__fused__road__t0.3_c0.5_fill25,text,fused,road,,positive,0.3,25.0,0.8641533029055419,0.5317166878432694,0.4122704596115062,0.7486097794822627,0.6917309494305055,0.5858669281005859,0.5912361145019531,2,0.6114867329597473,0.7648916244506836,False,0
finetuned/ft1/seg_head_best.pt,train_crosswalk_42342842N_71085020W_jpeg.rf.90c77c820a3e0035f3c9f61ddd0cb540,coords-in-name,train,text__fused__road__t0.4_c0.5,text,fused,road,,positive,0.4,0.0,0.8391071387151395,0.4990159488718961,0.37937985984448497,0.7288590604026846,0.6145353192112701,0.5429906845092773,0.5912361145019531,2,0.6114867329597473,0.7648916244506836,False,0
finetuned/ft1/seg_head_best.pt,train_crosswalk_42342842N_71085020W_jpeg.rf.90c77c820a3e0035f3c9f61ddd0cb540,coords-in-name,train,text__fused__road__t0.4_c0.5_fill25,text,fused,road,,positive,0.4,25.0,0.8402267941933771,0.5138351645163699,0.4048964218455744,0.7029721955896453,0.6165581347753522,0.545659065246582,0.5912361145019531,2,0.6114867329597473,0.7648916244506836,False,0
finetuned/ft1/seg_head_best.pt,train_crosswalk_42342842N_71085020W_jpeg.rf.90c77c820a3e0035f3c9f61ddd0cb540,coords-in-name,train,text__fused__road__t0.5_c0.5,text,fused,road,,positive,0.5,0.0,0.8054420811543903,0.4236684575320216,0.3091673675357443,0.6728667305848514,0.5202458703702111,0.5101070404052734,0.5912361145019531,2,0.6114867329597473,0.7648916244506836,False,0
finetuned/ft1/seg_head_best.pt,train_crosswalk_42342842N_71085020W_jpeg.rf.90c77c820a3e0035f3c9f61ddd0cb540,coords-in-name,train,text__fused__road__t0.5_c0.5_fill25,text,fused,road,,positive,0.5,25.0,0.8109259461910048,0.4669250091055915,0.357504873294347,0.6728667305848514,0.5614377599411423,0.5134954452514648,0.5912361145019531,2,0.6114867329597473,0.7648916244506836,False,0
finetuned/ft1/seg_head_best.pt,train_crosswalk_42342842N_71085020W_jpeg.rf.90c77c820a3e0035f3c9f61ddd0cb540,coords-in-name,train,text__fused__road__neg-sidewalk+grass+building+tree__t0.3_c0.5,text,fused,road,sidewalk+grass+building+tree,positive,0.3,0.0,0.8037594813523703,0.42744927414647893,0.3213946418392552,0.637967401725791,0.499469777835732,0.5170726776123047,0.5912361145019531,2,0.6114867329597473,0.7648916244506836,False,0
finetuned/ft1/seg_head_best.pt,train_crosswalk_42342842N_71085020W_jpeg.rf.90c77c820a3e0035f3c9f61ddd0cb540,coords-in-name,train,text__fused__road__neg-sidewalk+grass+building+tree__t0.3_c0.5_fill25,text,fused,road,sidewalk+grass+building+tree,positive,0.3,25.0,0.814368720493887,0.47880841881034036,0.3857412653446648,0.6310642377756471,0.5564407034653719,0.523707389831543,0.5912361145019531,2,0.6114867329597473,0.7648916244506836,False,0
finetuned/ft1/seg_head_best.pt,train_crosswalk_42342842N_71085020W_jpeg.rf.90c77c820a3e0035f3c9f61ddd0cb540,coords-in-name,train,text__fused__road__neg-sidewalk+grass+building+tree__t0.4_c0.5,text,fused,road,sidewalk+grass+building+tree,positive,0.4,0.0,0.7952460396657104,0.4061505304421053,0.298831237825394,0.6337488015340365,0.4766870070476694,0.5068235397338867,0.5912361145019531,2,0.6114867329597473,0.7648916244506836,False,0
finetuned/ft1/seg_head_best.pt,train_crosswalk_42342842N_71085020W_jpeg.rf.90c77c820a3e0035f3c9f61ddd0cb540,coords-in-name,train,text__fused__road__neg-sidewalk+grass+building+tree__t0.4_c0.5_fill25,text,fused,road,sidewalk+grass+building+tree,positive,0.4,25.0,0.8054752145041107,0.4620206912543079,0.36351763169351325,0.6337488015340365,0.5293988569362956,0.5130853652954102,0.5912361145019531,2,0.6114867329597473,0.7648916244506836,False,0
finetuned/ft1/seg_head_best.pt,train_crosswalk_42342842N_71085020W_jpeg.rf.90c77c820a3e0035f3c9f61ddd0cb540,coords-in-name,train,text__fused__road__neg-sidewalk+grass+building+tree__t0.5_c0.5,text,fused,road,sidewalk+grass+building+tree,positive,0.5,0.0,0.7739921389660296,0.3654466505267121,0.26277372262773724,0.5998082454458293,0.44041656160679243,0.48828125,0.5912361145019531,2,0.6114867329597473,0.7648916244506836,False,0
finetuned/ft1/seg_head_best.pt,train_crosswalk_42342842N_71085020W_jpeg.rf.90c77c820a3e0035f3c9f61ddd0cb540,coords-in-name,train,text__fused__road__neg-sidewalk+grass+building+tree__t0.5_c0.5_fill25,text,fused,road,sidewalk+grass+building+tree,positive,0.5,25.0,0.7817990343342595,0.4085851710487689,0.30981422405704634,0.5998082454458293,0.48058939604491113,0.4930744171142578,0.5912361145019531,2,0.6114867329597473,0.7648916244506836,False,0
